ISO-10303-21;
HEADER;
FILE_DESCRIPTION (( 'STEP AP214' ),
    '1' );
FILE_NAME ('Concept 01 Sink-one.STEP',
    '2024-12-19T15:04:35',
    ( '' ),
    ( '' ),
    'SwSTEP 2.0',
    'SolidWorks 2024',
    '' );
FILE_SCHEMA (( 'AUTOMOTIVE_DESIGN' ));
ENDSEC;

DATA;
#1 = CARTESIAN_POINT ( 'NONE',  ( 211.5787699898118888, -189.9671495070813592, 0.01341782894843462047 ) ) ;
#2 = CARTESIAN_POINT ( 'NONE',  ( 137.5957609827329691, -121.1512555508268036, 31.69808332036320309 ) ) ;
#3 = CARTESIAN_POINT ( 'NONE',  ( -215.8999999999999488, -190.5000000000000000, -0.001363282940074982651 ) ) ;
#4 = CARTESIAN_POINT ( 'NONE',  ( 215.8999999999999204, -200.5000000000000284, 70.00000000000000000 ) ) ;
#5 = FACE_BOUND ( 'NONE', #1188, .T. ) ;
#6 = CARTESIAN_POINT ( 'NONE',  ( -212.4253328625963491, 189.6165047184798027, 6.062116545664508331E-05 ) ) ;
#7 = CARTESIAN_POINT ( 'NONE',  ( 208.8973584255627145, -190.4936780467365338, 0.3282677415199914961 ) ) ;
#8 = FACE_OUTER_BOUND ( 'NONE', #7031, .T. ) ;
#9 = CARTESIAN_POINT ( 'NONE',  ( 209.1490570352264058, -188.0827794482033255, 6.036591461155528471 ) ) ;
#10 = CARTESIAN_POINT ( 'NONE',  ( -92.38068668841522424, 81.13641686045437496, 39.77164897587173442 ) ) ;
#11 = VERTEX_POINT ( 'NONE', #5154 ) ;
#12 = CARTESIAN_POINT ( 'NONE',  ( -211.2618400358008159, 183.1205687009446592, 7.973921310709338961 ) ) ;
#13 = CARTESIAN_POINT ( 'NONE',  ( -215.8463761278749189, 183.4993976450544153, 0.9103690214068160813 ) ) ;
#14 = CARTESIAN_POINT ( 'NONE',  ( 217.6835644225895692, -184.0795407895734570, 0.000000000000000000 ) ) ;
#15 = CARTESIAN_POINT ( 'NONE',  ( -43.38353691081180585, 2.637353473984076935, 48.67075133711591661 ) ) ;
#16 = CARTESIAN_POINT ( 'NONE',  ( 76.69205415967697093, -68.48388154995313926, 42.14130907075740851 ) ) ;
#17 = CARTESIAN_POINT ( 'NONE',  ( 206.7805566718234331, -184.5526913521468373, 9.421073246753412178 ) ) ;
#18 = CARTESIAN_POINT ( 'NONE',  ( -32.78265962694513291, 29.15505980491357008, 48.99405119645791729 ) ) ;
#19 = ORIENTED_EDGE ( 'NONE', *, *, #1000, .F. ) ;
#20 = CARTESIAN_POINT ( 'NONE',  ( -200.1966825297157015, 175.5792475172877403, 14.44492916678010808 ) ) ;
#21 = CARTESIAN_POINT ( 'NONE',  ( -215.2204482754920889, 183.4539745429374591, 3.134216121506416375 ) ) ;
#22 = CARTESIAN_POINT ( 'NONE',  ( -216.0720685486027435, 183.4968063905735676, -1.713039432527097006E-14 ) ) ;
#23 = LINE ( 'NONE', #6745, #1354 ) ;
#24 = CARTESIAN_POINT ( 'NONE',  ( -211.6797578109813287, 191.8424596482072673, 0.000000000000000000 ) ) ;
#25 = CARTESIAN_POINT ( 'NONE',  ( 215.0165047184797800, -187.0253328625962581, -0.1825041619732894471 ) ) ;
#26 = CARTESIAN_POINT ( 'NONE',  ( 196.3622405401741844, -172.2935506680321680, 16.09722069419567703 ) ) ;
#27 = DIRECTION ( 'NONE',  ( 1.000000000000000000, 0.000000000000000000, 0.000000000000000000 ) ) ;
#28 = CARTESIAN_POINT ( 'NONE',  ( -178.1992122066989168, 158.6466006279183603, 21.75639619107461797 ) ) ;
#29 = CARTESIAN_POINT ( 'NONE',  ( -212.4232704185989178, 186.4066898316599463, 5.783215231075664597 ) ) ;
#30 = CARTESIAN_POINT ( 'NONE',  ( -16.94941745254614318, 30.62833714840832755, 58.40939287571123373 ) ) ;
#31 = CARTESIAN_POINT ( 'NONE',  ( -207.9488015527640812, -179.5759313769194137, 10.52354840213009979 ) ) ;
#32 = LINE ( 'NONE', #4886, #7788 ) ;
#33 = CARTESIAN_POINT ( 'NONE',  ( 215.3574842385866077, 190.1771388523495148, 2.936161196592116163 ) ) ;
#34 = CARTESIAN_POINT ( 'NONE',  ( 213.2017650060697918, -189.0976442940994104, 0.02954716694682201633 ) ) ;
#35 = CARTESIAN_POINT ( 'NONE',  ( 144.8780047562561890, -128.0936925504768169, 30.10742467731516570 ) ) ;
#36 = CARTESIAN_POINT ( 'NONE',  ( -215.8999999999999773, -183.4999999999999432, -0.009913571428837491054 ) ) ;
#37 = CARTESIAN_POINT ( 'NONE',  ( -206.8515568222930199, -187.0050205655079765, 7.392118869131074632 ) ) ;
#38 = ORIENTED_EDGE ( 'NONE', *, *, #7368, .T. ) ;
#39 =( BOUNDED_SURFACE ( )  B_SPLINE_SURFACE ( 3, 2, ( 
 ( #1483, #3967, #3367 ),
 ( #5771, #847, #1598 ),
 ( #218, #3890, #5696 ),
 ( #4008, #3213, #2617 ),
 ( #5036, #7433, #2031 ),
 ( #4449, #6833, #1444 ),
 ( #5661, #2657, #5072 ),
 ( #7471, #2692, #2069 ),
 ( #5108, #2104, #4092 ),
 ( #2811, #570, #1723 ),
 ( #4764, #2897, #7119 ),
 ( #5973, #4134, #448 ),
 ( #1166, #5267, #7157 ),
 ( #532, #5812, #7192 ),
 ( #492, #2224, #6439 ),
 ( #7080, #7784, #4050 ),
 ( #2382, #5935, #4175 ),
 ( #5895, #3533, #7039 ),
 ( #5383, #4802, #2852 ),
 ( #1794, #3446, #6401 ),
 ( #1640, #6522, #1006 ),
 ( #1128, #4648, #2971 ),
 ( #5310, #7623, #6563 ),
 ( #4687, #7707, #3571 ) ),
 .UNSPECIFIED., .F., .F., .F. ) 
 B_SPLINE_SURFACE_WITH_KNOTS ( ( 4, 2, 2, 2, 2, 2, 2, 2, 2, 2, 2, 4 ),
 ( 3, 3 ),
 ( 0.000000000000000000, 0.001722944703901705711, 0.002584417055852558567, 0.003445889407803411422, 0.005168834111705117133, 0.006891778815606822844, 0.008614723519508527688, 0.009476195871459380110, 0.01033766822341023427, 0.01119914057536108842, 0.01206061292731194085, 0.01378355763121364569 ),
 ( 0.000000000000000000, 1.000000000000000000 ),
 .UNSPECIFIED. ) 
 GEOMETRIC_REPRESENTATION_ITEM ( )  RATIONAL_B_SPLINE_SURFACE ( (
 ( 1.000000000000000000, 0.7740937801083321856, 1.000000000000000000),
 ( 1.000000000000000000, 0.7750129416131767979, 1.000000000000000000),
 ( 1.000000000000000000, 0.7756677520742004672, 1.000000000000000000),
 ( 1.000000000000000000, 0.7764566544196047637, 1.000000000000000000),
 ( 1.000000000000000000, 0.7766861300717576855, 1.000000000000000000),
 ( 1.000000000000000000, 0.7770961378823687538, 1.000000000000000000),
 ( 1.000000000000000000, 0.7772769078640611173, 1.000000000000000000),
 ( 1.000000000000000000, 0.7777540902240808185, 1.000000000000000000),
 ( 1.000000000000000000, 0.7779915801254708718, 1.000000000000000000),
 ( 1.000000000000000000, 0.7783755195437598307, 1.000000000000000000),
 ( 1.000000000000000000, 0.7785210950783221229, 1.000000000000000000),
 ( 1.000000000000000000, 0.7787429019966061183, 1.000000000000000000),
 ( 1.000000000000000000, 0.7788210649307482081, 1.000000000000000000),
 ( 1.000000000000000000, 0.7789022918232290094, 1.000000000000000000),
 ( 1.000000000000000000, 0.7789231205998295993, 1.000000000000000000),
 ( 1.000000000000000000, 0.7789524780638995560, 1.000000000000000000),
 ( 1.000000000000000000, 0.7789611813712589150, 1.000000000000000000),
 ( 1.000000000000000000, 0.7789669869710060812, 1.000000000000000000),
 ( 1.000000000000000000, 0.7789640943607997192, 1.000000000000000000),
 ( 1.000000000000000000, 0.7789458195538573326, 1.000000000000000000),
 ( 1.000000000000000000, 0.7789303526326669669, 1.000000000000000000),
 ( 1.000000000000000000, 0.7788622844191104289, 1.000000000000000000),
 ( 1.000000000000000000, 0.7787893994442814938, 1.000000000000000000),
 ( 1.000000000000000000, 0.7786718508976221420, 1.000000000000000000) ) ) 
 REPRESENTATION_ITEM ( '' )  SURFACE ( )  );
#40 = CARTESIAN_POINT ( 'NONE',  ( 198.5097455707059169, 172.2472951585483258, 15.38291307559909882 ) ) ;
#41 = CARTESIAN_POINT ( 'NONE',  ( -212.4253328625963491, 189.6165047184798027, -9.771776180651828541E-05 ) ) ;
#42 = CARTESIAN_POINT ( 'NONE',  ( 209.8112330595625110, -190.4956915821491350, 0.2778334843686587341 ) ) ;
#43 = CARTESIAN_POINT ( 'NONE',  ( -212.0958971052361335, -182.2461156856217599, 7.328344146717588714 ) ) ;
#44 = CARTESIAN_POINT ( 'NONE',  ( 208.5784106093293815, -188.3943500098676509, 5.765172393294428765 ) ) ;
#45 = ADVANCED_FACE ( 'NONE', ( #6406 ), #371, .T. ) ;
#46 = CARTESIAN_POINT ( 'NONE',  ( -100.2314935276411632, 87.44768702502277335, 38.48842170529475482 ) ) ;
#47 = ORIENTED_EDGE ( 'NONE', *, *, #6207, .T. ) ;
#48 = CARTESIAN_POINT ( 'NONE',  ( -210.3423364866677048, 183.2087681527542884, 8.557463240109848712 ) ) ;
#49 = EDGE_CURVE ( 'NONE', #432, #5921, #4500, .T. ) ;
#50 = CARTESIAN_POINT ( 'NONE',  ( -32.86089631533182143, -29.07146715741892962, 48.99739629575114463 ) ) ;
#51 = CARTESIAN_POINT ( 'NONE',  ( -215.8979685327150548, 183.4999782912496755, 0.1724510548397351628 ) ) ;
#52 = CARTESIAN_POINT ( 'NONE',  ( 114.8479846353080802, 101.3378053852001273, 35.97971916289489513 ) ) ;
#53 = CARTESIAN_POINT ( 'NONE',  ( 215.8999999999999204, 200.5000000000000568, 2.000000000000001776 ) ) ;
#54 = CARTESIAN_POINT ( 'NONE',  ( 62.40731575079016125, -54.25136791237770240, 44.55080472834560368 ) ) ;
#55 = CARTESIAN_POINT ( 'NONE',  ( 205.3771568214059187, -183.1563386818299648, 10.50470198835527214 ) ) ;
#56 = CARTESIAN_POINT ( 'NONE',  ( -32.86089634026928508, 29.07146713040685881, 48.99739629609583602 ) ) ;
#57 = CARTESIAN_POINT ( 'NONE',  ( -204.1198856142965212, 176.7109951660141860, 12.72683855613858306 ) ) ;
#58 = CARTESIAN_POINT ( 'NONE',  ( 4.341282083348430021, -34.73544705900096830, 50.00414032572152223 ) ) ;
#59 = CARTESIAN_POINT ( 'NONE',  ( -212.8379099063029685, 188.8771838523738040, 2.393280015318842935 ) ) ;
#60 = DIRECTION ( 'NONE',  ( 0.000000000000000000, 0.000000000000000000, 1.000000000000000000 ) ) ;
#61 = CARTESIAN_POINT ( 'NONE',  ( -33.96585066418850118, 29.51814676869207688, 58.93158553443242198 ) ) ;
#62 = CARTESIAN_POINT ( 'NONE',  ( 69.99074033043481791, -190.7239199649089585, -2.090593839074556337E-10 ) ) ;
#63 = CARTESIAN_POINT ( 'NONE',  ( 214.4976678967872203, -187.8018270398243601, -0.2635736927339806246 ) ) ;
#64 = CARTESIAN_POINT ( 'NONE',  ( 198.2096280451506516, -171.9942148508591799, 15.49004593992059320 ) ) ;
#65 = CARTESIAN_POINT ( 'NONE',  ( -201.1909812746253579, 180.8448076016736934, 12.18356871546343001 ) ) ;
#66 = CARTESIAN_POINT ( 'NONE',  ( -181.1759744376675485, 159.1145875383735984, 21.34837876416524338 ) ) ;
#67 = CARTESIAN_POINT ( 'NONE',  ( -213.8858374065922874, 183.8381426395271490, 5.369472920717655917 ) ) ;
#68 = CARTESIAN_POINT ( 'NONE',  ( 1.245257156463742021, 34.99988395808978225, 50.00106350610776929 ) ) ;
#69 = CARTESIAN_POINT ( 'NONE',  ( 34.06914510666354801, -8.282997321438386962, 58.60231687948893864 ) ) ;
#70 = DIRECTION ( 'NONE',  ( 0.000000000000000000, 0.000000000000000000, 1.000000000000000000 ) ) ;
#71 = CARTESIAN_POINT ( 'NONE',  ( 215.4380697541784002, 183.4792242510182234, 2.585895361447372309 ) ) ;
#72 = CARTESIAN_POINT ( 'NONE',  ( 215.3670312991912112, -186.1787620363986946, 0.04262752189874205455 ) ) ;
#73 = CARTESIAN_POINT ( 'NONE',  ( 163.3952801248551907, -145.0802169574535867, 25.83768789508003039 ) ) ;
#74 = CARTESIAN_POINT ( 'NONE',  ( -215.9000000000000909, -190.4999999999995737, -0.02004724667471068436 ) ) ;
#75 = CARTESIAN_POINT ( 'NONE',  ( -215.8999999999999204, -190.5000000000000284, 2.000000000000001776 ) ) ;
#76 = EDGE_LOOP ( 'NONE', ( #1941, #7478, #7326, #4225 ) ) ;
#77 = CYLINDRICAL_SURFACE ( 'NONE', #6129, 10.00000000000000888 ) ;
#78 = CARTESIAN_POINT ( 'NONE',  ( -215.8999946842620261, 184.4162974797988568, 0.008830411394032160882 ) ) ;
#79 = CARTESIAN_POINT ( 'NONE',  ( 210.6997037733623870, -190.2961968252130589, 0.6706554355843548088 ) ) ;
#80 = CARTESIAN_POINT ( 'NONE',  ( -201.1427801740857149, -174.3657933544298260, 14.19158059925292648 ) ) ;
#81 = CARTESIAN_POINT ( 'NONE',  ( 212.8582123811746669, -184.9229202108846266, 6.118055523043055999 ) ) ;
#82 = CARTESIAN_POINT ( 'NONE',  ( -144.7443954751453816, 128.2410366697941981, 30.08939429209830507 ) ) ;
#83 = CARTESIAN_POINT ( 'NONE',  ( -210.5789678436073302, 184.1263874749428453, 8.159403267020740813 ) ) ;
#84 = EDGE_CURVE ( 'NONE', #7629, #187, #2464, .T. ) ;
#85 = CARTESIAN_POINT ( 'NONE',  ( -14.77368847585673350, -31.73498871445295322, 58.30257628340644516 ) ) ;
#86 = CARTESIAN_POINT ( 'NONE',  ( -213.8484939922550723, 188.4493476162198817, 0.1339222420585396700 ) ) ;
#87 = CARTESIAN_POINT ( 'NONE',  ( 205.1262972914069280, 177.4860232700771405, 12.19184409854092443 ) ) ;
#88 = CARTESIAN_POINT ( 'NONE',  ( 197.7730272585270086, -177.4926374990978388, 14.08609013759345174 ) ) ;
#89 = CARTESIAN_POINT ( 'NONE',  ( 69.32747865354576788, -61.62230903683605732, 43.36804636454670714 ) ) ;
#90 = CARTESIAN_POINT ( 'NONE',  ( 208.7480409477047942, -181.3556715792773559, 9.905388710320211842 ) ) ;
#91 = CARTESIAN_POINT ( 'NONE',  ( -24.57135065364674986, -35.83657414353203308, 48.67987100428206304 ) ) ;
#92 = CARTESIAN_POINT ( 'NONE',  ( -208.8445242774669737, -192.2983899599431368, 0.000000000000000000 ) ) ;
#93 = AXIS2_PLACEMENT_3D ( 'NONE', #4705, #5437, #586 ) ;
#94 = CARTESIAN_POINT ( 'NONE',  ( -200.9219215581106823, 174.6715521329604996, 14.29248170632477688 ) ) ;
#95 = CARTESIAN_POINT ( 'NONE',  ( 12.22376709911418757, -32.88816606395523223, 50.02091559242620633 ) ) ;
#96 = CARTESIAN_POINT ( 'NONE',  ( -214.2462348703531063, 187.7089052777194524, 1.926662700534445216 ) ) ;
#97 = AXIS2_PLACEMENT_3D ( 'NONE', #6430, #2762, #1077 ) ;
#98 = CARTESIAN_POINT ( 'NONE',  ( 215.7340580876348781, 5.165593896893902581, 1.589629993104926031 ) ) ;
#99 = LINE ( 'NONE', #7382, #2478 ) ;
#100 = ORIENTED_EDGE ( 'NONE', *, *, #4444, .F. ) ;
#101 = CARTESIAN_POINT ( 'NONE',  ( -216.7725988629512983, 187.4049003170881917, 0.000000000000000000 ) ) ;
#102 = CARTESIAN_POINT ( 'NONE',  ( 215.8999999999999488, -183.5000000000000000, -0.3446432234946718021 ) ) ;
#103 = CARTESIAN_POINT ( 'NONE',  ( 197.7812593442683351, -174.4919214458483054, 15.29009246337496819 ) ) ;
#104 = CARTESIAN_POINT ( 'NONE',  ( -131.6431058232996918, 117.6053457109995435, 32.53870667678749129 ) ) ;
#105 = CARTESIAN_POINT ( 'NONE',  ( -177.8329399874427850, 159.0185837516016250, 21.62437770367273160 ) ) ;
#106 = AXIS2_PLACEMENT_3D ( 'NONE', #4841, #2976, #7787 ) ;
#107 = CARTESIAN_POINT ( 'NONE',  ( -213.3018467917631256, 186.0896909041547644, 5.155922708647345587 ) ) ;
#108 = CARTESIAN_POINT ( 'NONE',  ( 29.56566753616024812, 18.76042306429158657, 58.82043503693927278 ) ) ;
#109 = CARTESIAN_POINT ( 'NONE',  ( -202.2962695642672486, -175.2837275849319383, 13.64472878177181769 ) ) ;
#110 = CARTESIAN_POINT ( 'NONE',  ( -210.7322351905150128, 190.3178087366781881, -1.398547123386250313 ) ) ;
#111 = CARTESIAN_POINT ( 'NONE',  ( 215.8999266563899369, 183.4999991789607350, 0.03355464870498738733 ) ) ;
#112 = AXIS2_PLACEMENT_3D ( 'NONE', #4585, #6897, #2204 ) ;
#113 = CARTESIAN_POINT ( 'NONE',  ( 213.8497060411907000, -188.4497340712384528, 0.02479714082198017366 ) ) ;
#114 = CARTESIAN_POINT ( 'NONE',  ( 166.8223605735648505, -148.7633499799933361, 24.79631674171948674 ) ) ;
#115 = CARTESIAN_POINT ( 'NONE',  ( -215.8999999999999488, -190.5000000000000000, -0.002313314994376654710 ) ) ;
#116 = FACE_BOUND ( 'NONE', #1962, .T. ) ;
#117 = ORIENTED_EDGE ( 'NONE', *, *, #6383, .F. ) ;
#118 = CARTESIAN_POINT ( 'NONE',  ( 126.9064429380833161, -36.71619411726631910, 35.74265220146897093 ) ) ;
#119 = CARTESIAN_POINT ( 'NONE',  ( -212.4253323028047191, 189.6165044675995546, 0.003932363698996151243 ) ) ;
#120 = CARTESIAN_POINT ( 'NONE',  ( 213.7485788001324636, -188.4135515618030468, 1.190219232553149986 ) ) ;
#121 = CARTESIAN_POINT ( 'NONE',  ( -187.0925040913226667, -167.4720703403736479, 18.60015967351643340 ) ) ;
#122 = CARTESIAN_POINT ( 'NONE',  ( -215.0320255737422599, -186.5395287041825156, 1.572894945344569972 ) ) ;
#123 = CARTESIAN_POINT ( 'NONE',  ( 211.5676678066449483, -186.6429374256331073, 6.194129320704044872 ) ) ;
#124 = CARTESIAN_POINT ( 'NONE',  ( -122.8362581186446221, 107.4622579465743399, 34.52754390180587762 ) ) ;
#125 = CARTESIAN_POINT ( 'NONE',  ( -209.9100250539823662, 184.3786116278478460, 8.439225898604332698 ) ) ;
#126 = CARTESIAN_POINT ( 'NONE',  ( -215.8999999999999204, 190.5000000000000853, 2.000000000000001776 ) ) ;
#127 = CARTESIAN_POINT ( 'NONE',  ( -213.1947303419294144, 189.0950384940748847, 0.3071182426440541846 ) ) ;
#128 = CARTESIAN_POINT ( 'NONE',  ( 151.7045688452819263, 135.5149577933036369, 28.34213115694408103 ) ) ;
#129 = CARTESIAN_POINT ( 'NONE',  ( 195.1508531662671260, -174.9795543153010442, 15.37036845399210350 ) ) ;
#130 = CARTESIAN_POINT ( 'NONE',  ( 69.55220414652526983, -61.36986831242829510, 43.38710813555924517 ) ) ;
#131 = CARTESIAN_POINT ( 'NONE',  ( 208.4454009204147837, -183.8884025835837974, 9.293792226646344190 ) ) ;
#132 = CARTESIAN_POINT ( 'NONE',  ( -46.81865046691273591, 41.50134305184632666, 46.86830567947614412 ) ) ;
#133 = CARTESIAN_POINT ( 'NONE',  ( -200.7297101925674951, 178.7263835970393018, 13.33152736854632359 ) ) ;
#134 = CARTESIAN_POINT ( 'NONE',  ( -211.4235561488391113, 189.8559639171272693, 1.550189299593048631 ) ) ;
#135 = LINE ( 'NONE', #4438, #1810 ) ;
#136 = PLANE ( 'NONE',  #7641 ) ;
#137 = CARTESIAN_POINT ( 'NONE',  ( 0.000000000000000000, 0.000000000000000000, 70.00000000000000000 ) ) ;
#138 = CARTESIAN_POINT ( 'NONE',  ( 215.3671567275789869, -186.1787840265556326, -0.7499908772981371818 ) ) ;
#139 = CARTESIAN_POINT ( 'NONE',  ( 194.4525552832377286, -170.6507532746651918, 16.87653353055423722 ) ) ;
#140 = CARTESIAN_POINT ( 'NONE',  ( 0.000000000000000000, 0.000000000000000000, 85.00000000000000000 ) ) ;
#141 = CARTESIAN_POINT ( 'NONE',  ( -182.8832502770205792, 160.9790557037810572, 20.77770023469792804 ) ) ;
#142 = EDGE_CURVE ( 'NONE', #7072, #5095, #2357, .T. ) ;
#143 = PRODUCT ( 'Concept 01 Sink-one', 'Concept 01 Sink-one', '', ( #2413 ) ) ;
#144 = CARTESIAN_POINT ( 'NONE',  ( -212.8400511549946543, 186.7303936906370438, 5.172723231279219291 ) ) ;
#145 = EDGE_CURVE ( 'NONE', #2172, #509, #6415, .T. ) ;
#146 = CARTESIAN_POINT ( 'NONE',  ( 209.8013033264585943, -180.8447987262639458, 9.234741246328589170 ) ) ;
#147 = CARTESIAN_POINT ( 'NONE',  ( -215.2338922915974422, -183.4574704826157188, 3.112794624503529839 ) ) ;
#148 = CARTESIAN_POINT ( 'NONE',  ( -212.4253328625963206, 189.6165047184798027, -1.398547123386250313 ) ) ;
#149 = CARTESIAN_POINT ( 'NONE',  ( 215.8999999999998636, 183.5000000000000284, -0.02004724667629807083 ) ) ;
#150 = CARTESIAN_POINT ( 'NONE',  ( 215.8999999999999773, -184.4162978572969962, 6.062116553582942984E-05 ) ) ;
#151 = CARTESIAN_POINT ( 'NONE',  ( 164.6145517169040318, -143.7066558739979882, 25.87317210035353909 ) ) ;
#152 = DIRECTION ( 'NONE',  ( 1.000000000000000000, 0.000000000000000000, 0.000000000000000000 ) ) ;
#153 = EDGE_LOOP ( 'NONE', ( #4550, #3587, #968, #950 ) ) ;
#154 = B_SPLINE_CURVE_WITH_KNOTS ( 'NONE', 3,
 ( #7536, #2169, #2716, #1430 ),
 .UNSPECIFIED., .F., .F.,
 ( 4, 4 ),
 ( 0.000000000000000000, 0.0006486110783633690716 ),
 .UNSPECIFIED. ) ;
#155 = DIRECTION ( 'NONE',  ( 0.000000000000000000, 0.000000000000000000, -1.000000000000000000 ) ) ;
#156 = CARTESIAN_POINT ( 'NONE',  ( -208.8999997615433699, 190.4999994242784851, 0.003033951965054930942 ) ) ;
#157 = CARTESIAN_POINT ( 'NONE',  ( 215.8915618955242053, -183.4999124607748513, 0.3513003195401831480 ) ) ;
#158 = CARTESIAN_POINT ( 'NONE',  ( -195.3329482233412762, -175.1597802609739176, 15.26352739998334229 ) ) ;
#159 = DIRECTION ( 'NONE',  ( 0.000000000000000000, 0.000000000000000000, 1.000000000000000000 ) ) ;
#160 = CARTESIAN_POINT ( 'NONE',  ( 211.0878166674779948, -188.2532114965293886, 5.064584678936782325 ) ) ;
#161 = CARTESIAN_POINT ( 'NONE',  ( -122.7228564554958581, 107.5919850501970103, 34.53230458094491695 ) ) ;
#162 = CARTESIAN_POINT ( 'NONE',  ( -209.1644736604004322, 186.1839722079723742, 7.741095956484280727 ) ) ;
#163 = CARTESIAN_POINT ( 'NONE',  ( -213.8465286670927128, 188.4487282040977334, 0.2169259826836502925 ) ) ;
#164 = CARTESIAN_POINT ( 'NONE',  ( 185.2470182813400186, 165.7771775326475563, 19.24769694957269550 ) ) ;
#165 = DIRECTION ( 'NONE',  ( 0.000000000000000000, 0.000000000000000000, -1.000000000000000000 ) ) ;
#166 = CARTESIAN_POINT ( 'NONE',  ( 99.34581208562454435, -88.44602617952190826, 38.44700688741504990 ) ) ;
#167 = CARTESIAN_POINT ( 'NONE',  ( 209.2820101144264413, -181.7493074963535946, 9.537963057341672268 ) ) ;
#168 = CARTESIAN_POINT ( 'NONE',  ( -35.49126710344079783, 31.52588273274766095, 48.58731961727797710 ) ) ;
#169 = CARTESIAN_POINT ( 'NONE',  ( -198.9858255387906354, 175.0468342614595088, 14.88230862851790981 ) ) ;
#170 = CARTESIAN_POINT ( 'NONE',  ( -211.3311029532678731, 189.7611392000553678, 2.052121946204948699 ) ) ;
#171 = CARTESIAN_POINT ( 'NONE',  ( -223.8999999999999204, 190.5000000000000853, 0.000000000000000000 ) ) ;
#172 = CARTESIAN_POINT ( 'NONE',  ( 216.0662222327098050, 60.69229503522417701, -2.995734258353087854E-09 ) ) ;
#173 = CARTESIAN_POINT ( 'NONE',  ( -33.51939499525067134, 10.28865104199567959, 58.63430952172430466 ) ) ;
#174 = CARTESIAN_POINT ( 'NONE',  ( 212.4253328625962922, -189.6165047184798027, -1.074269000340911884 ) ) ;
#175 = CARTESIAN_POINT ( 'NONE',  ( 198.0306242352459947, -174.2176755976545337, 15.30981780392263580 ) ) ;
#176 = CARTESIAN_POINT ( 'NONE',  ( 35.00000000000000711, 4.286263797015737285E-15, 70.00000000000000000 ) ) ;
#177 = CARTESIAN_POINT ( 'NONE',  ( -193.0724057820932842, 172.1318284860923882, 16.67591482788703061 ) ) ;
#178 = CARTESIAN_POINT ( 'NONE',  ( -213.6682271773835566, 185.4090079058397862, 5.058291180780559060 ) ) ;
#179 = CARTESIAN_POINT ( 'NONE',  ( 28.99318838556970235, 19.63415237945497438, 58.84293123773698397 ) ) ;
#180 = ADVANCED_FACE ( 'NONE', ( #6479 ), #2264, .F. ) ;
#181 = CARTESIAN_POINT ( 'NONE',  ( -225.8999999999999204, 190.5000000000000853, 85.00000000000000000 ) ) ;
#182 = CARTESIAN_POINT ( 'NONE',  ( 208.8445242774670589, 192.2983899599431936, 0.000000000000000000 ) ) ;
#183 = CARTESIAN_POINT ( 'NONE',  ( 215.8999999999998636, 183.4999999851166308, 0.0008993030879007425172 ) ) ;
#184 = CARTESIAN_POINT ( 'NONE',  ( 211.5787789797755352, -189.9671541280654878, 0.008425689656025449337 ) ) ;
#185 = CARTESIAN_POINT ( 'NONE',  ( 164.1647364059115546, -144.2290180153919437, 25.91699318283224684 ) ) ;
#186 = CARTESIAN_POINT ( 'NONE',  ( -165.6732807372308969, -148.0367876746576883, 25.01388968822746151 ) ) ;
#187 = VERTEX_POINT ( 'NONE', #2446 ) ;
#188 = ORIENTED_EDGE ( 'NONE', *, *, #4734, .F. ) ;
#189 = CARTESIAN_POINT ( 'NONE',  ( 37.91288587616672601, -9.932388234532693261, 50.00000000000000000 ) ) ;
#190 = CARTESIAN_POINT ( 'NONE',  ( -215.0165047184798652, 187.0253328625962865, -0.06089986583242601448 ) ) ;
#191 = CARTESIAN_POINT ( 'NONE',  ( 211.5768839915492094, -189.9662005215679983, 0.1603850005383533062 ) ) ;
#192 = CARTESIAN_POINT ( 'NONE',  ( -204.7099892890976776, -184.5104477145843589, 9.636367273239564213 ) ) ;
#193 = PRESENTATION_STYLE_ASSIGNMENT (( #341 ) ) ;
#194 = CARTESIAN_POINT ( 'NONE',  ( 214.0714853738678585, -183.1615487397338029, 5.114839004350484331 ) ) ;
#195 = CARTESIAN_POINT ( 'NONE',  ( -147.9580552539418079, 132.1658993127034307, 29.16580368650442168 ) ) ;
#196 = CARTESIAN_POINT ( 'NONE',  ( -212.3490103331291721, 183.8085717570047564, 6.962095146861673634 ) ) ;
#197 = CARTESIAN_POINT ( 'NONE',  ( 4.247934936434883291, -34.74662100916913943, 57.96178192934252849 ) ) ;
#198 = CARTESIAN_POINT ( 'NONE',  ( -212.4238909194779978, 189.6158732543408689, 0.1368582076708551309 ) ) ;
#199 = CARTESIAN_POINT ( 'NONE',  ( 200.7278202604187811, 177.1218317518972185, 14.39038927035088911 ) ) ;
#200 = CARTESIAN_POINT ( 'NONE',  ( 208.8796578630949341, -190.4436082004101820, 0.9475570312145441543 ) ) ;
#201 = CARTESIAN_POINT ( 'NONE',  ( 193.3701552102713208, -173.3031884012001740, 16.14771198356056914 ) ) ;
#202 = CARTESIAN_POINT ( 'NONE',  ( 84.55911474786611848, -74.78663274696667429, 40.98483034815262016 ) ) ;
#203 = CARTESIAN_POINT ( 'NONE',  ( 207.7525848437436764, -186.3930976825787695, 7.930107259321848900 ) ) ;
#204 = CARTESIAN_POINT ( 'NONE',  ( -39.19878623599038292, 34.92807091044878831, 48.01120493518753563 ) ) ;
#205 = CARTESIAN_POINT ( 'NONE',  ( -206.3704124675862488, 180.1526989653899591, 11.31066406905861577 ) ) ;
#206 = CARTESIAN_POINT ( 'NONE',  ( -215.6030286277354548, 183.4915140238929041, 2.081930411981979923 ) ) ;
#207 = CARTESIAN_POINT ( 'NONE',  ( 0.000000000000000000, 198.5000000000000568, 2.000000000000000000 ) ) ;
#208 = CARTESIAN_POINT ( 'NONE',  ( 22.52642853013421487, 26.89729298296206395, 58.71630972926921999 ) ) ;
#209 = DIRECTION ( 'NONE',  ( 0.000000000000000000, 0.000000000000000000, 1.000000000000000000 ) ) ;
#210 = CARTESIAN_POINT ( 'NONE',  ( 213.8497474683058215, -188.4497474683058158, -1.074269000340911884 ) ) ;
#211 = CARTESIAN_POINT ( 'NONE',  ( 199.2362628613153674, -178.3923550627470149, 13.61895830127653895 ) ) ;
#212 = DIRECTION ( 'NONE',  ( 0.000000000000000000, 0.000000000000000000, 1.000000000000000000 ) ) ;
#213 = CARTESIAN_POINT ( 'NONE',  ( -190.4441723852368966, 167.6005578852357871, 18.26896954549865626 ) ) ;
#214 = VECTOR ( 'NONE', #1926, 1000.000000000000000 ) ;
#215 = CARTESIAN_POINT ( 'NONE',  ( -213.5569162181990066, 185.3446213266856546, 5.217527795972994653 ) ) ;
#216 = CARTESIAN_POINT ( 'NONE',  ( 208.7636738674868013, -190.0960811646301920, 2.528408286031031071 ) ) ;
#217 = CARTESIAN_POINT ( 'NONE',  ( 185.1892583554054852, -161.0993272858976866, 20.21187076611343159 ) ) ;
#218 = CARTESIAN_POINT ( 'NONE',  ( 209.7481511742993234, -190.2969170617631960, 1.593359259981156573 ) ) ;
#219 = CARTESIAN_POINT ( 'NONE',  ( 213.8733651714657640, 188.1861335988583335, 1.574576500436889681 ) ) ;
#220 = CARTESIAN_POINT ( 'NONE',  ( 208.8999999999997783, 190.5000000000000284, -0.002946669698753544460 ) ) ;
#221 = CARTESIAN_POINT ( 'NONE',  ( 208.8999999999999773, -190.4999999999999716, -9.771776172705226994E-05 ) ) ;
#222 = CARTESIAN_POINT ( 'NONE',  ( 157.1716416521745145, -136.9437755529653771, 27.60337867458602901 ) ) ;
#223 = CARTESIAN_POINT ( 'NONE',  ( -150.5923563116141395, -134.5206646754583915, 28.58814185408742503 ) ) ;
#224 = CIRCLE ( 'NONE', #2860, 12.50000000000001066 ) ;
#225 = ORIENTED_EDGE ( 'NONE', *, *, #3653, .T. ) ;
#226 = ORIENTED_EDGE ( 'NONE', *, *, #2062, .F. ) ;
#227 = CIRCLE ( 'NONE', #2490, 10.00000000000000888 ) ;
#228 = CARTESIAN_POINT ( 'NONE',  ( -215.9000000000000625, 183.5000000000000000, -0.1014346312128484584 ) ) ;
#229 = CARTESIAN_POINT ( 'NONE',  ( 213.8418412673567843, -188.4472611041954622, 0.3283359303326428558 ) ) ;
#230 = CARTESIAN_POINT ( 'NONE',  ( -208.0082284633386962, -188.6196542377003595, 5.434261924984319592 ) ) ;
#231 = CARTESIAN_POINT ( 'NONE',  ( 214.2670495166023272, -183.2250065218633210, 4.829297533516833774 ) ) ;
#232 = CARTESIAN_POINT ( 'NONE',  ( -145.5379572889369797, 127.3462389111029438, 30.11332449373648501 ) ) ;
#233 = CARTESIAN_POINT ( 'NONE',  ( -211.9698043156443248, 185.1613516195992020, 6.817143127590398421 ) ) ;
#234 = CARTESIAN_POINT ( 'NONE',  ( -2.433838631614388959, -34.93667547642743898, 57.93774520049747423 ) ) ;
#235 = CARTESIAN_POINT ( 'NONE',  ( -211.5783284167160616, 189.9669249619273046, 0.07882685685796597674 ) ) ;
#236 = CARTESIAN_POINT ( 'NONE',  ( 213.0339404324340933, 182.7264403152734928, 6.374974414021122193 ) ) ;
#237 = ADVANCED_FACE ( 'NONE', ( #2808 ), #5182, .T. ) ;
#238 = CARTESIAN_POINT ( 'NONE',  ( 215.5706157000878136, -184.3784718645263183, 2.194833400071415586 ) ) ;
#239 = CARTESIAN_POINT ( 'NONE',  ( 215.5538031236329459, 185.0538654177917692, 1.573075107301157960 ) ) ;
#240 = CARTESIAN_POINT ( 'NONE',  ( 100.1341843728177139, -87.55975022303540811, 38.49632392363116651 ) ) ;
#241 = CARTESIAN_POINT ( 'NONE',  ( 208.5783494325344520, -184.7774856878598371, 8.817686066211935625 ) ) ;
#242 = CARTESIAN_POINT ( 'NONE',  ( -43.34126505370897320, 37.83543803215311385, 47.44466414631502005 ) ) ;
#243 = CARTESIAN_POINT ( 'NONE',  ( -205.7715534795676717, 180.8965403569787611, 11.38953917561072871 ) ) ;
#244 = CARTESIAN_POINT ( 'NONE',  ( -214.3586268597211415, 187.7578322100609114, 1.420807179399165232 ) ) ;
#245 = CARTESIAN_POINT ( 'NONE',  ( 47.92034852202169759, 42.87689984639661844, 46.65041764717220474 ) ) ;
#246 = CARTESIAN_POINT ( 'NONE',  ( -9.673735274280074847, 33.72582214096023989, 58.08702592606758230 ) ) ;
#247 = ORIENTED_EDGE ( 'NONE', *, *, #1197, .T. ) ;
#248 = CARTESIAN_POINT ( 'NONE',  ( -31.99379392743941608, 14.20113303467922705, 58.71256289623102020 ) ) ;
#249 = CARTESIAN_POINT ( 'NONE',  ( 213.2018270398243374, -189.0976678967872147, -0.7499908772981371818 ) ) ;
#250 = CARTESIAN_POINT ( 'NONE',  ( 201.9581931518653164, -181.0421365502841411, 12.07807931116820477 ) ) ;
#251 = DIRECTION ( 'NONE',  ( -0.000000000000000000, -0.000000000000000000, -1.000000000000000000 ) ) ;
#252 = CARTESIAN_POINT ( 'NONE',  ( -190.0190667612886273, 168.0702923137248490, 18.23614826133156086 ) ) ;
#253 = CARTESIAN_POINT ( 'NONE',  ( -212.9665018769446760, 187.8648411001130683, 3.823053294657000389 ) ) ;
#254 = CARTESIAN_POINT ( 'NONE',  ( 215.2154169451842733, -184.3015768999820523, 3.145779341965449394 ) ) ;
#255 = LINE ( 'NONE', #6357, #1866 ) ;
#256 = CARTESIAN_POINT ( 'NONE',  ( -215.7293584012458325, -183.4967789686986919, 1.574680594478672369 ) ) ;
#257 = CARTESIAN_POINT ( 'NONE',  ( 215.8999856741945109, 190.4999934900721428, 0.01654045020707806124 ) ) ;
#258 = CARTESIAN_POINT ( 'NONE',  ( 208.8999999999999773, -190.4999999999999716, 6.062116553582942984E-05 ) ) ;
#259 = CARTESIAN_POINT ( 'NONE',  ( 168.5594119428920408, -146.8161925768105505, 24.87892837940568569 ) ) ;
#260 = CARTESIAN_POINT ( 'NONE',  ( 32.93753751437579780, 28.98647548098028182, 48.99815650490233310 ) ) ;
#261 = VERTEX_POINT ( 'NONE', #7117 ) ;
#262 = CARTESIAN_POINT ( 'NONE',  ( 43.15702418490572967, -5.256586630212214395, 48.68059213810636265 ) ) ;
#263 = CARTESIAN_POINT ( 'NONE',  ( -208.9000000000000341, 190.5000000000000000, -0.04063248314221953178 ) ) ;
#264 = CARTESIAN_POINT ( 'NONE',  ( 211.5709586541763088, -189.9632515017129890, 0.3244132770228948526 ) ) ;
#265 = CARTESIAN_POINT ( 'NONE',  ( -215.3625304990497398, -183.4715547204520192, 2.787528418401227004 ) ) ;
#266 = DIRECTION ( 'NONE',  ( 0.000000000000000000, 0.000000000000000000, 1.000000000000000000 ) ) ;
#267 = CARTESIAN_POINT ( 'NONE',  ( 212.7322479111743689, -186.6469881768129255, 5.335682788712270863 ) ) ;
#268 = CARTESIAN_POINT ( 'NONE',  ( -168.4085931806050667, 146.9976282207627207, 24.91484047709636940 ) ) ;
#269 = CARTESIAN_POINT ( 'NONE',  ( -209.9616432103248655, 187.0154312482221428, 6.808516694443218498 ) ) ;
#270 = CARTESIAN_POINT ( 'NONE',  ( -36.19640723061363019, 24.74857280496570056, 48.92037656505291920 ) ) ;
#271 = CARTESIAN_POINT ( 'NONE',  ( -214.4962865222958328, 187.8014502534993255, 0.1424895631305130861 ) ) ;
#272 = CARTESIAN_POINT ( 'NONE',  ( 210.5941527980122601, -190.1886041862474315, 1.556264971731101232 ) ) ;
#273 = CARTESIAN_POINT ( 'NONE',  ( -4.857225732735059864E-14, -190.4999999999998863, 13.40248707893274016 ) ) ;
#274 = CARTESIAN_POINT ( 'NONE',  ( 207.7185776667392929, -187.2406826819736523, 7.152429206858296418 ) ) ;
#275 = CARTESIAN_POINT ( 'NONE',  ( -50.84322251183373709, 44.54404965873224143, 46.29797102181217383 ) ) ;
#276 = EDGE_CURVE ( 'NONE', #2037, #2928, #3738, .T. ) ;
#277 = ORIENTED_EDGE ( 'NONE', *, *, #1579, .T. ) ;
#278 = CARTESIAN_POINT ( 'NONE',  ( -204.8900910895408742, 177.8364444939836631, 12.31932413814727489 ) ) ;
#279 = CARTESIAN_POINT ( 'NONE',  ( -215.4543122531089807, 185.2858252612202818, 1.964321200108202881 ) ) ;
#280 = LINE ( 'NONE', #6940, #7224 ) ;
#281 = CARTESIAN_POINT ( 'NONE',  ( 14.77368847585665002, 31.73498871445298875, 58.30257628340645226 ) ) ;
#282 = ORIENTED_EDGE ( 'NONE', *, *, #2585, .F. ) ;
#283 = FACE_OUTER_BOUND ( 'NONE', #1844, .T. ) ;
#284 = CARTESIAN_POINT ( 'NONE',  ( 201.6580055274707490, -179.5938394719126734, 12.84088770585947614 ) ) ;
#285 = CYLINDRICAL_SURFACE ( 'NONE', #1488, 10.00000000000000888 ) ;
#286 = CARTESIAN_POINT ( 'NONE',  ( -191.8963233750309598, 169.7397325335197138, 17.56201313950260712 ) ) ;
#287 = CARTESIAN_POINT ( 'NONE',  ( -214.7845797736341922, 184.1767867238145584, 4.006114480837107195 ) ) ;
#288 = CARTESIAN_POINT ( 'NONE',  ( 212.3908688596544323, -188.4711448488159533, 3.742438747556660950 ) ) ;
#289 = CARTESIAN_POINT ( 'NONE',  ( 69.61540017048690743, 190.2704836456663600, 1.374874867001721013 ) ) ;
#290 = CARTESIAN_POINT ( 'NONE',  ( -215.6606496833750555, -183.4946183399152062, 1.890383403645403471 ) ) ;
#291 = CARTESIAN_POINT ( 'NONE',  ( -208.8445242774670021, -192.2983899599431368, -4.553649124439118623E-14 ) ) ;
#292 = CARTESIAN_POINT ( 'NONE',  ( 209.8162978572970019, -190.4999999999999716, 6.062116553582942984E-05 ) ) ;
#293 = CARTESIAN_POINT ( 'NONE',  ( 179.8777379599941355, -160.5175059995424647, 21.14050842994285517 ) ) ;
#294 = CARTESIAN_POINT ( 'NONE',  ( -225.8999999999999204, -200.5000000000000284, 70.00000000000000000 ) ) ;
#295 = CARTESIAN_POINT ( 'NONE',  ( 14.96914877614556794, 40.41624504679025165, 48.38200869151344108 ) ) ;
#296 = ORIENTED_EDGE ( 'NONE', *, *, #2687, .T. ) ;
#297 = CARTESIAN_POINT ( 'NONE',  ( 22.52611833991172574, 26.89758329262502912, 58.71629059258820860 ) ) ;
#298 = CARTESIAN_POINT ( 'NONE',  ( 34.80921041059384891, 4.209662478191889434, 50.00180277337648960 ) ) ;
#299 = CARTESIAN_POINT ( 'NONE',  ( -212.4253328625963491, 189.6165047184798027, -0.02036510045201300398 ) ) ;
#300 = CARTESIAN_POINT ( 'NONE',  ( 210.7300141816886878, -190.3164348135803721, 0.1722192878587237852 ) ) ;
#301 = CARTESIAN_POINT ( 'NONE',  ( -214.5914393375791178, -189.5452827160756897, 4.568378625095655288 ) ) ;
#302 = CARTESIAN_POINT ( 'NONE',  ( -215.8999999999999204, -150.0000000000000000, 50.00000000000000000 ) ) ;
#303 = CARTESIAN_POINT ( 'NONE',  ( 213.1905761145291081, -186.0150398919193151, 5.316999955203368877 ) ) ;
#304 = CARTESIAN_POINT ( 'NONE',  ( -163.5503973689077100, 144.9134624407371632, 25.87130828747269007 ) ) ;
#305 = CARTESIAN_POINT ( 'NONE',  ( -212.9812406044683826, 183.4052789974660413, 6.433391353044014771 ) ) ;
#306 = CARTESIAN_POINT ( 'NONE',  ( -41.20156741207618722, -14.14370605055158236, 48.75937952961455579 ) ) ;
#307 = CARTESIAN_POINT ( 'NONE',  ( -210.7319068231363417, 190.3176023227599387, 0.06747627104226171235 ) ) ;
#308 = CARTESIAN_POINT ( 'NONE',  ( 212.1898815609610551, -189.4644012096923973, 1.918036054581187866 ) ) ;
#309 = CARTESIAN_POINT ( 'NONE',  ( 44.97916666666663588, -190.4999999999999432, 0.000000000000000000 ) ) ;
#310 = CARTESIAN_POINT ( 'NONE',  ( 212.0961877837524696, -182.2462755945746835, 7.328070276575755493 ) ) ;
#311 = CARTESIAN_POINT ( 'NONE',  ( -54.57381564416212427, 47.92208348161565823, 45.72015143186043673 ) ) ;
#312 = ORIENTED_EDGE ( 'NONE', *, *, #1108, .F. ) ;
#313 = ADVANCED_FACE ( 'NONE', ( #4863 ), #5807, .T. ) ;
#314 = CARTESIAN_POINT ( 'NONE',  ( -207.6941782338440419, 179.3826124631036976, 10.66557319233261580 ) ) ;
#315 = CARTESIAN_POINT ( 'NONE',  ( -214.3301450050164192, 187.7464690761490829, 1.560137694949912612 ) ) ;
#316 = CARTESIAN_POINT ( 'NONE',  ( 206.8515568223025696, 187.0050205655201978, 7.392118869118307067 ) ) ;
#317 = CARTESIAN_POINT ( 'NONE',  ( 11.98933777997970473, 32.97268350934497505, 58.17550401226804269 ) ) ;
#318 = EDGE_LOOP ( 'NONE', ( #3092, #3493, #5170, #7767 ) ) ;
#319 = FACE_BOUND ( 'NONE', #5719, .T. ) ;
#320 = CARTESIAN_POINT ( 'NONE',  ( -215.8999999999999204, -200.5000000000000284, 2.000000000000001776 ) ) ;
#321 = CARTESIAN_POINT ( 'NONE',  ( 201.3571135521268616, -179.8811111374149334, 12.74578436609498944 ) ) ;
#322 = CARTESIAN_POINT ( 'NONE',  ( -212.4614708450682770, -189.7282834227404180, -2.877403639067857356E-12 ) ) ;
#323 = CARTESIAN_POINT ( 'NONE',  ( -187.0517227837775351, 163.8407667689086509, 19.54856948427260832 ) ) ;
#324 = CARTESIAN_POINT ( 'NONE',  ( 17.20563007424896540, -30.48659048526394599, 50.02572054469532503 ) ) ;
#325 = CARTESIAN_POINT ( 'NONE',  ( -212.8302548479467475, 187.7496191914781889, 4.126821184284358957 ) ) ;
#326 = CARTESIAN_POINT ( 'NONE',  ( 211.7815106706820245, -189.0454736609994768, 3.422785431572298087 ) ) ;
#327 = DIRECTION ( 'NONE',  ( 0.000000000000000000, 0.000000000000000000, 1.000000000000000000 ) ) ;
#328 = CARTESIAN_POINT ( 'NONE',  ( 223.8999999999999488, 190.5000000000000568, 2.000000000000000000 ) ) ;
#329 = CARTESIAN_POINT ( 'NONE',  ( 215.8999999999998636, 183.5000000000011653, -0.3443248545433639229 ) ) ;
#330 = CARTESIAN_POINT ( 'NONE',  ( 213.8497474683057931, -188.4497474683058158, -0.1014346312125887634 ) ) ;
#331 = CARTESIAN_POINT ( 'NONE',  ( 171.5579459845564827, -151.0358936135896784, 24.00949911763992262 ) ) ;
#332 = CARTESIAN_POINT ( 'NONE',  ( -51.71741842950572021, -46.29262710639654443, 46.05961208972181709 ) ) ;
#333 = AXIS2_PLACEMENT_3D ( 'NONE', #737, #3148, #7288 ) ;
#334 = ORIENTED_EDGE ( 'NONE', *, *, #6253, .T. ) ;
#335 = CARTESIAN_POINT ( 'NONE',  ( 225.8999999999999488, 190.5000000000000853, 85.00000000000000000 ) ) ;
#336 = CARTESIAN_POINT ( 'NONE',  ( 41.59142746529728640, 12.88768121307746028, 48.74452440312537504 ) ) ;
#337 = CARTESIAN_POINT ( 'NONE',  ( -210.7322351905149844, 190.3178087366781881, -0.1014346312128484584 ) ) ;
#338 = VECTOR ( 'NONE', #4308, 1000.000000000000000 ) ;
#339 = CARTESIAN_POINT ( 'NONE',  ( 211.5780436753795186, -189.9667813635813332, 0.09915743501316519326 ) ) ;
#340 = CARTESIAN_POINT ( 'NONE',  ( -213.1837921189793406, -188.2586351694048403, 6.459766722999983557 ) ) ;
#341 = SURFACE_STYLE_USAGE ( .BOTH. , #4577 ) ;
#342 = CARTESIAN_POINT ( 'NONE',  ( 210.7794635722566454, -189.0589488626205537, 4.068898233536612175 ) ) ;
#343 = CIRCLE ( 'NONE', #1362, 10.00000000000000888 ) ;
#344 = CARTESIAN_POINT ( 'NONE',  ( -208.1488871212482081, 187.8006205323211475, 6.512651804193865246 ) ) ;
#345 = CARTESIAN_POINT ( 'NONE',  ( -15.02117994546599355, -31.61991304532740799, 50.02451242137820486 ) ) ;
#346 = CARTESIAN_POINT ( 'NONE',  ( -31.99324739203535728, 14.20236143095272929, 58.71258955889346254 ) ) ;
#347 = CARTESIAN_POINT ( 'NONE',  ( -208.8999848088116096, 190.4999634595945111, 0.02470313069035969672 ) ) ;
#348 = CARTESIAN_POINT ( 'NONE',  ( 211.3920171794866576, -189.8265026979699144, 1.737150513156144660 ) ) ;
#349 = CARTESIAN_POINT ( 'NONE',  ( -26.24432493777825215, -23.15675729803962213, 50.00000000000000000 ) ) ;
#350 = AXIS2_PLACEMENT_3D ( 'NONE', #3159, #1387, #165 ) ;
#351 = CARTESIAN_POINT ( 'NONE',  ( 210.6269333924750811, -183.4151166797951191, 8.322516819284285106 ) ) ;
#352 = CARTESIAN_POINT ( 'NONE',  ( -76.85526477593123218, 68.30264211773285865, 42.16590678842901241 ) ) ;
#353 = ORIENTED_EDGE ( 'NONE', *, *, #4152, .T. ) ;
#354 = CARTESIAN_POINT ( 'NONE',  ( -207.1731850720571515, 179.0083147015012912, 10.99553789332439813 ) ) ;
#355 = CARTESIAN_POINT ( 'NONE',  ( -210.6653683980619860, 190.2666832492195681, 1.001904071471689806 ) ) ;
#356 = DIRECTION ( 'NONE',  ( 1.000000000000000000, 0.000000000000000000, 0.000000000000000000 ) ) ;
#357 = CARTESIAN_POINT ( 'NONE',  ( -38.13928521004238092, 21.36117664047351283, 48.86358051349124310 ) ) ;
#358 = CARTESIAN_POINT ( 'NONE',  ( -215.7318917982434243, -120.8301128512423190, 1.582774694318914044 ) ) ;
#359 = ORIENTED_EDGE ( 'NONE', *, *, #142, .F. ) ;
#360 = DIRECTION ( 'NONE',  ( -0.000000000000000000, 1.000000000000000000, 0.000000000000000000 ) ) ;
#361 = CYLINDRICAL_SURFACE ( 'NONE', #97, 10.00000000000000888 ) ;
#362 = CARTESIAN_POINT ( 'NONE',  ( 203.3727002150135377, -177.7168155929973636, 12.98076001033800431 ) ) ;
#363 = CARTESIAN_POINT ( 'NONE',  ( -215.0329335349586302, -186.5376510280956666, 1.572894392025338872 ) ) ;
#364 = CARTESIAN_POINT ( 'NONE',  ( -194.4525552832377855, 170.6507532746652487, 16.87653353055424077 ) ) ;
#365 = CARTESIAN_POINT ( 'NONE',  ( -213.4669440579142190, 187.2040092576197310, 4.063485877568376203 ) ) ;
#366 = CARTESIAN_POINT ( 'NONE',  ( 213.1112982694201605, -187.9854537459943913, 3.479499639580489134 ) ) ;
#367 = CARTESIAN_POINT ( 'NONE',  ( 217.6933995764281917, -61.16564526330626705, 0.000000000000000000 ) ) ;
#368 = CARTESIAN_POINT ( 'NONE',  ( -215.5722117807670202, -183.4907493367261679, 2.200685516685751963 ) ) ;
#369 = VERTEX_POINT ( 'NONE', #6399 ) ;
#370 = CARTESIAN_POINT ( 'NONE',  ( 215.8999999999975898, 190.4999999999966462, -0.2632554525766312437 ) ) ;
#371 =( BOUNDED_SURFACE ( )  B_SPLINE_SURFACE ( 3, 2, ( 
 ( #4571, #6959, #3413 ),
 ( #1564, #4067, #4111 ),
 ( #980, #7011, #4113 ),
 ( #2159, #6460, #1535 ),
 ( #1660, #4620, #1574 ),
 ( #4069, #2706, #4580 ),
 ( #3466, #467, #5242 ),
 ( #2874, #3942, #4025 ),
 ( #3342, #345, #2747 ),
 ( #5163, #6970, #1886 ),
 ( #4303, #3699, #3782 ),
 ( #1418, #7778, #2378 ),
 ( #1234, #4087, #5342 ),
 ( #2338, #3046, #5453 ),
 ( #5889, #2261, #4798 ),
 ( #2892, #5305, #4721 ),
 ( #5931, #1427, #4280 ),
 ( #1022, #5951, #4853 ),
 ( #2389, #1865, #1905 ),
 ( #1236, #58, #4321 ),
 ( #2455, #4873, #4282 ),
 ( #6704, #1313, #3088 ),
 ( #3642, #6668, #7305 ),
 ( #1275, #3679, #5494 ),
 ( #6080, #95, #2911 ),
 ( #5474, #1145, #6870 ),
 ( #3362, #6397, #7034 ),
 ( #956, #883, #7503 ),
 ( #3843, #324, #6948 ),
 ( #842, #3251, #5657 ),
 ( #2653, #6128, #2540 ),
 ( #1272, #2528, #4945 ),
 ( #3676, #7341, #7302 ),
 ( #6077, #4318, #7262 ) ),
 .UNSPECIFIED., .F., .F., .F. ) 
 B_SPLINE_SURFACE_WITH_KNOTS ( ( 4, 2, 2, 2, 2, 2, 2, 2, 2, 2, 2, 2, 2, 2, 2, 2, 4 ),
 ( 3, 3 ),
 ( -4.510281037539698445E-16, 0.009372108731337600376, 0.01405816309700662695, 0.01640119027984113936, 0.01874421746267565178, 0.02811632619401370492, 0.03045935337684821734, 0.03280238055968272975, 0.03748843492535175459, 0.04217448929102077942, 0.04451751647385529531, 0.04686054365668980426, 0.05623265238802785393, 0.05857567957086236288, 0.06091870675369687876, 0.06560476111936590360, 0.07497686985070395327 ),
 ( 0.000000000000000000, 1.000000000000000000 ),
 .UNSPECIFIED. ) 
 GEOMETRIC_REPRESENTATION_ITEM ( )  RATIONAL_B_SPLINE_SURFACE ( (
 ( 1.000000000000000000, 0.7459714310480235477, 1.000000000000000000),
 ( 1.000000000000000000, 0.7499316568559268870, 1.000000000000000000),
 ( 1.000000000000000000, 0.7542966957796458649, 1.000000000000000000),
 ( 1.000000000000000000, 0.7607940963829299408, 1.000000000000000000),
 ( 1.000000000000000000, 0.7629532828446525805, 1.000000000000000000),
 ( 1.000000000000000000, 0.7661094975096776061, 1.000000000000000000),
 ( 1.000000000000000000, 0.7671493095597309297, 1.000000000000000000),
 ( 1.000000000000000000, 0.7691640790008446027, 1.000000000000000000),
 ( 1.000000000000000000, 0.7701421077274219762, 1.000000000000000000),
 ( 1.000000000000000000, 0.7748514386983741398, 1.000000000000000000),
 ( 1.000000000000000000, 0.7780305028936594924, 1.000000000000000000),
 ( 1.000000000000000000, 0.7807736716846388481, 1.000000000000000000),
 ( 1.000000000000000000, 0.7812618496550381986, 1.000000000000000000),
 ( 1.000000000000000000, 0.7821047836226425742, 1.000000000000000000),
 ( 1.000000000000000000, 0.7824571934719428690, 1.000000000000000000),
 ( 1.000000000000000000, 0.7833049287620904577, 1.000000000000000000),
 ( 1.000000000000000000, 0.7835907677534761362, 1.000000000000000000),
 ( 1.000000000000000000, 0.7835917797989653266, 1.000000000000000000),
 ( 1.000000000000000000, 0.7833069371345661169, 1.000000000000000000),
 ( 1.000000000000000000, 0.7824624427357813605, 1.000000000000000000),
 ( 1.000000000000000000, 0.7821114050884298008, 1.000000000000000000),
 ( 1.000000000000000000, 0.7812721081423968927, 1.000000000000000000),
 ( 1.000000000000000000, 0.7807831600162870034, 1.000000000000000000),
 ( 1.000000000000000000, 0.7780385313031152883, 1.000000000000000000),
 ( 1.000000000000000000, 0.7748578856705180540, 1.000000000000000000),
 ( 1.000000000000000000, 0.7701539236723765613, 1.000000000000000000),
 ( 1.000000000000000000, 0.7691773196659148493, 1.000000000000000000),
 ( 1.000000000000000000, 0.7671662193968025178, 1.000000000000000000),
 ( 1.000000000000000000, 0.7661286617368361362, 1.000000000000000000),
 ( 1.000000000000000000, 0.7629671318137262181, 1.000000000000000000),
 ( 1.000000000000000000, 0.7608047403590377789, 1.000000000000000000),
 ( 1.000000000000000000, 0.7542994879650929407, 1.000000000000000000),
 ( 1.000000000000000000, 0.7499315716258129205, 1.000000000000000000),
 ( 1.000000000000000000, 0.7459714310211547073, 1.000000000000000000) ) ) 
 REPRESENTATION_ITEM ( '' )  SURFACE ( )  );
#372 = CARTESIAN_POINT ( 'NONE',  ( 210.7322351905148707, -190.3178087366781881, -0.06089986583223843536 ) ) ;
#373 = CARTESIAN_POINT ( 'NONE',  ( 182.5058064796126303, -161.3974720280598092, 20.74896044654566296 ) ) ;
#374 = CARTESIAN_POINT ( 'NONE',  ( -133.4192341052277868, 116.2508130397121562, 32.58036204900711397 ) ) ;
#375 = ADVANCED_FACE ( 'NONE', ( #4646 ), #4509, .T. ) ;
#376 = ORIENTED_EDGE ( 'NONE', *, *, #6921, .F. ) ;
#377 = CARTESIAN_POINT ( 'NONE',  ( 15.32394168785554456, 31.47304700383978826, 58.32872202460076494 ) ) ;
#378 = CARTESIAN_POINT ( 'NONE',  ( 34.01005635020061391, 8.333054431154749864, 50.00514946000282634 ) ) ;
#379 = CARTESIAN_POINT ( 'NONE',  ( -215.9000000000000341, 184.4162978572970246, -0.4257127542561995881 ) ) ;
#380 = CARTESIAN_POINT ( 'NONE',  ( 211.2173588765264185, 181.7390802578137254, 8.112115540964202509 ) ) ;
#381 = CARTESIAN_POINT ( 'NONE',  ( 211.5785146325847563, -189.9670193900401785, 0.05862741782039054828 ) ) ;
#382 = CARTESIAN_POINT ( 'NONE',  ( 92.47325993243958919, -81.03068890420881587, 39.76886838014728909 ) ) ;
#383 = CARTESIAN_POINT ( 'NONE',  ( -215.3261245137041726, -183.4673668253183507, 2.879058932850623087 ) ) ;
#384 = CARTESIAN_POINT ( 'NONE',  ( -225.8999999999999204, 190.5000000000000853, 70.00000000000000000 ) ) ;
#385 = CARTESIAN_POINT ( 'NONE',  ( 214.2391735020566159, -185.7237546675252418, 4.124688409433518999 ) ) ;
#386 = CARTESIAN_POINT ( 'NONE',  ( -209.5130128187886669, 188.5728991246958230, 5.358582712978578577 ) ) ;
#387 = CARTESIAN_POINT ( 'NONE',  ( -33.46499521260867027, -10.26497752042550715, 58.63618585128960348 ) ) ;
#388 = CARTESIAN_POINT ( 'NONE',  ( -208.8999995613071121, 190.4999989409845114, 0.004307380242222705845 ) ) ;
#389 = CARTESIAN_POINT ( 'NONE',  ( 215.7296784047114215, -184.4011818182791558, 1.578875094282217395 ) ) ;
#390 = CARTESIAN_POINT ( 'NONE',  ( -197.9083333333333599, -190.4999999999999716, 20.42102681433319944 ) ) ;
#391 = CARTESIAN_POINT ( 'NONE',  ( 211.3848711970886143, -185.5811205063112084, 7.025761102046160111 ) ) ;
#392 = CARTESIAN_POINT ( 'NONE',  ( -54.11256129068868148, 48.44197459508487924, 45.68490984744988737 ) ) ;
#393 = ORIENTED_EDGE ( 'NONE', *, *, #616, .F. ) ;
#394 = CARTESIAN_POINT ( 'NONE',  ( -207.1785718888055214, 184.2112172100574412, 9.561820564718239268 ) ) ;
#395 = CARTESIAN_POINT ( 'NONE',  ( -213.0406333817571181, 189.0211770686837269, 1.521918485872929994 ) ) ;
#396 = CARTESIAN_POINT ( 'NONE',  ( 139.2366651219429912, 124.3747303260945927, 31.03600515294692386 ) ) ;
#397 = CARTESIAN_POINT ( 'NONE',  ( -33.01262735031749429, 28.90003036334078246, 48.99633025722246060 ) ) ;
#398 = CARTESIAN_POINT ( 'NONE',  ( 46.72431963882100803, -41.60784224547413856, 46.86120942105119980 ) ) ;
#399 = DIRECTION ( 'NONE',  ( 0.000000000000000000, 0.000000000000000000, 1.000000000000000000 ) ) ;
#400 = CARTESIAN_POINT ( 'NONE',  ( 69.61542120507323261, -190.2704836459031696, 1.374874879877069800 ) ) ;
#401 = CARTESIAN_POINT ( 'NONE',  ( 203.8030864018740829, -179.2116837581343987, 12.52930902520320977 ) ) ;
#402 = CARTESIAN_POINT ( 'NONE',  ( -217.3877338262450962, -185.7768579543290741, 0.000000000000000000 ) ) ;
#403 = CARTESIAN_POINT ( 'NONE',  ( -196.2412701247502298, 176.0232535879705154, 14.84049170329344669 ) ) ;
#404 = CARTESIAN_POINT ( 'NONE',  ( -213.3288316787067060, 187.1015058682829704, 4.331913955353418721 ) ) ;
#405 = DIRECTION ( 'NONE',  ( 0.000000000000000000, -0.000000000000000000, -1.000000000000000000 ) ) ;
#406 = CYLINDRICAL_SURFACE ( 'NONE', #2494, 2.000000000000000000 ) ;
#407 = DIRECTION ( 'NONE',  ( -0.000000000000000000, -0.000000000000000000, 1.000000000000000000 ) ) ;
#408 = EDGE_LOOP ( 'NONE', ( #3447, #5435, #4032, #3797 ) ) ;
#409 = CARTESIAN_POINT ( 'NONE',  ( 215.9000000000000057, 190.5000000000000000, -0.05044827241376440008 ) ) ;
#410 = CARTESIAN_POINT ( 'NONE',  ( 212.4253328625962354, -189.6165047184798027, -0.1014346312125887634 ) ) ;
#411 = CARTESIAN_POINT ( 'NONE',  ( 180.0655760395296738, -160.3250591287827547, 21.20157481601374982 ) ) ;
#412 = CARTESIAN_POINT ( 'NONE',  ( -198.5097456550665811, 172.2472951223559789, 15.38291304012190963 ) ) ;
#413 = VERTEX_POINT ( 'NONE', #5308 ) ;
#414 = EDGE_CURVE ( 'NONE', #7549, #813, #6889, .T. ) ;
#415 = CARTESIAN_POINT ( 'NONE',  ( -24.58341767143446788, 25.03911886656257124, 50.00000000000000000 ) ) ;
#416 = CARTESIAN_POINT ( 'NONE',  ( 33.51880651466576921, -10.29050769074644478, 58.63434200793832929 ) ) ;
#417 = CARTESIAN_POINT ( 'NONE',  ( -214.4976678967873056, 187.8018270398243885, -0.3446432234953641371 ) ) ;
#418 = CARTESIAN_POINT ( 'NONE',  ( 208.6293751253379014, 189.7612606339139631, 3.420019582303103434 ) ) ;
#419 = CARTESIAN_POINT ( 'NONE',  ( 210.7320410109602165, -190.3176864041113276, 0.05020004406412319209 ) ) ;
#420 = CARTESIAN_POINT ( 'NONE',  ( 107.3927441762644577, -94.54750342131951868, 37.23228404667915470 ) ) ;
#421 = CARTESIAN_POINT ( 'NONE',  ( -215.5391065564544135, -190.3026246526505929, 2.380966534350300368 ) ) ;
#422 = CARTESIAN_POINT ( 'NONE',  ( -139.2296901347734774, 192.2351554116423529, 2.602085213965210642E-15 ) ) ;
#423 = EDGE_CURVE ( 'NONE', #7708, #6034, #5503, .T. ) ;
#424 = CARTESIAN_POINT ( 'NONE',  ( 214.9062123467892320, -183.3976754439526076, 3.777925328150705919 ) ) ;
#425 = CARTESIAN_POINT ( 'NONE',  ( -213.3267788642669700, 183.5802021280555039, 6.051669285646023688 ) ) ;
#426 = CARTESIAN_POINT ( 'NONE',  ( -30.60905382035635114, 17.00479469340324101, 58.77685080897538938 ) ) ;
#427 = CARTESIAN_POINT ( 'NONE',  ( -214.4976222564320665, 187.8018144179334570, 0.02636583288556171301 ) ) ;
#428 = CARTESIAN_POINT ( 'NONE',  ( 214.2462348703528789, -187.7089052777193956, 1.926662700534660377 ) ) ;
#429 = CARTESIAN_POINT ( 'NONE',  ( -159.1908030237298419, -142.2184811643036824, 26.61088730230906663 ) ) ;
#430 = CARTESIAN_POINT ( 'NONE',  ( 211.0736853867229570, -185.3297101954878201, 7.348261907082089373 ) ) ;
#431 = CARTESIAN_POINT ( 'NONE',  ( -62.20683622340622065, 54.48164198412185044, 44.56141676537050245 ) ) ;
#432 = VERTEX_POINT ( 'NONE', #4464 ) ;
#433 = CARTESIAN_POINT ( 'NONE',  ( -208.7480409477048511, 181.3556715792774128, 9.905388710320213619 ) ) ;
#434 = CARTESIAN_POINT ( 'NONE',  ( -215.8772096844674024, 183.4997653596120415, 0.5870331927099442515 ) ) ;
#435 = CARTESIAN_POINT ( 'NONE',  ( 39.56872796706532114, 34.50582253754364359, 48.01698849799980451 ) ) ;
#436 = CARTESIAN_POINT ( 'NONE',  ( 212.2922225316520155, 189.4331741827128326, 1.578968672930498585 ) ) ;
#437 = CARTESIAN_POINT ( 'NONE',  ( 35.59487698631109254, -31.40769579057574390, 48.59026580959295671 ) ) ;
#438 = DIRECTION ( 'NONE',  ( 8.001661459642654098E-05, 0.9999999967986707983, -3.331360795406615060E-18 ) ) ;
#439 = CARTESIAN_POINT ( 'NONE',  ( -214.8072750354388063, 186.9341856962652741, 1.573116341641443761 ) ) ;
#440 = CARTESIAN_POINT ( 'NONE',  ( 205.6448395406331429, -178.9822369120853125, 11.83632090341824572 ) ) ;
#441 = CARTESIAN_POINT ( 'NONE',  ( -217.4577427260011291, -185.4974933970247548, 0.000000000000000000 ) ) ;
#442 = ORIENTED_EDGE ( 'NONE', *, *, #3903, .F. ) ;
#443 = CARTESIAN_POINT ( 'NONE',  ( -197.0315491262472278, 171.4736006594968103, 15.97289331110236432 ) ) ;
#444 = CARTESIAN_POINT ( 'NONE',  ( 121.0721624688890614, 106.8283786490198395, 35.74265220146897093 ) ) ;
#445 = CARTESIAN_POINT ( 'NONE',  ( -215.2154169451845291, 184.3015768999821944, 3.145779341965093678 ) ) ;
#446 = CARTESIAN_POINT ( 'NONE',  ( -215.8999999999999204, -190.5000000000000284, 70.00000000000000000 ) ) ;
#447 = FACE_OUTER_BOUND ( 'NONE', #2918, .T. ) ;
#448 = CARTESIAN_POINT ( 'NONE',  ( 215.4969472021064973, -189.3279654729627737, 0.000000000000000000 ) ) ;
#449 = ORIENTED_EDGE ( 'NONE', *, *, #3018, .F. ) ;
#450 = CARTESIAN_POINT ( 'NONE',  ( 0.000000000000000000, 0.000000000000000000, 70.00000000000000000 ) ) ;
#451 = CARTESIAN_POINT ( 'NONE',  ( 211.5787840265556099, -189.9671567275789812, -0.1419693965929391122 ) ) ;
#452 = CARTESIAN_POINT ( 'NONE',  ( 187.4318988445195373, -163.3859872728473306, 19.48700940265249670 ) ) ;
#453 = CARTESIAN_POINT ( 'NONE',  ( -32.78265962694510449, 29.15505980491360916, 48.99405119645791729 ) ) ;
#454 = CARTESIAN_POINT ( 'NONE',  ( -166.6612428276643527, 148.9291478234635235, 24.73709666259735585 ) ) ;
#455 = CARTESIAN_POINT ( 'NONE',  ( 24.33786198975604975, 25.27324261085835033, 58.82604162584415519 ) ) ;
#456 = CARTESIAN_POINT ( 'NONE',  ( 27.76290518294197796, 21.33837913463140268, 58.88776007007243152 ) ) ;
#457 = CARTESIAN_POINT ( 'NONE',  ( -212.4253328625963206, 189.6165047184798027, -0.3446432234953641371 ) ) ;
#458 = CARTESIAN_POINT ( 'NONE',  ( 212.3984325611221777, 182.4102703014952738, 7.039186780262842724 ) ) ;
#459 = CARTESIAN_POINT ( 'NONE',  ( 213.8492915621637565, -188.4496012456066865, 0.07908406805283729746 ) ) ;
#460 = CARTESIAN_POINT ( 'NONE',  ( 145.5379572889368944, -127.3462389111029154, 30.11332449373648146 ) ) ;
#461 = CARTESIAN_POINT ( 'NONE',  ( -215.8999266563899084, -183.4999991789605360, 0.03355464873959940891 ) ) ;
#462 = CARTESIAN_POINT ( 'NONE',  ( -126.9064429380833730, -36.71619411726631199, 35.74265220146897093 ) ) ;
#463 = AXIS2_PLACEMENT_3D ( 'NONE', #6671, #5497, #2569 ) ;
#464 = CARTESIAN_POINT ( 'NONE',  ( 214.6778687035510700, -183.3454531646420662, 4.188668915556474026 ) ) ;
#465 = ORIENTED_EDGE ( 'NONE', *, *, #2975, .F. ) ;
#466 = CARTESIAN_POINT ( 'NONE',  ( -210.2414709313420076, 187.3150994435096948, 6.435751442755941021 ) ) ;
#467 = CARTESIAN_POINT ( 'NONE',  ( -16.67205713387873089, -30.78161819825396606, 50.02563566673065054 ) ) ;
#468 = CARTESIAN_POINT ( 'NONE',  ( 201.3501377399388730, 174.5312466947084715, 14.09436868703940071 ) ) ;
#469 = CARTESIAN_POINT ( 'NONE',  ( -213.2018057158931583, 189.0976597710919123, 0.01692545025506287520 ) ) ;
#470 = CARTESIAN_POINT ( 'NONE',  ( 213.0406333817567486, -189.0211770686835848, 1.521918485873573701 ) ) ;
#471 = CARTESIAN_POINT ( 'NONE',  ( -160.9653489585331272, -140.2400375027674215, 26.74221798939307959 ) ) ;
#472 = CARTESIAN_POINT ( 'NONE',  ( 209.5658505489539891, -187.5474910176426420, 6.425961488169738445 ) ) ;
#473 = CARTESIAN_POINT ( 'NONE',  ( -69.17732672567773022, 61.78955797136489991, 43.34728695340018589 ) ) ;
#474 = VECTOR ( 'NONE', #4910, 1000.000000000000000 ) ;
#475 = ORIENTED_EDGE ( 'NONE', *, *, #414, .F. ) ;
#476 = CARTESIAN_POINT ( 'NONE',  ( -205.5671941496595991, 185.4681832931941869, 8.845430822201510779 ) ) ;
#477 = ADVANCED_FACE ( 'NONE', ( #4312 ), #5249, .T. ) ;
#478 = CARTESIAN_POINT ( 'NONE',  ( -214.9803434956107537, 187.0172745386525150, 0.7185676643780288808 ) ) ;
#479 = CARTESIAN_POINT ( 'NONE',  ( 106.6622643168907985, 95.35565759847564493, 37.12300163063547132 ) ) ;
#480 = CARTESIAN_POINT ( 'NONE',  ( -38.80961837231947698, -20.18651732465407278, 48.84392265859362681 ) ) ;
#481 = CARTESIAN_POINT ( 'NONE',  ( 39.23254909439032900, -34.88984456309130877, 48.01352364235853543 ) ) ;
#482 = CARTESIAN_POINT ( 'NONE',  ( 0.000000000000000000, 0.000000000000000000, 0.000000000000000000 ) ) ;
#483 = CARTESIAN_POINT ( 'NONE',  ( -208.8445242774670305, -192.2983899599431368, 0.000000000000000000 ) ) ;
#484 = CARTESIAN_POINT ( 'NONE',  ( 204.6460009091286452, -183.7774529339954768, 10.21046958881454714 ) ) ;
#485 = CARTESIAN_POINT ( 'NONE',  ( -214.6858000943334446, -190.1347895873618370, 0.000000000000000000 ) ) ;
#486 = CARTESIAN_POINT ( 'NONE',  ( -198.2741873626695224, 173.9361418037623537, 15.30148032824813420 ) ) ;
#487 = CARTESIAN_POINT ( 'NONE',  ( -208.8999999999999773, -190.5000000000000000, -1.073949472243973524 ) ) ;
#488 = CARTESIAN_POINT ( 'NONE',  ( -211.2710870301300758, 189.6948779266198528, 2.352574673646261161 ) ) ;
#489 = DIRECTION ( 'NONE',  ( 0.6558751248280758617, 0.7547003786802067848, -0.01597369874853024271 ) ) ;
#490 = CARTESIAN_POINT ( 'NONE',  ( 36.17001788102684401, 24.68539229890245323, 48.92000294406118144 ) ) ;
#491 = B_SPLINE_CURVE_WITH_KNOTS ( 'NONE', 3,
 ( #6061, #7286, #1774, #4189 ),
 .UNSPECIFIED., .F., .F.,
 ( 4, 4 ),
 ( 0.000000000000000000, 0.0003434099713593621178 ),
 .UNSPECIFIED. ) ;
#492 = CARTESIAN_POINT ( 'NONE',  ( 214.8085026684798322, -186.9320616140114737, 1.573115089669410605 ) ) ;
#493 = ORIENTED_EDGE ( 'NONE', *, *, #1916, .F. ) ;
#494 = CARTESIAN_POINT ( 'NONE',  ( -210.4821151760161797, 190.4945893127047327, 2.168404344971008868E-16 ) ) ;
#495 = CARTESIAN_POINT ( 'NONE',  ( 213.8497474683058215, -188.4497474683058158, -9.771776172705226994E-05 ) ) ;
#496 = CARTESIAN_POINT ( 'NONE',  ( 21.23658252625796905, -37.69837257619839477, 48.56726274351848360 ) ) ;
#497 = CARTESIAN_POINT ( 'NONE',  ( 191.4476604718471151, -170.2074903043082372, 17.46187209812181251 ) ) ;
#498 = CARTESIAN_POINT ( 'NONE',  ( -141.1076647896816212, 122.9623457764419356, 31.07720161912690315 ) ) ;
#499 = CARTESIAN_POINT ( 'NONE',  ( -160.9655142463813888, 140.2401807792409159, 26.74217930549982825 ) ) ;
#500 = CARTESIAN_POINT ( 'NONE',  ( -30.65917101308487247, 31.36498738021254695, 48.90911833130211051 ) ) ;
#501 = CARTESIAN_POINT ( 'NONE',  ( -217.6835644225897965, 184.0795407895735991, -0.000000000000000000 ) ) ;
#502 = CARTESIAN_POINT ( 'NONE',  ( -213.8497474683058783, 188.4497474683058442, -0.3446432234953641371 ) ) ;
#503 = CARTESIAN_POINT ( 'NONE',  ( 215.6947682780773050, 183.4956381595560515, 1.729700797057172945 ) ) ;
#504 = CARTESIAN_POINT ( 'NONE',  ( 215.7172677490913770, -185.3321671634305403, 0.08894072081708644106 ) ) ;
#505 = CARTESIAN_POINT ( 'NONE',  ( 122.1509461844420343, -108.2356878683604720, 34.50566226024905347 ) ) ;
#506 = CARTESIAN_POINT ( 'NONE',  ( -215.6711175672512013, -183.4946912601562587, 1.824598801585037400 ) ) ;
#507 = CARTESIAN_POINT ( 'NONE',  ( 32.78265962694512581, -29.15505980491358073, 48.99405119645790307 ) ) ;
#508 = CARTESIAN_POINT ( 'NONE',  ( 212.3256614826889859, -188.4079021216392960, 3.906185631964096405 ) ) ;
#509 = VERTEX_POINT ( 'NONE', #1896 ) ;
#510 = CARTESIAN_POINT ( 'NONE',  ( -34.66254140861968835, -26.84679679976164479, 48.95853614358284744 ) ) ;
#511 = CARTESIAN_POINT ( 'NONE',  ( -213.2017898259495325, 189.0976537245435338, 0.02322844875510907472 ) ) ;
#512 = CARTESIAN_POINT ( 'NONE',  ( 213.6455938180999681, -188.3646221730361958, 1.727816516946133918 ) ) ;
#513 = CARTESIAN_POINT ( 'NONE',  ( -91.63262790881347541, -81.96960162418417895, 39.68101343495382594 ) ) ;
#514 = CARTESIAN_POINT ( 'NONE',  ( 210.1015570708333655, -187.1652653458657767, 6.622134068599708101 ) ) ;
#515 = CARTESIAN_POINT ( 'NONE',  ( -91.63270394468791835, 81.96966973727765549, 39.68100072036290271 ) ) ;
#516 = ORIENTED_EDGE ( 'NONE', *, *, #2827, .T. ) ;
#517 = CARTESIAN_POINT ( 'NONE',  ( 5.292183129243085205, -42.43306945569967326, 48.21758727782241039 ) ) ;
#518 = CARTESIAN_POINT ( 'NONE',  ( -206.6971252196734099, 183.7484336244640701, 9.927295996414946089 ) ) ;
#519 = EDGE_CURVE ( 'NONE', #5772, #6863, #1433, .T. ) ;
#520 = CARTESIAN_POINT ( 'NONE',  ( -209.8112330595625394, 190.4956915821492487, 0.2778334843684753808 ) ) ;
#521 = CARTESIAN_POINT ( 'NONE',  ( 69.99789064314951759, 60.86060431316569463, 43.37684144518108553 ) ) ;
#522 = CARTESIAN_POINT ( 'NONE',  ( 217.6262257812943801, 184.6523226538082270, -0.000000000000000000 ) ) ;
#523 = CARTESIAN_POINT ( 'NONE',  ( 39.50175558741668880, -34.58285382408813291, 48.01928017779801650 ) ) ;
#524 = CARTESIAN_POINT ( 'NONE',  ( 225.8999999999999488, 150.0000000000000000, 62.50000000000001421 ) ) ;
#525 = CARTESIAN_POINT ( 'NONE',  ( 203.8415617228876613, -183.5785119433408283, 10.33745202109010997 ) ) ;
#526 = CARTESIAN_POINT ( 'NONE',  ( -209.4270312512960288, -192.2988464387917702, -0.000000000000000000 ) ) ;
#527 = ORIENTED_EDGE ( 'NONE', *, *, #2500, .T. ) ;
#528 = ADVANCED_FACE ( 'NONE', ( #2046 ), #7420, .T. ) ;
#529 = CARTESIAN_POINT ( 'NONE',  ( -215.8999999999999773, -183.5000000000000000, -1.073949472243959535 ) ) ;
#530 = CARTESIAN_POINT ( 'NONE',  ( -212.6733921789892463, 188.7375141993991292, 2.959627469579571457 ) ) ;
#531 = DIRECTION ( 'NONE',  ( 0.000000000000000000, 0.000000000000000000, 1.000000000000000000 ) ) ;
#532 = CARTESIAN_POINT ( 'NONE',  ( 214.6911480970494495, -187.1266948221642963, 1.573244882142261991 ) ) ;
#533 = EDGE_LOOP ( 'NONE', ( #449, #1045, #988, #4703 ) ) ;
#534 = CARTESIAN_POINT ( 'NONE',  ( -212.0457755419267869, 189.9605975085936223, -3.529329703182438159E-12 ) ) ;
#535 = CARTESIAN_POINT ( 'NONE',  ( 215.7178087366781654, -185.3322351905149787, -0.4257127542553629795 ) ) ;
#536 = CARTESIAN_POINT ( 'NONE',  ( 189.8030890171142175, -168.3006023726200340, 18.19891117716356987 ) ) ;
#537 = CARTESIAN_POINT ( 'NONE',  ( -189.7714834106584760, 169.9463431880828352, 17.60557142994041158 ) ) ;
#538 = CARTESIAN_POINT ( 'NONE',  ( -160.3870671608221130, 140.9153797059277622, 26.81346296973997312 ) ) ;
#539 = CARTESIAN_POINT ( 'NONE',  ( 1.218048463560709394, 34.99988877971972556, 57.92965745829567226 ) ) ;
#540 = CARTESIAN_POINT ( 'NONE',  ( 29.56620195904157100, 18.75959158792128179, 58.82041377960756279 ) ) ;
#541 = CARTESIAN_POINT ( 'NONE',  ( -215.7178087366783075, 185.3322351905149503, -0.1825041619736932907 ) ) ;
#542 = CARTESIAN_POINT ( 'NONE',  ( 215.8941209475810297, 183.4999387119608514, 0.2992683546706184639 ) ) ;
#543 = CARTESIAN_POINT ( 'NONE',  ( 215.0164565467518969, -187.0253219952333268, 0.02731893297380344476 ) ) ;
#544 = CARTESIAN_POINT ( 'NONE',  ( 138.0930500184734910, -120.5814537686217705, 31.67346618999980379 ) ) ;
#545 = CARTESIAN_POINT ( 'NONE',  ( -215.8985188728211710, -183.4999840267959428, 0.1502236721096488481 ) ) ;
#546 = CARTESIAN_POINT ( 'NONE',  ( -26.24432493777824860, 23.15675729803962923, 50.00000000000000000 ) ) ;
#547 = VERTEX_POINT ( 'NONE', #4854 ) ;
#548 = CARTESIAN_POINT ( 'NONE',  ( -27.10775060354549026, -22.16474483570926068, 58.90998353178826363 ) ) ;
#549 = CARTESIAN_POINT ( 'NONE',  ( -215.3671288583123840, 186.1787791239478622, 0.02009676591936298412 ) ) ;
#550 = AXIS2_PLACEMENT_3D ( 'NONE', #4284, #3681, #2021 ) ;
#551 = CARTESIAN_POINT ( 'NONE',  ( 213.0640752162817932, -189.0351207666007554, 1.401392716554298090 ) ) ;
#552 = CARTESIAN_POINT ( 'NONE',  ( -31.82226839515436367, -28.07871654924105798, 49.16121060595834535 ) ) ;
#553 = CARTESIAN_POINT ( 'NONE',  ( 210.6139076013060105, -186.7140016448724680, 6.747272933022530061 ) ) ;
#554 = CARTESIAN_POINT ( 'NONE',  ( -85.08305869181229752, 74.19095685804185791, 40.98515135093607142 ) ) ;
#555 = AXIS2_PLACEMENT_3D ( 'NONE', #2570, #209, #6164 ) ;
#556 = ORIENTED_EDGE ( 'NONE', *, *, #2108, .F. ) ;
#557 = CARTESIAN_POINT ( 'NONE',  ( -206.8391287801449323, 185.3798383914189571, 8.872317773600672197 ) ) ;
#558 = CARTESIAN_POINT ( 'NONE',  ( -213.1899206720797224, 189.0932628728414784, 0.4109754251659542557 ) ) ;
#559 = CARTESIAN_POINT ( 'NONE',  ( 211.6797578110222844, -191.8424596484394726, -0.000000000000000000 ) ) ;
#560 = CARTESIAN_POINT ( 'NONE',  ( 70.73402382750344941, -63.33055619338990994, 43.07384676021351311 ) ) ;
#561 = CARTESIAN_POINT ( 'NONE',  ( 31.83824785827783188, -28.06016008864335376, 49.15985717517326492 ) ) ;
#562 = DIRECTION ( 'NONE',  ( 0.000000000000000000, 0.000000000000000000, 1.000000000000000000 ) ) ;
#563 = CARTESIAN_POINT ( 'NONE',  ( -213.0481654775142886, -188.9449281411212667, 1.576500717046553035 ) ) ;
#564 = CARTESIAN_POINT ( 'NONE',  ( 204.4464062297596456, -182.2500472907548215, 11.14820924990989859 ) ) ;
#565 = CARTESIAN_POINT ( 'NONE',  ( -217.2193778140983795, -186.3307595783234945, -0.000000000000000000 ) ) ;
#566 = ADVANCED_FACE ( 'NONE', ( #3467, #5, #5870 ), #1704, .F. ) ;
#567 = CARTESIAN_POINT ( 'NONE',  ( -9.367506770274758310E-14, 190.4999999999998295, 0.000000000000000000 ) ) ;
#568 = CARTESIAN_POINT ( 'NONE',  ( -210.3723910662129128, 189.8668654699881699, 2.804312572734501519 ) ) ;
#569 = CARTESIAN_POINT ( 'NONE',  ( 42.55460204930974299, 9.056895577964773736, 48.70606577231075107 ) ) ;
#570 = CARTESIAN_POINT ( 'NONE',  ( 213.2464572491379897, -189.2238716822844253, -8.928972754297369730E-12 ) ) ;
#571 = CARTESIAN_POINT ( 'NONE',  ( 69.61485876422732133, -192.1711732926791001, 0.000000000000000000 ) ) ;
#572 = CARTESIAN_POINT ( 'NONE',  ( 215.8999999999999488, -184.4162978572969962, -0.1419693965929391122 ) ) ;
#573 = CARTESIAN_POINT ( 'NONE',  ( 182.8832502770204087, -160.9790557037810288, 20.77770023469792804 ) ) ;
#574 = CARTESIAN_POINT ( 'NONE',  ( -139.2366649618071790, 124.3747304488153276, 31.03600506823294936 ) ) ;
#575 = CARTESIAN_POINT ( 'NONE',  ( -183.5945944082141068, 163.8906572523152079, 19.94741801264733994 ) ) ;
#576 = CARTESIAN_POINT ( 'NONE',  ( -1.512139737402018902, 42.71981975277531518, 48.19309466396894237 ) ) ;
#577 = CARTESIAN_POINT ( 'NONE',  ( 27.01519890647391620, 22.27777004742516809, 50.00247616925602756 ) ) ;
#578 = CARTESIAN_POINT ( 'NONE',  ( -215.3671567275790153, 186.1787840265556326, -1.398547123386250313 ) ) ;
#579 = CARTESIAN_POINT ( 'NONE',  ( 214.8709950070299612, 189.7871195096699921, 4.049165428483607165 ) ) ;
#580 = CARTESIAN_POINT ( 'NONE',  ( 215.3669426206682260, -186.1787465376869761, 0.05769186683516211445 ) ) ;
#581 = CARTESIAN_POINT ( 'NONE',  ( 137.3439272434594614, -121.4330359006410163, 31.68014501311831310 ) ) ;
#582 = CARTESIAN_POINT ( 'NONE',  ( -215.8999906182709765, -190.4999957485352411, 0.009415843132102967583 ) ) ;
#583 = CARTESIAN_POINT ( 'NONE',  ( -206.2056705103303216, -186.2127285743489153, 8.174870166019134743 ) ) ;
#584 = EDGE_LOOP ( 'NONE', ( #1373, #475, #4720, #5147 ) ) ;
#585 =( BOUNDED_SURFACE ( )  B_SPLINE_SURFACE ( 3, 2, ( 
 ( #3591, #552, #2363 ),
 ( #7645, #5367, #7139 ),
 ( #1778, #6542, #5405 ),
 ( #2326, #1707, #4786 ),
 ( #7060, #1149, #6504 ),
 ( #5917, #4708, #2404 ),
 ( #4747, #2287, #6421 ),
 ( #4820, #6581, #2956 ),
 ( #2246, #1664, #513 ),
 ( #1110, #4073, #1745 ),
 ( #2915, #5329, #4158 ),
 ( #3470, #7211, #1027 ),
 ( #6464, #4669, #4029 ),
 ( #1185, #3427, #3553 ),
 ( #1066, #5874, #5832 ),
 ( #471, #7688, #429 ),
 ( #2833, #5956, #7100 ),
 ( #7763, #5246, #7178 ),
 ( #1377, #1299, #1262 ),
 ( #7366, #701, #3113 ),
 ( #5518, #4229, #4898 ),
 ( #6615, #5479, #6728 ),
 ( #1336, #1890, #121 ),
 ( #5591, #628, #4266 ),
 ( #4934, #6145, #7330 ),
 ( #3777, #3151, #158 ),
 ( #2553, #2517, #1929 ),
 ( #80, #6066, #4381 ),
 ( #4345, #7251, #3740 ),
 ( #6182, #741, #3667 ),
 ( #6768, #665, #4970 ),
 ( #1966, #6104, #7291 ),
 ( #5441, #3072, #2589 ),
 ( #5555, #1849, #2441 ),
 ( #778, #3187, #192 ),
 ( #5007, #4857, #6656 ),
 ( #1812, #2480, #4307 ),
 ( #6691, #1221, #3628 ),
 ( #3703, #6031, #3032 ),
 ( #43, #6964, #6887 ),
 ( #3225, #2155, #5708 ),
 ( #2627, #3300, #2005 ),
 ( #4459, #5784, #3338 ),
 ( #5631, #6808, #230 ),
 ( #7405, #5159, #3901 ),
 ( #1495, #6370, #1570 ),
 ( #6297, #3979, #934 ),
 ( #5082, #340, #897 ),
 ( #5046, #3265, #3859 ),
 ( #1454, #2702, #2119 ),
 ( #6259, #5118, #7443 ),
 ( #6926, #860, #6844 ),
 ( #7520, #4422, #1414 ),
 ( #3817, #6220, #4539 ),
 ( #5670, #301, #2743 ),
 ( #383, #818, #2041 ),
 ( #265, #2666, #7482 ),
 ( #1531, #7559, #2079 ),
 ( #4498, #975, #4576 ),
 ( #5744, #3382, #3937 ),
 ( #6333, #2784, #6496 ),
 ( #506, #1099, #2868 ),
 ( #5281, #421, #2319 ),
 ( #5864, #7680, #5198 ),
 ( #7170, #2909, #1142 ),
 ( #5323, #2824, #3507 ),
 ( #4779, #5910, #7052 ),
 ( #7758, #4064, #5948 ),
 ( #7132, #4616, #5986 ),
 ( #7093, #1019, #4662 ),
 ( #7596, #7721, #5238 ),
 ( #545, #4021, #2948 ),
 ( #2279, #7006, #1773 ),
 ( #3584, #1655, #7636 ),
 ( #2239, #4188, #4741 ),
 ( #6455, #1697, #2196 ),
 ( #461, #6575, #4700 ),
 ( #3420, #2355, #1737 ),
 ( #3460, #4106, #1178 ),
 ( #1057, #3547, #1614 ),
 ( #4149, #582, #6536 ),
 ( #6413, #5361, #5824 ),
 ( #6060, #1330, #6720 ),
 ( #6096, #734, #4814 ),
 ( #694, #6650, #7244 ),
 ( #1842, #657, #2985 ),
 ( #3106, #3659, #5433 ),
 ( #4850, #1883, #3621 ),
 ( #5511, #3, #4258 ),
 ( #3065, #115, #2511 ),
 ( #4928, #1256, #3733 ),
 ( #7324, #3145, #4300 ),
 ( #4890, #6137, #5549 ),
 ( #36, #4337, #5397 ),
 ( #1922, #5471, #2396 ),
 ( #7205, #74, #7285 ),
 ( #2472, #1806, #4223 ),
 ( #6684, #2434, #6609 ),
 ( #1215, #6024, #3695 ),
 ( #1292, #621, #3026 ),
 ( #4088, #5262, #6004 ),
 ( #3529, #7663, #6477 ),
 ( #4643, #5932, #5306 ),
 ( #1719, #1678, #5846 ),
 ( #529, #7035, #487 ),
 ( #7189, #1163, #1081 ) ),
 .UNSPECIFIED., .F., .F., .F. ) 
 B_SPLINE_SURFACE_WITH_KNOTS ( ( 4, 2, 2, 2, 2, 2, 2, 2, 2, 2, 2, 2, 2, 2, 2, 2, 2, 2, 2, 2, 2, 2, 2, 2, 2, 2, 2, 2, 2, 2, 2, 2, 2, 2, 2, 2, 2, 2, 2, 2, 2, 2, 2, 2, 2, 2, 2, 2, 2, 2, 2, 2, 4 ),
 ( 3, 3 ),
 ( 0.007402708790208565280, 0.02258855369503238661, 0.03777439859985620707, 0.06814608840950385493, 0.09851777821915150279, 0.1288894680287991368, 0.1592611578384467985, 0.1744470027432706294, 0.1896328476480944325, 0.2048186925529182356, 0.2124116150053301511, 0.2200045374577420665, 0.2275974599101539819, 0.2313939211363599258, 0.2351903823625658974, 0.2389868435887718690, 0.2408850742018748270, 0.2427833048149778128, 0.2446815354280807986, 0.2456306507346322776, 0.2465797660411837566, 0.2470543236944595100, 0.2475288813477352634, 0.2480034390010110168, 0.2482407178276488935, 0.2484779966542867424, 0.2485966360676056808, 0.2487152754809245914, 0.2487745951875840467, 0.2488339148942435297, 0.2488932346009030128, 0.2489228944542327404, 0.2489525543075624681, 0.2489822141608921957, 0.2489970440875570734, 0.2490044590508894984, 0.2490081665325556970, 0.2490100202733888102, 0.2490109471438053668, 0.2490114105790136589, 0.2490118740142219234, 0.2490121057318260556, 0.2490123374494301878, 0.2490128008846384799, 0.2490137277550550365, 0.2490155814958881497, 0.2490192889775543761, 0.2490267039408868011, 0.2490415338675516788, 0.2490711937208814064, 0.2491898331342003448, 0.2494271119608382214, 0.2503762272673897282 ),
 ( 0.000000000000000000, 1.000000000000000000 ),
 .UNSPECIFIED. ) 
 GEOMETRIC_REPRESENTATION_ITEM ( )  RATIONAL_B_SPLINE_SURFACE ( (
 ( 1.000000000000000000, 0.9997799152818399593, 1.000000000000000000),
 ( 1.000000000000000000, 0.9995072083448726108, 1.000000000000000000),
 ( 1.000000000000000000, 0.9990801912218680858, 1.000000000000000000),
 ( 1.000000000000000000, 0.9981745353796116493, 1.000000000000000000),
 ( 1.000000000000000000, 0.9976928724183028452, 1.000000000000000000),
 ( 1.000000000000000000, 0.9962729401132506268, 1.000000000000000000),
 ( 1.000000000000000000, 0.9953601449855197236, 1.000000000000000000),
 ( 1.000000000000000000, 0.9936148932786624810, 1.000000000000000000),
 ( 1.000000000000000000, 0.9927748253211817753, 1.000000000000000000),
 ( 1.000000000000000000, 0.9910343749405786662, 1.000000000000000000),
 ( 1.000000000000000000, 0.9901362427193224347, 1.000000000000000000),
 ( 1.000000000000000000, 0.9880744561820397065, 1.000000000000000000),
 ( 1.000000000000000000, 0.9869220044138972137, 1.000000000000000000),
 ( 1.000000000000000000, 0.9846541351306994372, 1.000000000000000000),
 ( 1.000000000000000000, 0.9838061033629227348, 1.000000000000000000),
 ( 1.000000000000000000, 0.9817865834115079293, 1.000000000000000000),
 ( 1.000000000000000000, 0.9806202013714748755, 1.000000000000000000),
 ( 1.000000000000000000, 0.9776812567757471317, 1.000000000000000000),
 ( 1.000000000000000000, 0.9759264371678261218, 1.000000000000000000),
 ( 1.000000000000000000, 0.9723038979993632314, 1.000000000000000000),
 ( 1.000000000000000000, 0.9709269779955616020, 1.000000000000000000),
 ( 1.000000000000000000, 0.9676166132631773831, 1.000000000000000000),
 ( 1.000000000000000000, 0.9656907224179362981, 1.000000000000000000),
 ( 1.000000000000000000, 0.9608460062367074617, 1.000000000000000000),
 ( 1.000000000000000000, 0.9579520966947296934, 1.000000000000000000),
 ( 1.000000000000000000, 0.9520683184150140477, 1.000000000000000000),
 ( 1.000000000000000000, 0.9498442957977997203, 1.000000000000000000),
 ( 1.000000000000000000, 0.9445521867474867550, 1.000000000000000000),
 ( 1.000000000000000000, 0.9414939739698113819, 1.000000000000000000),
 ( 1.000000000000000000, 0.9339061325807345160, 1.000000000000000000),
 ( 1.000000000000000000, 0.9294024269170750863, 1.000000000000000000),
 ( 1.000000000000000000, 0.9204668853698000364, 1.000000000000000000),
 ( 1.000000000000000000, 0.9171170993621300394, 1.000000000000000000),
 ( 1.000000000000000000, 0.9092475177837734401, 1.000000000000000000),
 ( 1.000000000000000000, 0.9047413130081279897, 1.000000000000000000),
 ( 1.000000000000000000, 0.8937169933800005461, 1.000000000000000000),
 ( 1.000000000000000000, 0.8872356277003665692, 1.000000000000000000),
 ( 1.000000000000000000, 0.8745614067367389888, 1.000000000000000000),
 ( 1.000000000000000000, 0.8698337499624644309, 1.000000000000000000),
 ( 1.000000000000000000, 0.8587623097748435796, 1.000000000000000000),
 ( 1.000000000000000000, 0.8524447374978012526, 1.000000000000000000),
 ( 1.000000000000000000, 0.8407813533329299149, 1.000000000000000000),
 ( 1.000000000000000000, 0.8365148080621395144, 1.000000000000000000),
 ( 1.000000000000000000, 0.8269380731910341842, 1.000000000000000000),
 ( 1.000000000000000000, 0.8216344458435825837, 1.000000000000000000),
 ( 1.000000000000000000, 0.8093778792390556864, 1.000000000000000000),
 ( 1.000000000000000000, 0.8024548729989821050, 1.000000000000000000),
 ( 1.000000000000000000, 0.7898117552839128974, 1.000000000000000000),
 ( 1.000000000000000000, 0.7852143669987389218, 1.000000000000000000),
 ( 1.000000000000000000, 0.7748557453209653501, 1.000000000000000000),
 ( 1.000000000000000000, 0.7691264014151121264, 1.000000000000000000),
 ( 1.000000000000000000, 0.7592236999334290859, 1.000000000000000000),
 ( 1.000000000000000000, 0.7556999232577813475, 1.000000000000000000),
 ( 1.000000000000000000, 0.7480679593501055047, 1.000000000000000000),
 ( 1.000000000000000000, 0.7439414621022761853, 1.000000000000000000),
 ( 1.000000000000000000, 0.7372640133179998445, 1.000000000000000000),
 ( 1.000000000000000000, 0.7349577937588662735, 1.000000000000000000),
 ( 1.000000000000000000, 0.7301959458135962588, 1.000000000000000000),
 ( 1.000000000000000000, 0.7277383404402044675, 1.000000000000000000),
 ( 1.000000000000000000, 0.7227402695634788099, 1.000000000000000000),
 ( 1.000000000000000000, 0.7201949289854586711, 1.000000000000000000),
 ( 1.000000000000000000, 0.7164774781705568474, 1.000000000000000000),
 ( 1.000000000000000000, 0.7152564672511152466, 1.000000000000000000),
 ( 1.000000000000000000, 0.7129125217786496105, 1.000000000000000000),
 ( 1.000000000000000000, 0.7117876980648754071, 1.000000000000000000),
 ( 1.000000000000000000, 0.7097502908128874299, 1.000000000000000000),
 ( 1.000000000000000000, 0.7088286669435839293, 1.000000000000000000),
 ( 1.000000000000000000, 0.7078235388697733388, 1.000000000000000000),
 ( 1.000000000000000000, 0.7075558819457388182, 1.000000000000000000),
 ( 1.000000000000000000, 0.7072875844433758052, 1.000000000000000000),
 ( 1.000000000000000000, 0.7072201608684961505, 1.000000000000000000),
 ( 1.000000000000000000, 0.7071528434801114260, 1.000000000000000000),
 ( 1.000000000000000000, 0.7071360146255908363, 1.000000000000000000),
 ( 1.000000000000000000, 0.7071189830207953442, 1.000000000000000000),
 ( 1.000000000000000000, 0.7071146815540100272, 1.000000000000000000),
 ( 1.000000000000000000, 0.7071102350142216553, 1.000000000000000000),
 ( 1.000000000000000000, 0.7071090927715897312, 1.000000000000000000),
 ( 1.000000000000000000, 0.7071078717567184091, 1.000000000000000000),
 ( 1.000000000000000000, 0.7071075579600095695, 1.000000000000000000),
 ( 1.000000000000000000, 0.7071070592325722215, 1.000000000000000000),
 ( 1.000000000000000000, 0.7071069628870755297, 1.000000000000000000),
 ( 1.000000000000000000, 0.7071067694897720246, 1.000000000000000000),
 ( 1.000000000000000000, 0.7071068229546493278, 1.000000000000000000),
 ( 1.000000000000000000, 0.7071067394184484822, 1.000000000000000000),
 ( 1.000000000000000000, 0.7071068051784601405, 1.000000000000000000),
 ( 1.000000000000000000, 0.7071067332027225483, 1.000000000000000000),
 ( 1.000000000000000000, 0.7071067874777724471, 1.000000000000000000),
 ( 1.000000000000000000, 0.7071067686041057065, 1.000000000000000000),
 ( 1.000000000000000000, 0.7071067811865475727, 1.000000000000000000),
 ( 1.000000000000000000, 0.7071067811865475727, 1.000000000000000000),
 ( 1.000000000000000000, 0.7071067811865502373, 1.000000000000000000),
 ( 1.000000000000000000, 0.7071067811865502373, 1.000000000000000000),
 ( 1.000000000000000000, 0.7071067811865489050, 1.000000000000000000),
 ( 1.000000000000000000, 0.7071067811865489050, 1.000000000000000000),
 ( 1.000000000000000000, 0.7071067811865502373, 1.000000000000000000),
 ( 1.000000000000000000, 0.7071067811865502373, 1.000000000000000000),
 ( 1.000000000000000000, 0.7071067811865489050, 1.000000000000000000),
 ( 1.000000000000000000, 0.7071067811865489050, 1.000000000000000000),
 ( 1.000000000000000000, 0.7071067811865489050, 1.000000000000000000),
 ( 1.000000000000000000, 0.7071067811865489050, 1.000000000000000000),
 ( 1.000000000000000000, 0.7071067811865489050, 1.000000000000000000),
 ( 1.000000000000000000, 0.7071067811865489050, 1.000000000000000000),
 ( 1.000000000000000000, 0.7071067811865502373, 1.000000000000000000),
 ( 1.000000000000000000, 0.7071067811865502373, 1.000000000000000000),
 ( 1.000000000000000000, 0.7071067811865475727, 1.000000000000000000),
 ( 1.000000000000000000, 0.7071067811865475727, 1.000000000000000000) ) ) 
 REPRESENTATION_ITEM ( '' )  SURFACE ( )  );
#586 = DIRECTION ( 'NONE',  ( 0.000000000000000000, 0.000000000000000000, 1.000000000000000000 ) ) ;
#587 = CARTESIAN_POINT ( 'NONE',  ( -208.9000000000000341, 190.5000000000000000, 6.062116545664508331E-05 ) ) ;
#588 = CARTESIAN_POINT ( 'NONE',  ( 213.7739733960635817, -188.4241704345422761, 1.034917642785462055 ) ) ;
#589 = DIRECTION ( 'NONE',  ( -0.000000000000000000, -0.000000000000000000, -1.000000000000000000 ) ) ;
#590 = CARTESIAN_POINT ( 'NONE',  ( 208.6852466473809784, -188.5502586362165118, 5.552423208752286676 ) ) ;
#591 = CARTESIAN_POINT ( 'NONE',  ( -99.24662775422022776, 88.55485792578728876, 38.42681291741011762 ) ) ;
#592 = AXIS2_PLACEMENT_3D ( 'NONE', #681, #4324, #6596 ) ;
#593 = ORIENTED_EDGE ( 'NONE', *, *, #6447, .T. ) ;
#594 = CARTESIAN_POINT ( 'NONE',  ( -208.2117720918220130, 186.9233401459105721, 7.391797829987629243 ) ) ;
#595 = CARTESIAN_POINT ( 'NONE',  ( -213.7991949938146945, 188.4333368205620900, 0.8573258086376598364 ) ) ;
#596 = CARTESIAN_POINT ( 'NONE',  ( 69.56091968892248190, 61.37895880953855965, 43.41845755877966440 ) ) ;
#597 = CARTESIAN_POINT ( 'NONE',  ( 216.7877231997639171, 187.4064363918229219, -0.000000000000000000 ) ) ;
#598 = CARTESIAN_POINT ( 'NONE',  ( 50.94787844318463499, -44.42408848157158019, 46.29491518129988492 ) ) ;
#599 = VECTOR ( 'NONE', #7615, 1000.000000000000000 ) ;
#600 = CARTESIAN_POINT ( 'NONE',  ( 209.0316026589365492, -180.9239551856263404, 9.779456099032332261 ) ) ;
#601 = CARTESIAN_POINT ( 'NONE',  ( -31.88650671558198368, 28.00481249349903479, 49.15975176560881721 ) ) ;
#602 = ORIENTED_EDGE ( 'NONE', *, *, #4384, .F. ) ;
#603 = CARTESIAN_POINT ( 'NONE',  ( 80.96249999999987779, 190.5000000000000568, 0.000000000000000000 ) ) ;
#604 = AXIS2_PLACEMENT_3D ( 'NONE', #5632, #2628, #2667 ) ;
#605 = CARTESIAN_POINT ( 'NONE',  ( -214.8250422536542601, 185.0765982903156726, 3.623531301219997669 ) ) ;
#606 = DIRECTION ( 'NONE',  ( -1.000000000000000000, -0.000000000000000000, -0.000000000000000000 ) ) ;
#607 = CARTESIAN_POINT ( 'NONE',  ( -215.7294212074128836, -182.1634456520886260, 1.574882225973269545 ) ) ;
#608 = CARTESIAN_POINT ( 'NONE',  ( -210.7107934979828769, 190.4394608714232788, -9.100865100755094097E-13 ) ) ;
#609 = CARTESIAN_POINT ( 'NONE',  ( 210.7322351905148707, -190.3178087366781881, -0.4257127542553629795 ) ) ;
#610 = CARTESIAN_POINT ( 'NONE',  ( 183.5945944082139079, -163.8906572523151794, 19.94741801264734349 ) ) ;
#611 = CARTESIAN_POINT ( 'NONE',  ( -93.58886251532138090, 83.71231426882073379, 39.35542027831503020 ) ) ;
#612 = CIRCLE ( 'NONE', #5766, 9.999999999999998224 ) ;
#613 = CARTESIAN_POINT ( 'NONE',  ( -172.0438298695544290, 150.4765590575312331, 23.98257054784654940 ) ) ;
#614 = CARTESIAN_POINT ( 'NONE',  ( -208.1938003784922273, 188.9250740819514931, 4.973294777851544168 ) ) ;
#615 = CARTESIAN_POINT ( 'NONE',  ( -16.66302819520360501, 30.78648678133777139, 50.02563169171144608 ) ) ;
#616 = EDGE_CURVE ( 'NONE', #2074, #877, #2940, .T. ) ;
#617 = CARTESIAN_POINT ( 'NONE',  ( -212.7576739025429617, 191.4156286396502082, -0.000000000000000000 ) ) ;
#618 = CARTESIAN_POINT ( 'NONE',  ( 208.8540190394709271, 190.3632068895934140, 1.479631058193495274 ) ) ;
#619 = CARTESIAN_POINT ( 'NONE',  ( 215.0164771168768993, -187.0253266318579222, 0.01990379996171537380 ) ) ;
#620 = CARTESIAN_POINT ( 'NONE',  ( 130.5208799403990838, -113.9582409062580552, 33.13009662528825316 ) ) ;
#621 = CARTESIAN_POINT ( 'NONE',  ( -215.9000000000011710, -190.4999999999999147, -0.1011166486417419130 ) ) ;
#622 = DIRECTION ( 'NONE',  ( -0.000000000000000000, -0.000000000000000000, 1.000000000000000000 ) ) ;
#623 = EDGE_LOOP ( 'NONE', ( #3318, #7230, #7120, #4781 ) ) ;
#624 = EDGE_CURVE ( 'NONE', #6863, #6475, #7513, .T. ) ;
#625 = CARTESIAN_POINT ( 'NONE',  ( 164.1395589096498497, 142.9929254068755426, 25.98790763485430944 ) ) ;
#626 = CARTESIAN_POINT ( 'NONE',  ( -209.8162978572970587, 190.5000000000000000, -0.02036510045201300398 ) ) ;
#627 = CARTESIAN_POINT ( 'NONE',  ( 208.8958166721617999, -190.4898549137548400, 0.4102908434274597504 ) ) ;
#628 = CARTESIAN_POINT ( 'NONE',  ( -192.1677885755533168, -169.5632102641017696, 17.85182970066604113 ) ) ;
#629 = CARTESIAN_POINT ( 'NONE',  ( 210.9164487777918566, -187.0090844291904375, 6.364913824443700463 ) ) ;
#630 = CARTESIAN_POINT ( 'NONE',  ( -114.3974412734890080, 101.8083808928678309, 35.85441194725772363 ) ) ;
#631 = ORIENTED_EDGE ( 'NONE', *, *, #4731, .T. ) ;
#632 = CARTESIAN_POINT ( 'NONE',  ( -211.8567105246905840, 182.7813242893403469, 7.552788111257030756 ) ) ;
#633 = CARTESIAN_POINT ( 'NONE',  ( 22.52539453037562822, -26.89842900923382985, 58.71624231536586080 ) ) ;
#634 = CARTESIAN_POINT ( 'NONE',  ( -213.1989372472028492, 189.0965899257301430, 0.2029709459487437917 ) ) ;
#635 = CARTESIAN_POINT ( 'NONE',  ( 198.9525092459104201, 178.6348820127526267, 13.47171685671748165 ) ) ;
#636 = CARTESIAN_POINT ( 'NONE',  ( 161.9128371028748745, -144.6600031808909819, 25.95194050524071727 ) ) ;
#637 = CARTESIAN_POINT ( 'NONE',  ( 54.11256129068878096, -48.44197459508465897, 45.68490984744990868 ) ) ;
#638 = CARTESIAN_POINT ( 'NONE',  ( 206.0930880161163259, -182.4826401361473529, 10.70590868264484286 ) ) ;
#639 = DIRECTION ( 'NONE',  ( 0.000000000000000000, 0.000000000000000000, 1.000000000000000000 ) ) ;
#640 = CARTESIAN_POINT ( 'NONE',  ( -203.6370034833776685, 177.3853856998082392, 12.93176139331129271 ) ) ;
#641 = CARTESIAN_POINT ( 'NONE',  ( -215.3189252493509684, 185.2500951850892079, 2.420979106076227350 ) ) ;
#642 = CARTESIAN_POINT ( 'NONE',  ( -225.8999999999999204, -200.5000000000000284, 2.000000000000001776 ) ) ;
#643 = CARTESIAN_POINT ( 'NONE',  ( 215.8999999999999204, -200.5000000000000284, 70.00000000000000000 ) ) ;
#644 = ORIENTED_EDGE ( 'NONE', *, *, #3272, .T. ) ;
#645 = CARTESIAN_POINT ( 'NONE',  ( 69.61644831116508669, -190.2704840247123741, 1.374876356215740669 ) ) ;
#646 = CARTESIAN_POINT ( 'NONE',  ( 215.3671567275789869, -186.1787840265556042, -0.1419693965929391122 ) ) ;
#647 = CARTESIAN_POINT ( 'NONE',  ( 193.3717382055553458, -168.0012439038496268, 17.41625586542139104 ) ) ;
#648 = CARTESIAN_POINT ( 'NONE',  ( -207.1537471130247070, 187.3936708848229102, 6.978108269414179610 ) ) ;
#649 = CARTESIAN_POINT ( 'NONE',  ( -175.8348645999762709, 153.7690820301353085, 22.96917535318265990 ) ) ;
#650 = CARTESIAN_POINT ( 'NONE',  ( -209.9623029855136451, 188.0203708576865154, 5.800133544197609403 ) ) ;
#651 = CARTESIAN_POINT ( 'NONE',  ( -19.82698448005609393, 28.86967992658933468, 50.02410129258687022 ) ) ;
#652 = DIRECTION ( 'NONE',  ( 1.000000000000000000, 0.000000000000000000, 0.000000000000000000 ) ) ;
#653 = CARTESIAN_POINT ( 'NONE',  ( -211.5787840265556667, 189.9671567275789812, -1.398547123386250313 ) ) ;
#654 = CARTESIAN_POINT ( 'NONE',  ( 215.8764321644598851, 190.4895522278223154, 0.6222993433442578493 ) ) ;
#655 = CARTESIAN_POINT ( 'NONE',  ( 215.3671288583122418, -186.1787791239478054, 0.02009676592120172509 ) ) ;
#656 = CARTESIAN_POINT ( 'NONE',  ( 162.9295070661325724, -145.5719195144959599, 25.70390762236696247 ) ) ;
#657 = CARTESIAN_POINT ( 'NONE',  ( -215.9000024766933734, -190.5000011228511596, -0.002097694383266387585 ) ) ;
#658 = CARTESIAN_POINT ( 'NONE',  ( 0.000000000000000000, 0.000000000000000000, 0.000000000000000000 ) ) ;
#659 = EDGE_LOOP ( 'NONE', ( #5587, #7569, #5835, #1410, #4417, #6215, #1599, #1409 ) ) ;
#660 = EDGE_CURVE ( 'NONE', #1683, #5772, #3998, .T. ) ;
#661 = CARTESIAN_POINT ( 'NONE',  ( 26.41788384992430494, -22.95855859787171838, 58.93158553443242198 ) ) ;
#662 = CARTESIAN_POINT ( 'NONE',  ( -211.5787835887631729, 189.9671565012379801, 0.003441333178586132840 ) ) ;
#663 = ADVANCED_FACE ( 'NONE', ( #4419 ), #3098, .F. ) ;
#664 = CARTESIAN_POINT ( 'NONE',  ( 215.8642580162553202, -184.4138092813386152, 0.7227022787383159397 ) ) ;
#665 = CARTESIAN_POINT ( 'NONE',  ( -203.6424778902488129, -179.6987171868093753, 12.99250576003573165 ) ) ;
#666 = CARTESIAN_POINT ( 'NONE',  ( 209.8267587121534632, -187.8554445907891193, 6.031344453038317788 ) ) ;
#667 = CARTESIAN_POINT ( 'NONE',  ( -144.6105614744853369, 128.3866598360708338, 30.06300542154553312 ) ) ;
#668 = CARTESIAN_POINT ( 'NONE',  ( -207.4261434630476515, 187.7632122867406679, 6.549981732409251300 ) ) ;
#669 = CARTESIAN_POINT ( 'NONE',  ( -26.32429621090502181, 23.06624773553510721, 50.00097781201387193 ) ) ;
#670 = CARTESIAN_POINT ( 'NONE',  ( -213.2007014622143402, 189.0972449789404379, 0.1253549209865662262 ) ) ;
#671 = CARTESIAN_POINT ( 'NONE',  ( 170.3928020216667676, 152.2862167768032009, 23.77033348559335835 ) ) ;
#672 = CARTESIAN_POINT ( 'NONE',  ( 214.0298089500257390, 188.0308363115848351, 1.574235964599406401 ) ) ;
#673 = CARTESIAN_POINT ( 'NONE',  ( 54.57381564416222375, -47.92208348161545217, 45.72015143186043673 ) ) ;
#674 = CARTESIAN_POINT ( 'NONE',  ( 205.5322568020082201, -184.7236622549413312, 9.472198775731689224 ) ) ;
#675 = CARTESIAN_POINT ( 'NONE',  ( 208.8445242774670589, 192.2983899599432220, 2.000000000000000000 ) ) ;
#676 = CARTESIAN_POINT ( 'NONE',  ( -208.8458060418408877, -190.6627464050829417, 2.276824562219558996E-14 ) ) ;
#677 = VECTOR ( 'NONE', #2532, 1000.000000000000000 ) ;
#678 = CARTESIAN_POINT ( 'NONE',  ( -199.6784988771545102, 176.1642419689442534, 14.43382331088792903 ) ) ;
#679 = CARTESIAN_POINT ( 'NONE',  ( -212.9938991398464054, 188.9922471077033492, 1.752147049777718735 ) ) ;
#680 = CARTESIAN_POINT ( 'NONE',  ( 208.7256664929746819, 189.9924899208257330, 2.849498309496331316 ) ) ;
#681 = CARTESIAN_POINT ( 'NONE',  ( -225.8999999999999204, -150.0000000000000000, 50.00000000000000000 ) ) ;
#682 = CARTESIAN_POINT ( 'NONE',  ( -215.4961555254815266, 185.2828476878738684, 1.572973641159746361 ) ) ;
#683 = CARTESIAN_POINT ( 'NONE',  ( 215.7178087366781654, -185.3322351905149787, -0.3446432234946718021 ) ) ;
#684 = CARTESIAN_POINT ( 'NONE',  ( 196.3426572070443967, -174.1873724225095827, 15.63079801090570164 ) ) ;
#685 = CARTESIAN_POINT ( 'NONE',  ( -150.5923561631607583, 134.5206647815361123, 28.58814177061023187 ) ) ;
#686 = CARTESIAN_POINT ( 'NONE',  ( -171.7214852056779080, 150.8502059676293072, 24.00906570700852782 ) ) ;
#687 = CARTESIAN_POINT ( 'NONE',  ( -210.5357863299578582, 188.7399792720073322, 4.675755241046865684 ) ) ;
#688 = CARTESIAN_POINT ( 'NONE',  ( 198.5097456550660411, -172.2472951223556095, 15.38291304012204108 ) ) ;
#689 = CARTESIAN_POINT ( 'NONE',  ( 27.79923372929247094, -21.36907115188553163, 58.88833091519255447 ) ) ;
#690 = FACE_OUTER_BOUND ( 'NONE', #5777, .T. ) ;
#691 = CARTESIAN_POINT ( 'NONE',  ( 215.8999999999998352, 183.5000000000000284, -0.002313314995922307639 ) ) ;
#692 = CARTESIAN_POINT ( 'NONE',  ( 209.8162879572911947, -190.4999913076779592, 0.01269897546285101222 ) ) ;
#693 = CARTESIAN_POINT ( 'NONE',  ( 152.9687692205865233, -134.1246660646976068, 28.51781395839893918 ) ) ;
#694 = CARTESIAN_POINT ( 'NONE',  ( -215.8999999999999773, -183.4999999914384148, 0.0004587716901195342889 ) ) ;
#695 = CARTESIAN_POINT ( 'NONE',  ( -225.8999999999999204, -150.0000000000000000, 50.00000000000000000 ) ) ;
#696 = ORIENTED_EDGE ( 'NONE', *, *, #6253, .F. ) ;
#697 = CARTESIAN_POINT ( 'NONE',  ( 126.9064429380833161, 36.71619411726638305, 35.74265220146897093 ) ) ;
#698 = CARTESIAN_POINT ( 'NONE',  ( -215.0165047184798368, 187.0253328625962865, -9.771776180651121099E-05 ) ) ;
#699 = B_SPLINE_SURFACE_WITH_KNOTS ( 'NONE', 3, 3, ( 
 ( #4127, #2967, #5452, #7222, #1824, #1863, #4239, #3528, #5930, #5415, #601, #3005, #4981 ),
 ( #4435, #7378, #168, #1977, #7303, #3715, #1466, #2602, #3238, #5681, #5021, #4946, #5603 ),
 ( #6857, #204, #1350, #2053, #4472, #2017, #7342, #6158, #7418, #2529, #5646, #830, #4319 ),
 ( #3791, #6819, #1902, #6702, #3162, #1311, #6118, #1426, #3831, #5566, #3198, #242, #790 ),
 ( #712, #3127, #6194, #5530, #132, #1940, #4357, #6232, #2641, #6741, #6782, #2564, #3871 ),
 ( #5059, #4395, #3752, #1390, #3276, #7457, #6273, #871, #752, #275, #2677, #3988, #2753 ),
 ( #392, #3429, #1581, #5169, #7568, #908, #5876, #4549, #311, #3472, #2165, #6342, #2248 ),
 ( #3912, #5834, #2712, #4587, #6900, #4671, #2835, #7062, #943, #431, #5752, #1068, #5093 ),
 ( #3348, #473, #2793, #987, #1625, #6308, #4031, #1666, #4075, #6976, #3311, #5248, #6380 ),
 ( #5128, #3391, #7493, #352, #2128, #2088, #1029, #1505, #5718, #4511, #7531, #5207, #6466 ),
 ( #7607, #5794, #2206, #6936, #1542, #7648, #6423, #3949, #4628, #7017, #7214, #554, #1152 ),
 ( #515, #6546, #7141, #5443, #4749, #5994, #2958, #5920, #10, #5369, #3555, #7765, #2881 ),
 ( #4859, #591, #6617, #1264, #2995, #2917, #1187, #7253, #2443, #3593, #1747, #46, #1851 ),
 ( #3630, #5958, #4823, #2289, #3669, #2365, #4788, #6506, #5331, #7180, #1780, #4268, #7729 ),
 ( #6658, #2406, #630, #6069, #4197, #1814, #3517, #2328, #5291, #7690, #4160, #6583, #4710 ),
 ( #4231, #5407, #1223, #7102, #6033, #1709, #3036, #4118, #1112, #161, #124, #4310, #3228 ),
 ( #3075, #6731, #4973, #5635, #7407, #2520, #4425, #5482, #4349, #5594, #1340, #7333, #2631 ),
 ( #6148, #3780, #744, #2556, #7446, #5049, #821, #5010, #6847, #4900, #6185, #2007, #3154 ),
 ( #4385, #3743, #7370, #667, #82, #6810, #5558, #5521, #1969, #2593, #232, #6772, #2044 ),
 ( #195, #4937, #1932, #1380, #781, #2483, #7294, #3189, #1893, #6694, #1416, #3820, #6222 ),
 ( #4462, #1457, #3861, #1303, #3706, #6108, #704, #3116, #2704, #5711, #2859, #6488, #863 ),
 ( #2902, #4733, #2348, #2081, #7714, #1689, #4693, #4140, #1091, #2939, #4097, #2272, #4056 ),
 ( #6446, #1498, #3498, #1050, #6929, #3452, #6262, #2669, #538, #5903, #2312, #4769, #499 ),
 ( #7086, #5352, #5941, #5316, #304, #1135, #3540, #5120, #7125, #1647, #1729, #5674, #7163 ),
 ( #454, #4502, #6300, #5857, #5275, #7750, #3905, #6891, #1766, #6529, #3268, #268, #7673 ),
 ( #901, #3303, #5085, #7485, #7523, #2121, #4542, #1208, #686, #4249, #613, #3725, #6052 ),
 ( #5463, #7235, #6127, #3650, #3613, #7789, #6712, #2463, #6568, #2426, #649, #1322, #3097 ),
 ( #105, #1171, #28, #1284, #4842, #3017, #724, #3687, #2539, #6014, #1913, #6088, #5502 ),
 ( #2503, #7276, #3057, #3137, #4919, #7315, #1834, #4329, #66, #1874, #1799, #6638, #5425 ),
 ( #1246, #4292, #6676, #4216, #4881, #5541, #7198, #141, #4955, #7352, #4181, #3576, #6601 ),
 ( #5979, #575, #2977, #5388, #2388, #4807, #803, #2688, #2612, #3884, #1361, #2724, #5614 ),
 ( #1989, #1437, #5032, #3323, #7387, #2574, #5730, #1477, #7502, #323, #3842, #6869, #4990 ),
 ( #919, #5141, #3802, #4407, #1951, #6793, #6283, #2027, #6203, #1516, #6242, #4366, #3249 ),
 ( #3922, #841, #1399, #5576, #4522, #252, #6750, #213, #5656, #6910, #882, #3208, #5692 ),
 ( #7429, #3286, #4445, #6829, #6319, #286, #3763, #2652, #2099, #5104, #6168, #5068, #764 ),
 ( #7467, #3172, #177, #2065, #4482, #4683, #2218, #6434, #364, #4003, #4599, #4086, #2177 ),
 ( #3440, #2765, #6988, #4042, #5765, #2260, #7662, #2140, #6395, #999, #5806, #443, #5261 ),
 ( #2846, #7073, #2891, #955, #1677, #1039, #7033, #6476, #5845, #5888, #1080, #4642, #3403 ),
 ( #403, #5180, #3485, #2806, #5221, #7619, #7543, #6354, #486, #5304, #1594, #7701, #6947 ),
 ( #2300, #1635, #4560, #1553, #3962, #3361, #7579, #169, #7304, #6784, #1979, #2566, #4358 ),
 ( #4240, #3128, #6742, #5493, #6079, #3716, #678, #1904, #20, #4834, #1352, #94, #4872 ),
 ( #6667, #5532, #3047, #6159, #3754, #7226, #3087, #2493, #4911, #1942, #754, #7379, #3164 ),
 ( #3793, #3641, #5567, #133, #6119, #4982, #2530, #4397, #4947, #714, #4320, #1391, #6703 ),
 ( #7343, #1312, #6195, #792, #2417, #6628, #3200, #1826, #1235, #6044, #640, #5454, #57 ),
 ( #2454, #7266, #1864, #4281, #1274, #3678, #3240, #910, #3952, #2090, #3278, #278, #1428 ),
 ( #5060, #831, #3990, #5683, #6859, #2755, #946, #4436, #6345, #5647, #2679, #7419, #5171 ),
 ( #7570, #1468, #3351, #6275, #1584, #5604, #2055, #3874, #989, #3314, #1507, #2131, #6821 ),
 ( #2167, #4590, #5097, #3832, #5755, #4513, #6902, #243, #3914, #205, #873, #6310, #354 ),
 ( #6384, #2019, #2603, #5720, #5022, #6233, #2642, #7458, #5131, #6978, #4474, #7495, #314 ),
 ( #2714, #7534, #4551, #6938, #1544, #7182, #3557, #7732, #5923, #7020, #6425, #5294, #2292 ),
 ( #1031, #6509, #1749, #7693, #1072, #5880, #1627, #4199, #2837, #3431, #1782, #3475, #4674 ),
 ( #2920, #1155, #6585, #2883, #518, #4033, #5836, #2368, #3393, #5251, #433, #5796, #7652 ),
 ( #476, #2250, #2960, #4712, #394, #7106, #6468, #5371, #1712, #7064, #1668, #5960, #4120 ),
 ( #4077, #1116, #557, #2330, #3520, #7144, #2795, #5333, #4752, #4163, #6549, #7768, #4790 ),
 ( #5210, #2208, #7609, #4631, #4311, #5523, #6695, #5483, #745, #2521, #7334, #6659, #1933 ),
 ( #1304, #6619, #4861, #5445, #3744, #3038, #3707, #6109, #1226, #48, #705, #4233, #4350 ),
 ( #5996, #7255, #1854, #1265, #3118, #4938, #3155, #125, #6733, #4974, #4825, #1341, #2998 ),
 ( #6150, #4271, #4902, #5559, #2484, #1970, #5409, #1189, #83, #3595, #12, #7216, #6035 ),
 ( #3670, #6070, #594, #2408, #162, #2557, #7371, #4386, #1816, #3633, #7295, #632, #2445 ),
 ( #668, #3076, #1894, #5637, #7525, #7447, #902, #6186, #7562, #2632, #864, #2594, #6811 ),
 ( #2045, #344, #4426, #7409, #2746, #6301, #4543, #5162, #6264, #3906, #2008, #1417, #5746 ),
 ( #5121, #4463, #2158, #6774, #3229, #5050, #1381, #4503, #2670, #3304, #196, #5712, #937 ),
 ( #3269, #5011, #6930, #5675, #269, #3822, #5086, #3781, #6849, #6223, #782, #2705, #3190 ),
 ( #5596, #822, #2082, #3341, #1534, #7487, #3941, #6893, #233, #1458, #6335, #305, #3862 ),
 ( #1499, #2122, #2242, #2828, #466, #5241, #4068, #4579, #1573, #1104, #4665, #1618, #7056 ),
 ( #7237, #1659, #6641, #3385, #4112, #1023, #4024, #1062, #4704, #6969, #3982, #425, #6373 ),
 ( #614, #979, #2787, #650, #5788, #7684, #1249, #2427, #3465, #4843, #6459, #3651, #6053 ),
 ( #3614, #3058, #386, #2283, #6016, #5869, #7640, #2873, #5285, #7096, #5201, #7600, #3019 ),
 ( #6417, #1702, #6500, #1835, #5426, #5464, #2200, #29, #3423, #5828, #4251, #67, #4619 ),
 ( #7010, #2465, #4293, #5577, #1991, #6130, #6169, #3209, #3764, #3252, #6677, #4883, #1363 ),
 ( #1285, #6089, #7317, #4408, #5615, #7278, #1952, #3138, #4446, #215, #765, #726, #1875 ),
 ( #2614, #6794, #4992, #687, #5504, #4367, #3173, #144, #107, #178, #804, #6753, #2541 ),
 ( #3099, #5658, #1914, #2504, #844, #4956, #3726, #7430, #5033, #3688, #2028, #4920, #7353 ),
 ( #6830, #1439, #3844, #5542, #6243, #2575, #4330, #6713, #1323, #7389, #1400, #3803, #6205 ),
 ( #1479, #6990, #2220, #7036, #7544, #3886, #5808, #6949, #1554, #3287, #3964, #2654, #3324 ),
 ( #2141, #920, #1637, #5693, #884, #4046, #7580, #404, #6436, #4561, #5181, #287, #2689 ),
 ( #1041, #2101, #5105, #3443, #7504, #4600, #325, #4523, #7620, #6355, #5069, #957, #5731 ),
 ( #3364, #6911, #6284, #2807, #5767, #7468, #6320, #365, #5222, #1595, #1517, #4005, #2066 ),
 ( #2178, #2727, #3924, #4645, #6398, #5143, #253, #6871, #2766, #1002, #3404, #4484, #1164 ),
 ( #5417, #7190, #4208, #3531, #6594, #7155, #3569, #3488, #1720, #2303, #605, #7704, #5971 ),
 ( #5892, #4723, #568, #1082, #1199, #1792, #2848, #4130, #6520, #5933, #7782, #3605, #21 ),
 ( #7664, #2969, #5381, #1126, #1758, #6005, #4173, #6629, #2263, #5848, #4761, #445, #4685 ),
 ( #2894, #2380, #3008, #5264, #5344, #530, #2418, #4835, #6561, #2930, #7076, #7741, #1827 ),
 ( #4800, #7227, #1679, #488, #2340, #4241, #1238, #5307, #4089, #6478, #7116, #1314, #6120 ),
 ( #4437, #5606, #3794, #170, #2020, #59, #6743, #2567, #3717, #1906, #7344, #4322, #3130 ),
 ( #6196, #5495, #1353, #6160, #1276, #2495, #3756, #6669, #1980, #4983, #641, #6705, #715 ),
 ( #5568, #7380, #3201, #4399, #6785, #7421, #7267, #1392, #755, #1943, #793, #3165, #206 ),
 ( #4359, #5533, #2604, #134, #3680, #5024, #2531, #4948, #6822, #3643, #2456, #6045, #3048 ),
 ( #5455, #4874, #6081, #1867, #4283, #679, #3089, #96, #4912, #7306, #279, #2168, #2091 ),
 ( #832, #2210, #5098, #3315, #5061, #1469, #911, #4514, #2796, #6860, #2056, #5211, #947 ),
 ( #7610, #5721, #6346, #4475, #3875, #395, #4632, #3279, #6276, #1429, #874, #5756, #1508 ),
 ( #6939, #5132, #355, #2643, #2756, #3394, #3833, #315, #7459, #6979, #2715, #7535, #5684 ),
 ( #6234, #6903, #2680, #3241, #5172, #5648, #7496, #244, #3915, #4552, #5797, #1585, #2132 ),
 ( #1545, #6311, #3953, #3352, #7571, #4591, #3992, #6385, #990, #1190, #2331, #2961, #5410 ),
 ( #4675, #5334, #3596, #6586, #7733, #1073, #1784, #4200, #5881, #7769, #7694, #1156, #6426 ),
 ( #2884, #1117, #2838, #7065, #6510, #2293, #595, #1669, #7653, #2999, #6551, #4791, #13 ),
 ( #4164, #2252, #4078, #5997, #2409, #3476, #6469, #7022, #478, #3559, #7107, #5296, #1628 ),
 ( #4034, #520, #4713, #1032, #3522, #1713, #5253, #3432, #4753, #5837, #4121, #5924, #434 ),
 ( #2921, #5372, #7145, #1750, #5961, #558, #2369, #7183, #1935, #3671, #784, #3635, #7257 ),
 ( #6776, #4976, #1345, #3192, #1228, #127, #3746, #2486, #3079, #707, #5485, #4313, #4827 ),
 ( #6153, #4904, #1856, #7297, #6735, #7373, #1897, #1384, #6037, #4352, #1267, #4273, #1306 ),
 ( #747, #4389, #3157, #5561, #5597, #634, #163, #2523, #3121, #2559, #7336, #3785, #4940 ),
 ( #6697, #1972, #3709, #6188, #198, #7217, #1818, #3040, #4234, #6621, #5525, #5447, #51 ),
 ( #2447, #4864, #6112, #6661, #6072, #670, #86, #271, #3271, #2672, #2596, #6813, #4582 ),
 ( #6337, #982, #307, #235, #904, #6972, #2161, #3306, #4465, #5165, #7564, #1460, #3344 ),
 ( #4545, #2010, #3387, #6266, #4506, #6226, #2635, #2084, #5677, #3984, #5052, #3232, #6376 ),
 ( #347, #5790, #6895, #7527, #5639, #7450, #1576, #5013, #6851, #2047, #7412, #3865, #6932 ),
 ( #866, #4429, #1501, #1420, #3908, #5089, #3825, #6303, #7489, #824, #5714, #2708, #5124 ),
 ( #2124, #1537, #3945, #939, #5748, #2749, #4071, #5327, #1064, #7058, #2361, #7725, #1662 ),
 ( #7013, #2830, #4745, #3512, #7137, #5915, #4706, #7761, #1743, #6540, #5871, #1147, #1705 ),
 ( #5830, #6462, #4667, #2954, #2244, #511, #2913, #427, #3468, #2324, #3425, #3551, #4155 ),
 ( #7643, #7098, #5953, #2789, #5203, #469, #5244, #4192, #2876, #549, #5287, #7686, #4784 ),
 ( #5365, #1620, #7175, #1776, #6579, #2285, #4027, #1183, #4115, #6502, #1107, #3589, #7602 ),
 ( #388, #2202, #4622, #6419, #1025, #1964, #4818, #1297, #2551, #3737, #2477, #6143, #5477 ),
 ( #156, #738, #2515, #4378, #2401, #3701, #4932, #3665, #4264, #1888, #6654, #78, #5990 ),
 ( #7328, #6064, #3030, #662, #119, #3149, #3070, #4968, #7209, #5516, #2438, #5438, #4896 ),
 ( #587, #2991, #1846, #5403, #6, #6101, #1927, #1260, #4305, #6726, #7289, #6766, #1809 ),
 ( #6689, #4227, #6613, #1219, #41, #4342, #1334, #3626, #698, #3110, #7364, #5553, #1375 ),
 ( #6029, #626, #4855, #7248, #299, #6295, #7403, #6806, #5668, #2664, #1452, #1412, #6884 ),
 ( #263, #3857, #6256, #2003, #4574, #3223, #3815, #2153, #858, #5044, #932, #6924, #2587 ),
 ( #6218, #3263, #5589, #3336, #1529, #5742, #5080, #6180, #190, #4420, #816, #3298, #4537 ),
 ( #3775, #5005, #337, #1493, #7517, #6962, #3899, #5628, #2077, #2741, #5157, #4496, #228 ),
 ( #6331, #2625, #3935, #4457, #5706, #3185, #776, #7441, #7480, #2039, #6842, #895, #2700 ),
 ( #5116, #2117, #7557, #1095, #7128, #5356, #1053, #6492, #2191, #1609, #541, #7754, #3416 ),
 ( #2351, #6409, #5906, #1651, #5820, #1138, #3456, #3977, #2863, #4658, #3543, #5860, #1015 ),
 ( #4144, #7676, #6368, #7632, #457, #6532, #502, #417, #5319, #971, #5234, #3502, #2234 ),
 ( #4696, #5944, #1733, #5277, #2944, #2275, #4774, #1567, #3378, #2905, #5780, #379, #7089 ),
 ( #7048, #4060, #1693, #6451, #4102, #2780, #5194, #7717, #2315, #2820, #4737, #7592, #4612 ),
 ( #7002, #4017, #6680, #3617, #6605, #3655, #7281, #1769, #4184, #3022, #7166, #1174, #2468 ),
 ( #5429, #3061, #110, #653, #148, #3580, #6571, #5982, #6056, #578, #2981, #5392, #4219 ) ),
 .UNSPECIFIED., .F., .F., .F.,
 ( 4, 3, 3, 3, 3, 3, 3, 3, 3, 3, 3, 3, 3, 3, 3, 3, 3, 3, 3, 3, 3, 3, 3, 3, 3, 3, 3, 3, 3, 3, 3, 3, 3, 3, 3, 3, 3, 3, 3, 3, 3, 3, 3, 4 ),
 ( 4, 3, 3, 3, 4 ),
 ( 0.007402707738099445836, 0.02258857224796857396, 0.03777443675783770383, 0.06814616577757595661, 0.09851789479731420940, 0.1288896238170524622, 0.1592613528367907150, 0.1744472173466598552, 0.1896330818565289955, 0.2048189463663981358, 0.2124118786213327059, 0.2200048108762672483, 0.2275977431312017907, 0.2313942092586690757, 0.2351906753861363608, 0.2389871415136036459, 0.2408853745773372745, 0.2427836076410709309, 0.2446818407048045874, 0.2456309572366713878, 0.2465800737685382160, 0.2470546320344716440, 0.2475291903004050442, 0.2480037485663384444, 0.2482410276993051446, 0.2484783068322718447, 0.2485969463987551809, 0.2487155859652385448, 0.2488342255317219087, 0.2488935453149635768, 0.2489232052065843970, 0.2489528650982052449, 0.2489825249898260928, 0.2489973549356365168, 0.2490047699085417288, 0.2490084773949943209, 0.2490103311382206308, 0.2490112580098337858, 0.2490117214456403771, 0.2490121848814469407, 0.2490715046646886088, 0.2491901442311719728, 0.2494274233641386729, 0.2503765398960055011 ),
 ( 0.000000000000000000, 0.2500000000000000000, 0.5000000000000000000, 0.7500000000000000000, 1.000000000000000000 ),
 .UNSPECIFIED. ) ;
#700 = CARTESIAN_POINT ( 'NONE',  ( 215.2492679736379841, -186.1557035014520807, 1.307011183543717481 ) ) ;
#701 = CARTESIAN_POINT ( 'NONE',  ( -180.8379606576758079, -159.5645284732630955, 21.52990503313404602 ) ) ;
#702 = CARTESIAN_POINT ( 'NONE',  ( -214.0298089500258243, -188.0308363115848636, 1.574235964599409066 ) ) ;
#703 = CARTESIAN_POINT ( 'NONE',  ( 210.2414709313419223, -187.3150994435095242, 6.435751442756087570 ) ) ;
#704 = CARTESIAN_POINT ( 'NONE',  ( -152.5513343751007937, 134.5975942388394344, 28.51505520490218260 ) ) ;
#705 = CARTESIAN_POINT ( 'NONE',  ( -210.6763753062444380, 182.7295375755674343, 8.469517842249890904 ) ) ;
#706 = CARTESIAN_POINT ( 'NONE',  ( -33.01262735031745876, 28.90003036334074693, 48.99633025722245350 ) ) ;
#707 = CARTESIAN_POINT ( 'NONE',  ( -215.3578507640478961, 186.1771973346886568, 0.3665455125575688977 ) ) ;
#708 = CARTESIAN_POINT ( 'NONE',  ( 114.1778982332885874, 102.0465746827867690, 35.80008881725151326 ) ) ;
#709 = DIRECTION ( 'NONE',  ( 0.000000000000000000, 0.000000000000000000, 1.000000000000000000 ) ) ;
#710 = CARTESIAN_POINT ( 'NONE',  ( 77.34253330028235496, -67.75298778076965789, 42.19186039051173509 ) ) ;
#711 = CARTESIAN_POINT ( 'NONE',  ( 205.9744429197039608, -185.2020824156447816, 9.086716947283077772 ) ) ;
#712 = CARTESIAN_POINT ( 'NONE',  ( -46.62984124259491381, 41.71396092861633065, 46.85094385797046357 ) ) ;
#713 = ADVANCED_FACE ( 'NONE', ( #1259 ), #77, .T. ) ;
#714 = CARTESIAN_POINT ( 'NONE',  ( -202.3928437923995887, 176.9039329851322009, 13.46621729035703652 ) ) ;
#715 = CARTESIAN_POINT ( 'NONE',  ( -215.5599900766349037, 183.4888752621700405, 2.222607057768882566 ) ) ;
#716 = VECTOR ( 'NONE', #2061, 1000.000000000000000 ) ;
#717 = FACE_BOUND ( 'NONE', #6458, .T. ) ;
#718 = DIRECTION ( 'NONE',  ( 1.000000000000000000, 0.000000000000000000, 0.000000000000000000 ) ) ;
#719 = ORIENTED_EDGE ( 'NONE', *, *, #4731, .F. ) ;
#720 = DIRECTION ( 'NONE',  ( 0.000000000000000000, -0.000000000000000000, -1.000000000000000000 ) ) ;
#721 = CARTESIAN_POINT ( 'NONE',  ( -32.96906709015709680, -11.76065335617118102, 58.66297969256550005 ) ) ;
#722 = CARTESIAN_POINT ( 'NONE',  ( 196.2412701247500593, -176.0232535879704301, 14.84049170329347511 ) ) ;
#723 = DIRECTION ( 'NONE',  ( -0.000000000000000000, 0.000000000000000000, 1.000000000000000000 ) ) ;
#724 = CARTESIAN_POINT ( 'NONE',  ( -178.9262409033673293, 157.8644734696225953, 21.88632521744612092 ) ) ;
#725 = VECTOR ( 'NONE', #5424, 1000.000000000000000 ) ;
#726 = CARTESIAN_POINT ( 'NONE',  ( -214.1974640469308042, 183.9655778086566045, 4.937833349930055071 ) ) ;
#727 = DIRECTION ( 'NONE',  ( -1.000000000000000000, 0.000000000000000000, 0.000000000000000000 ) ) ;
#728 = CARTESIAN_POINT ( 'NONE',  ( 26.41788384992430849, -22.95855859787171127, 58.93158553443242198 ) ) ;
#729 = CARTESIAN_POINT ( 'NONE',  ( 215.8889113218307898, 185.1311021207732210, -6.185557834605108693E-13 ) ) ;
#730 = CARTESIAN_POINT ( 'NONE',  ( 215.8999999999998636, 190.5000000000000568, -0.009913571430409667470 ) ) ;
#731 = CIRCLE ( 'NONE', #5902, 7.500000000000007105 ) ;
#732 = CARTESIAN_POINT ( 'NONE',  ( 214.4976678967872488, -187.8018270398243601, 6.062116553582942984E-05 ) ) ;
#733 = CARTESIAN_POINT ( 'NONE',  ( 163.0846543410850416, -145.4111372587228743, 25.75940217817548472 ) ) ;
#734 = CARTESIAN_POINT ( 'NONE',  ( -215.9000021568456020, -190.5000009772663816, -0.001208055736162022597 ) ) ;
#735 = DIRECTION ( 'NONE',  ( 1.000000000000000000, 0.000000000000000000, 0.000000000000000000 ) ) ;
#736 = VERTEX_POINT ( 'NONE', #2476 ) ;
#737 = CARTESIAN_POINT ( 'NONE',  ( 261.2553390593274116, 150.0000000000000000, 50.00000000000000000 ) ) ;
#738 = CARTESIAN_POINT ( 'NONE',  ( -209.8162967485656338, 190.4999990242445733, 0.004094940424895032391 ) ) ;
#739 = CARTESIAN_POINT ( 'NONE',  ( 213.1564150616128188, -189.0803039366251710, 0.8034785956521554029 ) ) ;
#740 = B_SPLINE_CURVE_WITH_KNOTS ( 'NONE', 3,
 ( #4325, #1318, #1357, #3720 ),
 .UNSPECIFIED., .F., .F.,
 ( 4, 4 ),
 ( 0.000000000000000000, 0.0006486110783632652050 ),
 .UNSPECIFIED. ) ;
#741 = CARTESIAN_POINT ( 'NONE',  ( -202.6634153279365478, -178.8328284513168853, 13.47768773030856515 ) ) ;
#742 = CYLINDRICAL_SURFACE ( 'NONE', #1981, 2.000000000000000000 ) ;
#743 = CARTESIAN_POINT ( 'NONE',  ( 213.3656608236343573, -182.8783225954892941, 6.000914154298296666 ) ) ;
#744 = CARTESIAN_POINT ( 'NONE',  ( -136.9640330236874206, 121.8497407022879599, 31.61554784169506149 ) ) ;
#745 = CARTESIAN_POINT ( 'NONE',  ( -209.7324203060426839, 183.4725419387617080, 8.864965019680104419 ) ) ;
#746 = CARTESIAN_POINT ( 'NONE',  ( -16.96051343355519947, -30.62216924684364727, 58.40996092200913381 ) ) ;
#747 = CARTESIAN_POINT ( 'NONE',  ( -208.8998391216253481, 190.4996161205007184, 0.08096243613367234970 ) ) ;
#748 = CARTESIAN_POINT ( 'NONE',  ( 129.9398942218702757, 114.6540503005122815, 33.22539246271902869 ) ) ;
#749 = CARTESIAN_POINT ( 'NONE',  ( 210.8999999999999488, -150.0000000000000000, 50.00000000000000000 ) ) ;
#750 = CARTESIAN_POINT ( 'NONE',  ( 47.19389904239250910, -41.07276783618957694, 46.86812856833162044 ) ) ;
#751 = CARTESIAN_POINT ( 'NONE',  ( 208.7423782031574433, -180.1272801550369138, 9.985753149657611516 ) ) ;
#752 = CARTESIAN_POINT ( 'NONE',  ( -50.79083219674549099, 44.60398523964148865, 46.29883012416944865 ) ) ;
#753 = ADVANCED_FACE ( 'NONE', ( #5043 ), #6805, .F. ) ;
#754 = CARTESIAN_POINT ( 'NONE',  ( -201.6640269762852995, 175.7809965387643558, 13.90863759190259152 ) ) ;
#755 = CARTESIAN_POINT ( 'NONE',  ( -214.6682822791081549, 186.9101437055210795, 2.282848288387105296 ) ) ;
#756 = CARTESIAN_POINT ( 'NONE',  ( 215.7304747704038732, -158.7543992385270144, 1.578259097076910145 ) ) ;
#757 = CARTESIAN_POINT ( 'NONE',  ( -215.8999999999999204, -190.5000000000000284, 70.00000000000000000 ) ) ;
#758 = EDGE_LOOP ( 'NONE', ( #2001, #835, #4930, #3566 ) ) ;
#759 = CARTESIAN_POINT ( 'NONE',  ( -215.8999999999999204, -150.0000000000000000, 50.00000000000000000 ) ) ;
#760 = CARTESIAN_POINT ( 'NONE',  ( 213.8497474683058215, -188.4497474683058158, -1.398547123383684143 ) ) ;
#761 = EDGE_CURVE ( 'NONE', #5130, #7400, #6765, .T. ) ;
#762 = CARTESIAN_POINT ( 'NONE',  ( 195.4086511337364982, -173.3437238092454322, 16.02235997254790689 ) ) ;
#763 = DIRECTION ( 'NONE',  ( -0.000000000000000000, -1.000000000000000000, -0.000000000000000000 ) ) ;
#764 = CARTESIAN_POINT ( 'NONE',  ( -193.3717382055554310, 168.0012439038496836, 17.41625586542140525 ) ) ;
#765 = CARTESIAN_POINT ( 'NONE',  ( -213.9232563218688199, 184.6742027614519941, 5.118055636742676384 ) ) ;
#766 = LINE ( 'NONE', #1364, #7162 ) ;
#767 = CARTESIAN_POINT ( 'NONE',  ( -198.5097455707057179, -172.2472951585478711, 15.38291307559924626 ) ) ;
#768 = CARTESIAN_POINT ( 'NONE',  ( 214.2821469539242685, 188.2470166781799605, 5.010189326736905706E-12 ) ) ;
#769 = CARTESIAN_POINT ( 'NONE',  ( 208.8999999358855746, 190.5000000000000284, 0.0003357125353639331985 ) ) ;
#770 = CARTESIAN_POINT ( 'NONE',  ( 214.4976514895487014, -187.8018224957484676, 0.01563212825332313885 ) ) ;
#771 = CARTESIAN_POINT ( 'NONE',  ( 163.5503973689076247, -144.9134624407370779, 25.87130828747270073 ) ) ;
#772 = CARTESIAN_POINT ( 'NONE',  ( -184.2911571724517046, -164.9007845611176890, 19.57586017387381006 ) ) ;
#773 = ORIENTED_EDGE ( 'NONE', *, *, #2108, .T. ) ;
#774 = ORIENTED_EDGE ( 'NONE', *, *, #7021, .F. ) ;
#775 = CARTESIAN_POINT ( 'NONE',  ( 261.2553390593274116, -150.0000000000000000, 57.50000000000000711 ) ) ;
#776 = CARTESIAN_POINT ( 'NONE',  ( -213.8497474683059352, 188.4497474683058442, -0.1419693965932708468 ) ) ;
#777 = CARTESIAN_POINT ( 'NONE',  ( 214.4955643771913287, -187.8012556631546204, 0.1719533818945166437 ) ) ;
#778 = CARTESIAN_POINT ( 'NONE',  ( -208.7421255836097487, -180.1271047351086168, 9.985924418320662355 ) ) ;
#779 = CARTESIAN_POINT ( 'NONE',  ( -215.6849264295476019, -184.3960525771589403, 1.573497395818970634 ) ) ;
#780 = CARTESIAN_POINT ( 'NONE',  ( 211.2663491736715287, -188.4570616025116578, 4.702521075658529170 ) ) ;
#781 = CARTESIAN_POINT ( 'NONE',  ( -148.5078846721050638, 131.5750975294451450, 29.30228318645262320 ) ) ;
#782 = CARTESIAN_POINT ( 'NONE',  ( -212.5149391959310208, 183.9080361698943875, 6.793700004592232666 ) ) ;
#783 = CARTESIAN_POINT ( 'NONE',  ( 211.2679769995178845, -189.9124055224390872, 1.583382949580500743 ) ) ;
#784 = CARTESIAN_POINT ( 'NONE',  ( -215.7020244084990850, 185.3302988632372887, 0.4959661729866794988 ) ) ;
#785 = CARTESIAN_POINT ( 'NONE',  ( 147.9579067817560087, 132.1657663913855174, 29.16583601675028703 ) ) ;
#786 = CARTESIAN_POINT ( 'NONE',  ( 213.4499009990398690, -188.2430212799993399, 2.484871849502653163 ) ) ;
#787 = CARTESIAN_POINT ( 'NONE',  ( 208.7984426455338109, -190.1908339207149083, 2.234785828566782762 ) ) ;
#788 = CARTESIAN_POINT ( 'NONE',  ( 91.82019303862679749, -81.76408670533507461, 39.72137317398264855 ) ) ;
#789 = CARTESIAN_POINT ( 'NONE',  ( 210.9343599622088448, -181.5650470911585614, 8.344972228023555871 ) ) ;
#790 = CARTESIAN_POINT ( 'NONE',  ( -43.38131774459417045, 37.78929880127680718, 47.44255789948191904 ) ) ;
#791 = ORIENTED_EDGE ( 'NONE', *, *, #6204, .T. ) ;
#792 = CARTESIAN_POINT ( 'NONE',  ( -201.6580055274709196, 179.5938394719127587, 12.84088770585942285 ) ) ;
#793 = CARTESIAN_POINT ( 'NONE',  ( -215.3714545513987559, 185.2650893312953428, 2.259458977295905502 ) ) ;
#794 = CARTESIAN_POINT ( 'NONE',  ( 215.7335303889694842, -41.99999892439742410, 1.587963651693782063 ) ) ;
#795 = CARTESIAN_POINT ( 'NONE',  ( -215.7332004210095135, 71.49246397985831436, 1.586921694773510749 ) ) ;
#796 = CARTESIAN_POINT ( 'NONE',  ( -34.62456176080249293, 5.217125272009218051, 58.56913242121062524 ) ) ;
#797 = CARTESIAN_POINT ( 'NONE',  ( 214.4976678967872488, -187.8018270398243601, -1.398547123383684143 ) ) ;
#798 = VECTOR ( 'NONE', #606, 1000.000000000000000 ) ;
#799 = CARTESIAN_POINT ( 'NONE',  ( 195.8904591395770467, -172.8250306496590554, 16.08561904862242642 ) ) ;
#800 = EDGE_CURVE ( 'NONE', #2871, #872, #6627, .T. ) ;
#801 = DIRECTION ( 'NONE',  ( 1.000000000000000000, 0.000000000000000000, 0.000000000000000000 ) ) ;
#802 = B_SPLINE_CURVE_WITH_KNOTS ( 'NONE', 3,
 ( #4676, #6427, #4754, #7184, #3560, #559, #1033, #5297, #7695, #7108, #1157, #2962, #6587, #5838, #5962, #3477, #1785, #5373, #2332, #5335, #4792, #14, #3433 ),
 .UNSPECIFIED., .F., .F.,
 ( 4, 2, 2, 2, 2, 2, 2, 2, 1, 2, 2, 4 ),
 ( 0.000000000000000000, 0.001722944703901762957, 0.002584417055852603669, 0.003445889407803443948, 0.005168834111705124940, 0.006891778815606806365, 0.008614723519508486055, 0.009476195871459362763, 0.01033766822341023774, 0.01119914057536111271, 0.01206061292731198768, 0.01378355763121375498 ),
 .UNSPECIFIED. ) ;
#803 = CARTESIAN_POINT ( 'NONE',  ( -184.5789922038996451, 162.8503105789006895, 20.16068172594764007 ) ) ;
#804 = CARTESIAN_POINT ( 'NONE',  ( -214.0346075630040161, 184.7283249075248079, 4.960659652913772533 ) ) ;
#805 = CARTESIAN_POINT ( 'NONE',  ( 214.7494586639188299, -185.0458898218609818, 3.770132004539965553 ) ) ;
#806 = CARTESIAN_POINT ( 'NONE',  ( 204.1878301941000018, -176.7630953553051825, 12.69025726655079822 ) ) ;
#807 = DIRECTION ( 'NONE',  ( 1.000000000000000000, 0.000000000000000000, 0.000000000000000000 ) ) ;
#808 = CARTESIAN_POINT ( 'NONE',  ( 208.8460603981854433, 190.3381654414764057, 1.603115284326958490 ) ) ;
#809 = CARTESIAN_POINT ( 'NONE',  ( 215.9000006095111814, 190.5000002729263429, 0.005034993243930030449 ) ) ;
#810 = CARTESIAN_POINT ( 'NONE',  ( 213.8497467282509774, -188.4497472276381131, 0.004631565448667889114 ) ) ;
#811 = CARTESIAN_POINT ( 'NONE',  ( 156.7509443626331631, -137.4358473607510405, 27.66065150519511562 ) ) ;
#812 = CARTESIAN_POINT ( 'NONE',  ( -211.1671472204586735, 181.7123256714571937, 8.161044686305352514 ) ) ;
#813 = VERTEX_POINT ( 'NONE', #5588 ) ;
#814 = ORIENTED_EDGE ( 'NONE', *, *, #7466, .T. ) ;
#815 = FACE_OUTER_BOUND ( 'NONE', #1181, .T. ) ;
#816 = CARTESIAN_POINT ( 'NONE',  ( -215.7178087366782506, 185.3322351905149787, -0.06089986583242601448 ) ) ;
#817 = CARTESIAN_POINT ( 'NONE',  ( 215.7084033069521638, -185.3310792716935680, 0.3704729868313129115 ) ) ;
#818 = CARTESIAN_POINT ( 'NONE',  ( -214.7985746265305238, -189.7250700826217269, 4.188313740814532338 ) ) ;
#819 =( LENGTH_UNIT ( ) NAMED_UNIT ( * ) SI_UNIT ( .MILLI., .METRE. ) );
#820 = CARTESIAN_POINT ( 'NONE',  ( 209.8310848643212694, -189.0298971955859599, 4.626827146344727915 ) ) ;
#821 = CARTESIAN_POINT ( 'NONE',  ( -137.4698441130962578, 121.2921457257339313, 31.68911416674076520 ) ) ;
#822 = CARTESIAN_POINT ( 'NONE',  ( -208.4712149223680058, 188.2428091451907335, 5.962631464740327125 ) ) ;
#823 = CARTESIAN_POINT ( 'NONE',  ( 209.7454525707203459, -190.2972196174646058, 1.593383205974858496 ) ) ;
#824 = CARTESIAN_POINT ( 'NONE',  ( -215.3669426206682829, 186.1787465376870330, 0.05769186683342646810 ) ) ;
#825 = CARTESIAN_POINT ( 'NONE',  ( 212.1042202329295776, 187.2635131063254335, 7.520589469865474719 ) ) ;
#826 = CARTESIAN_POINT ( 'NONE',  ( 215.3189252493506274, -185.2500951850890374, 2.420979106076735832 ) ) ;
#827 = CARTESIAN_POINT ( 'NONE',  ( 215.0320255737421462, 186.5395287041826009, 1.572894945344571083 ) ) ;
#828 = CARTESIAN_POINT ( 'NONE',  ( 84.90920565616654869, -74.39018846882531477, 40.99368121919572872 ) ) ;
#829 = CARTESIAN_POINT ( 'NONE',  ( 209.3587011435677141, -185.5111284048702203, 8.106713831861700470 ) ) ;
#830 = CARTESIAN_POINT ( 'NONE',  ( -39.53527340603015716, 34.54435640162246557, 48.01840022916066175 ) ) ;
#831 = CARTESIAN_POINT ( 'NONE',  ( -202.8570166555011838, 181.9460749585110477, 11.48392290211629252 ) ) ;
#832 = CARTESIAN_POINT ( 'NONE',  ( -208.8851101912891011, 190.4600592958101686, 0.8013612415016688750 ) ) ;
#833 = DIRECTION ( 'NONE',  ( 1.000000000000000000, 0.000000000000000000, 0.000000000000000000 ) ) ;
#834 = CARTESIAN_POINT ( 'NONE',  ( -18.54780357325885021, 29.70672845406625839, 58.49261872405451612 ) ) ;
#835 = ORIENTED_EDGE ( 'NONE', *, *, #1061, .F. ) ;
#836 = DIRECTION ( 'NONE',  ( 0.000000000000000000, 0.000000000000000000, 1.000000000000000000 ) ) ;
#837 = AXIS2_PLACEMENT_3D ( 'NONE', #6993, #4488, #1557 ) ;
#838 = CARTESIAN_POINT ( 'NONE',  ( -35.00000000000000711, 0.000000000000000000, 70.00000000000000000 ) ) ;
#839 = CARTESIAN_POINT ( 'NONE',  ( 198.4739326826321530, -175.6093291533330500, 14.84160714574499096 ) ) ;
#840 = FACE_OUTER_BOUND ( 'NONE', #2290, .T. ) ;
#841 = CARTESIAN_POINT ( 'NONE',  ( -189.1494187853086260, 168.9648128838592811, 18.00526725398274763 ) ) ;
#842 = CARTESIAN_POINT ( 'NONE',  ( 18.54686216441650615, -29.70732330054775261, 58.49256766478089986 ) ) ;
#843 = PRESENTATION_LAYER_ASSIGNMENT (  '', '', ( #1611 ) ) ;
#844 = CARTESIAN_POINT ( 'NONE',  ( -211.2663491736717560, 188.4570616025117999, 4.702521075658336436 ) ) ;
#845 = CARTESIAN_POINT ( 'NONE',  ( 212.5252640266763535, -188.6007098036922400, 3.394733988055945950 ) ) ;
#846 = CARTESIAN_POINT ( 'NONE',  ( 215.7293584012458325, -183.4967789680676162, 1.574680594478727880 ) ) ;
#847 = CARTESIAN_POINT ( 'NONE',  ( 209.3214263762038172, -190.6679845959849331, -2.615423643791044133E-11 ) ) ;
#848 = CARTESIAN_POINT ( 'NONE',  ( 210.4171612829289302, 190.1667209364296696, 1.588392663059449150 ) ) ;
#849 = CARTESIAN_POINT ( 'NONE',  ( 208.8999879079451034, 190.4999709092986961, 0.02216056453207746954 ) ) ;
#850 = CARTESIAN_POINT ( 'NONE',  ( 211.5787835887629456, -189.9671565012379233, 0.003441333179723177725 ) ) ;
#851 = CARTESIAN_POINT ( 'NONE',  ( 167.7851192883762508, -147.7188954228082025, 24.96311261333529785 ) ) ;
#852 = CARTESIAN_POINT ( 'NONE',  ( -161.9128372395529993, -144.6600030918306459, 25.95194058710340812 ) ) ;
#853 = AXIS2_PLACEMENT_3D ( 'NONE', #4521, #2064, #4954 ) ;
#854 = ORIENTED_EDGE ( 'NONE', *, *, #6687, .F. ) ;
#855 = VERTEX_POINT ( 'NONE', #1887 ) ;
#856 = ADVANCED_FACE ( 'NONE', ( #815 ), #1342, .T. ) ;
#857 = CARTESIAN_POINT ( 'NONE',  ( 34.04758171971050018, -8.377417712567375219, 50.00509104235165836 ) ) ;
#858 = CARTESIAN_POINT ( 'NONE',  ( -215.0165047184798652, 187.0253328625962865, -0.04063248314221953178 ) ) ;
#859 = CARTESIAN_POINT ( 'NONE',  ( 213.8445207184163621, -188.4481006304579012, 0.2727996444620155447 ) ) ;
#860 = CARTESIAN_POINT ( 'NONE',  ( -214.1260293480604560, -189.1262165359934500, 5.291047889940763582 ) ) ;
#861 = EDGE_CURVE ( 'NONE', #3556, #6559, #1351, .T. ) ;
#862 = CARTESIAN_POINT ( 'NONE',  ( 214.3648315879695758, -183.2567354129280943, 4.686526798100008939 ) ) ;
#863 = CARTESIAN_POINT ( 'NONE',  ( -153.3777690579680097, 133.6473703266901225, 28.46457804367223332 ) ) ;
#864 = CARTESIAN_POINT ( 'NONE',  ( -211.8649040309062173, 183.5120541457114030, 7.437195209886767522 ) ) ;
#865 = CARTESIAN_POINT ( 'NONE',  ( -41.77334229405409616, -12.25282990850718967, 48.73744138263636927 ) ) ;
#866 = CARTESIAN_POINT ( 'NONE',  ( -208.8999906943058420, 190.4999775966715561, 0.01960029090824334450 ) ) ;
#867 = CARTESIAN_POINT ( 'NONE',  ( 207.4259509528525882, 187.7629484107000053, 6.550291862632741768 ) ) ;
#868 = CARTESIAN_POINT ( 'NONE',  ( 213.4964042530874906, -188.2751162102362059, 2.326428175164879431 ) ) ;
#869 = CARTESIAN_POINT ( 'NONE',  ( 66.25617347630968368, -111.0081847084314433, 33.09579630335409206 ) ) ;
#870 = CARTESIAN_POINT ( 'NONE',  ( 207.9821784677827452, -186.6582189142445714, 7.660952544654791474 ) ) ;
#871 = CARTESIAN_POINT ( 'NONE',  ( -50.73831718495174670, 44.66383080278274065, 46.29835159069624950 ) ) ;
#872 = VERTEX_POINT ( 'NONE', #2904 ) ;
#873 = CARTESIAN_POINT ( 'NONE',  ( -206.6598595608506912, 179.7767006130486038, 11.24911223367115731 ) ) ;
#874 = CARTESIAN_POINT ( 'NONE',  ( -215.5114969026235201, 185.2985815724494501, 1.735056110899425352 ) ) ;
#875 = CARTESIAN_POINT ( 'NONE',  ( 198.6388096013005509, 178.3301046075282272, 13.63801792613403663 ) ) ;
#876 = CARTESIAN_POINT ( 'NONE',  ( 9.679359862525828362, 33.72388390879179809, 58.08725268256435470 ) ) ;
#877 = VERTEX_POINT ( 'NONE', #2274 ) ;
#878 = CARTESIAN_POINT ( 'NONE',  ( 261.2553390593274116, 150.0000000000000000, 50.00000000000000000 ) ) ;
#879 = CARTESIAN_POINT ( 'NONE',  ( 32.78265958801134161, 29.15505984842926779, 48.99405119429582101 ) ) ;
#880 = CARTESIAN_POINT ( 'NONE',  ( 201.4129873697852986, -176.0910503772668392, 13.95167457037614156 ) ) ;
#881 = LINE ( 'NONE', #2651, #7780 ) ;
#882 = CARTESIAN_POINT ( 'NONE',  ( -191.0608402215726471, 166.8775959849972992, 18.21414970778518594 ) ) ;
#883 = CARTESIAN_POINT ( 'NONE',  ( 16.66302819519520284, -30.78648678136111627, 50.02563169171418878 ) ) ;
#884 = CARTESIAN_POINT ( 'NONE',  ( -211.5595028256826708, 188.7932888110864553, 4.027757422351514904 ) ) ;
#885 = CARTESIAN_POINT ( 'NONE',  ( 212.5993281028326578, -188.6691120015455567, 3.177180728818012057 ) ) ;
#886 = CARTESIAN_POINT ( 'NONE',  ( 34.80769689695274138, 190.2600137275007057, 1.331077920007267323 ) ) ;
#887 = FACE_OUTER_BOUND ( 'NONE', #3199, .T. ) ;
#888 = CARTESIAN_POINT ( 'NONE',  ( 208.8999999999993236, 190.5000000000000284, -0.1011166486430246092 ) ) ;
#889 = CARTESIAN_POINT ( 'NONE',  ( 208.8999997615431425, -190.4999994242783998, 0.003033951965589589631 ) ) ;
#890 = CARTESIAN_POINT ( 'NONE',  ( 180.8099063528507315, -159.5259790759925238, 21.33625016179755463 ) ) ;
#891 = CARTESIAN_POINT ( 'NONE',  ( -116.4363596692649736, -104.0575979642302400, 35.39429366267077626 ) ) ;
#892 = ORIENTED_EDGE ( 'NONE', *, *, #2018, .F. ) ;
#893 = CARTESIAN_POINT ( 'NONE',  ( 14.99392345648911729, 40.40766313890227934, 48.38265091315987121 ) ) ;
#894 = CARTESIAN_POINT ( 'NONE',  ( 31.15944495648167134, 16.07542501204093099, 58.75380840228675083 ) ) ;
#895 = CARTESIAN_POINT ( 'NONE',  ( -215.9000000000000909, 184.4162978572970246, -0.1419693965932708468 ) ) ;
#896 = CARTESIAN_POINT ( 'NONE',  ( 210.7308665355587323, -190.3169577227715763, 0.1371315395245492341 ) ) ;
#897 = CARTESIAN_POINT ( 'NONE',  ( -208.5042459581620164, -189.4942054793426962, 3.983685558657814152 ) ) ;
#898 = CARTESIAN_POINT ( 'NONE',  ( -215.9000000000000625, 190.5000000000000284, 21.48530440293794541 ) ) ;
#899 = CARTESIAN_POINT ( 'NONE',  ( 211.7762547846959080, -187.8616129150015297, 5.042812956314524975 ) ) ;
#900 = ADVANCED_FACE ( 'NONE', ( #7127, #2943, #4143 ), #4773, .T. ) ;
#901 = CARTESIAN_POINT ( 'NONE',  ( -170.3929785891960194, 152.2863761324310303, 23.77028570282777409 ) ) ;
#902 = CARTESIAN_POINT ( 'NONE',  ( -210.3308239170317506, 185.5506285716419086, 7.617613823596989242 ) ) ;
#903 = CARTESIAN_POINT ( 'NONE',  ( -33.10462251027927749, -11.37441825935722228, 50.00752136223943722 ) ) ;
#904 = CARTESIAN_POINT ( 'NONE',  ( -212.4247500102957815, 189.6162476010946705, 0.09017744267367024114 ) ) ;
#905 = CARTESIAN_POINT ( 'NONE',  ( 211.4235561488388839, -189.8559639171271840, 1.550189299593324854 ) ) ;
#906 = FACE_OUTER_BOUND ( 'NONE', #5209, .T. ) ;
#907 = CARTESIAN_POINT ( 'NONE',  ( 211.5590558535342325, -183.3162195440331175, 7.715641171191752967 ) ) ;
#908 = CARTESIAN_POINT ( 'NONE',  ( -54.40130025639567179, 48.11796325569443411, 45.71518711816032265 ) ) ;
#909 = ORIENTED_EDGE ( 'NONE', *, *, #7650, .T. ) ;
#910 = CARTESIAN_POINT ( 'NONE',  ( -203.8030864018740260, 179.2116837581343987, 12.52930902520323642 ) ) ;
#911 = CARTESIAN_POINT ( 'NONE',  ( -213.6455938181003660, 188.3646221730363663, 1.727816516945448244 ) ) ;
#912 = CARTESIAN_POINT ( 'NONE',  ( 165.6732807373692822, 148.0367876747822038, 25.01388968819200187 ) ) ;
#913 = DIRECTION ( 'NONE',  ( -1.000000000000000000, 0.000000000000000000, 0.000000000000000000 ) ) ;
#914 = EDGE_LOOP ( 'NONE', ( #5190, #442, #2718, #1294 ) ) ;
#915 = CARTESIAN_POINT ( 'NONE',  ( -217.6836110407054434, 183.4969353407484789, 2.000000000000008882 ) ) ;
#916 = LINE ( 'NONE', #5258, #599 ) ;
#917 = CARTESIAN_POINT ( 'NONE',  ( 201.5862467265126554, -177.8455290089898710, 13.50148676117574809 ) ) ;
#918 = CARTESIAN_POINT ( 'NONE',  ( -211.9646644071930552, -191.7413684786343140, 0.000000000000000000 ) ) ;
#919 = CARTESIAN_POINT ( 'NONE',  ( -187.0927001637552110, 167.4722509615632191, 18.60008916924593692 ) ) ;
#920 = CARTESIAN_POINT ( 'NONE',  ( -209.4429247194509855, 189.8237412944270375, 3.290580298405072934 ) ) ;
#921 = CARTESIAN_POINT ( 'NONE',  ( 214.6328810961626914, -185.9219221190534483, 3.318087698592932622 ) ) ;
#922 = CARTESIAN_POINT ( 'NONE',  ( 210.8999999999999488, -150.0000000000000000, 50.00000000000000000 ) ) ;
#923 = DIRECTION ( 'NONE',  ( 0.000000000000000000, -0.000000000000000000, 1.000000000000000000 ) ) ;
#924 = CARTESIAN_POINT ( 'NONE',  ( 215.9000000000009720, 190.5000000000017621, -0.1416513496264091843 ) ) ;
#925 = CARTESIAN_POINT ( 'NONE',  ( 215.3671567275789869, -186.1787840265556326, -0.06089986583223843536 ) ) ;
#926 = CARTESIAN_POINT ( 'NONE',  ( 175.6676244869987329, -153.9634135667823500, 22.98385289077760163 ) ) ;
#927 = CARTESIAN_POINT ( 'NONE',  ( -198.6388096012617552, -178.3301046074902274, 13.63801792615485908 ) ) ;
#928 = VECTOR ( 'NONE', #3243, 1000.000000000000000 ) ;
#929 = VERTEX_POINT ( 'NONE', #3455 ) ;
#930 = CARTESIAN_POINT ( 'NONE',  ( 7.595474627982468974, 42.12044222137371463, 48.24397057923201970 ) ) ;
#931 = CARTESIAN_POINT ( 'NONE',  ( 33.43314464382964957, 10.36899581043597429, 50.00680299581355115 ) ) ;
#932 = CARTESIAN_POINT ( 'NONE',  ( -215.7178087366782506, 185.3322351905149787, -0.04063248314221953178 ) ) ;
#933 = CARTESIAN_POINT ( 'NONE',  ( 215.8944251627872859, -183.4999418034348935, 0.2917528684229448999 ) ) ;
#934 = CARTESIAN_POINT ( 'NONE',  ( -208.3747032880573897, -189.2402785565216732, 4.463057478653341015 ) ) ;
#935 = CARTESIAN_POINT ( 'NONE',  ( 213.6682271773833293, -185.4090079058396725, 5.058291180780726037 ) ) ;
#936 = CIRCLE ( 'NONE', #3972, 2.000000000000003997 ) ;
#937 = CARTESIAN_POINT ( 'NONE',  ( -212.8726341997604834, 182.6485005140720261, 6.548157670925177420 ) ) ;
#938 = CARTESIAN_POINT ( 'NONE',  ( -32.60010346732436659, 12.74788463191254628, 58.68220359497544791 ) ) ;
#939 = CARTESIAN_POINT ( 'NONE',  ( -211.5787208858971269, 189.9671243500188496, 0.02843179329062089575 ) ) ;
#940 = CARTESIAN_POINT ( 'NONE',  ( 214.9154349951733991, -186.0469524170870272, 2.588560384503269862 ) ) ;
#941 = CARTESIAN_POINT ( 'NONE',  ( -91.41175103703155003, -109.4502380912011006, 34.14623581856187684 ) ) ;
#942 = CARTESIAN_POINT ( 'NONE',  ( 206.8206710432521049, -186.9691453833854098, 7.424298946698841384 ) ) ;
#943 = CARTESIAN_POINT ( 'NONE',  ( -62.13978253899539084, 54.55827996556400450, 44.56279404724240578 ) ) ;
#944 = CARTESIAN_POINT ( 'NONE',  ( -12.06045597581663564, 41.27543707865609690, 48.31359828333087592 ) ) ;
#945 = EDGE_LOOP ( 'NONE', ( #3028, #6440, #516, #7081 ) ) ;
#946 = CARTESIAN_POINT ( 'NONE',  ( -204.4760678685342725, 180.3917743406452985, 11.94000100341472148 ) ) ;
#947 = CARTESIAN_POINT ( 'NONE',  ( -215.6955190000482503, 183.4956663791211042, 1.726580420007068239 ) ) ;
#948 = CARTESIAN_POINT ( 'NONE',  ( 182.4468988340841236, 163.2154382208291850, 20.18696171061202449 ) ) ;
#949 = DIRECTION ( 'NONE',  ( 0.0007836450530290786556, -0.9999996929501684395, 0.000000000000000000 ) ) ;
#950 = ORIENTED_EDGE ( 'NONE', *, *, #5918, .T. ) ;
#951 = CARTESIAN_POINT ( 'NONE',  ( 215.8999999999999204, 200.5000000000000568, 2.000000000000000000 ) ) ;
#952 = CARTESIAN_POINT ( 'NONE',  ( 202.2554931487218255, -179.0031217622214115, 12.99575925249037134 ) ) ;
#953 = CARTESIAN_POINT ( 'NONE',  ( -212.0445900056706137, -189.9481862962504692, 2.878751074351877577E-12 ) ) ;
#954 = EDGE_CURVE ( 'NONE', #4711, #2399, #7165, .T. ) ;
#955 = CARTESIAN_POINT ( 'NONE',  ( -196.0912984288729319, 174.4387167526488440, 15.55840290897746669 ) ) ;
#956 = CARTESIAN_POINT ( 'NONE',  ( 16.40781471471881758, -30.92180974254581471, 58.38192965305836424 ) ) ;
#957 = CARTESIAN_POINT ( 'NONE',  ( -214.8496288031348911, 184.1977493707194924, 3.890638865746570918 ) ) ;
#958 = CARTESIAN_POINT ( 'NONE',  ( 210.3723910662126571, -189.8668654699879710, 2.804312572734896758 ) ) ;
#959 = CARTESIAN_POINT ( 'NONE',  ( -26.41788385323967603, -22.95855859405679311, 58.93158553432861169 ) ) ;
#960 = B_SPLINE_CURVE_WITH_KNOTS ( 'NONE', 3,
 ( #6515, #5338, #2374, #4757, #1160, #1891, #1337, #6105, #3563, #5965, #563, #4795, #702, #3114, #5519, #122, #2518, #6146, #4346, #3152, #779, #3818, #7444 ),
 .UNSPECIFIED., .F., .F.,
 ( 4, 2, 2, 1, 2, 2, 2, 2, 2, 2, 2, 4 ),
 ( 5.551284527130373034E-17, 0.001351626937814537485, 0.002027440406721786170, 0.002703253875629035071, 0.003379067344536283539, 0.004054880813443532440, 0.005406507751257984273, 0.006758134689072436106, 0.008109761626886887939, 0.008785575095794129902, 0.009461388564701371864, 0.01081301550251575691 ),
 .UNSPECIFIED. ) ;
#961 = PLANE ( 'NONE',  #837 ) ;
#962 = CARTESIAN_POINT ( 'NONE',  ( -34.80807913901541895, -190.7324131126706561, -3.887082943493795891E-10 ) ) ;
#963 = CARTESIAN_POINT ( 'NONE',  ( 213.2018270398243658, -189.0976678967872431, -0.02036510045189748180 ) ) ;
#964 = CARTESIAN_POINT ( 'NONE',  ( 181.8790515509181489, -158.2764459874679517, 21.23045947232926167 ) ) ;
#965 = DIRECTION ( 'NONE',  ( 0.6695046039934735571, -0.7421485377022127850, -0.03129110445493048925 ) ) ;
#966 = AXIS2_PLACEMENT_3D ( 'NONE', #446, #7621, #1266 ) ;
#967 = CARTESIAN_POINT ( 'NONE',  ( 18.48275179511778177, 38.98534682953813046, 48.48224574854057778 ) ) ;
#968 = ORIENTED_EDGE ( 'NONE', *, *, #1579, .F. ) ;
#969 = CARTESIAN_POINT ( 'NONE',  ( 6.829367822920532127, 34.33320738250814230, 50.00864261630385244 ) ) ;
#970 = CARTESIAN_POINT ( 'NONE',  ( 35.00024297742468349, 2.113960433922066784, 50.00062484164728005 ) ) ;
#971 = CARTESIAN_POINT ( 'NONE',  ( -215.3671567275790153, 186.1787840265556326, -0.3446432234953641371 ) ) ;
#972 = CIRCLE ( 'NONE', #6139, 10.00000000000000888 ) ;
#973 = CARTESIAN_POINT ( 'NONE',  ( 209.8159993425253163, -190.4997416645477131, 0.06812359637839469906 ) ) ;
#974 = CARTESIAN_POINT ( 'NONE',  ( 114.6167672451576038, -101.5668232539317444, 35.89177841174859651 ) ) ;
#975 = CARTESIAN_POINT ( 'NONE',  ( -215.1027478939620323, -189.9796524779430342, 3.562666003997598807 ) ) ;
#976 = CARTESIAN_POINT ( 'NONE',  ( -215.9000000000000057, -190.4999999999999716, 21.48530440293794186 ) ) ;
#977 = CARTESIAN_POINT ( 'NONE',  ( 212.0876199388289365, -188.1727818996630788, 4.444344954665323755 ) ) ;
#978 = CIRCLE ( 'NONE', #2241, 12.50000000000000355 ) ;
#979 = CARTESIAN_POINT ( 'NONE',  ( -208.7920930623822642, 188.7131942857498359, 5.313400451415916770 ) ) ;
#980 = CARTESIAN_POINT ( 'NONE',  ( -22.52611833991364776, -26.89758329262354408, 58.71629059256655836 ) ) ;
#981 = CARTESIAN_POINT ( 'NONE',  ( -31.72025958487724751, 14.80261345799101491, 50.00890000936646373 ) ) ;
#982 = CARTESIAN_POINT ( 'NONE',  ( -209.8161140499835540, 190.4998403802235885, 0.05420799037104107043 ) ) ;
#983 = CARTESIAN_POINT ( 'NONE',  ( 213.7231842042013454, -188.4029326890638458, 1.345520822320838139 ) ) ;
#984 = CARTESIAN_POINT ( 'NONE',  ( 161.9249999999999545, -190.5000000000000000, 0.000000000000000000 ) ) ;
#985 = AXIS2_PLACEMENT_3D ( 'NONE', #4166, #3637, #7067 ) ;
#986 = CARTESIAN_POINT ( 'NONE',  ( 209.4364371146238000, -187.3960425894288448, 6.615751524383679083 ) ) ;
#987 = CARTESIAN_POINT ( 'NONE',  ( -69.32747865354576788, 61.62230903683612127, 43.36804636454669293 ) ) ;
#988 = ORIENTED_EDGE ( 'NONE', *, *, #6968, .T. ) ;
#989 = CARTESIAN_POINT ( 'NONE',  ( -205.5808232503277395, 180.1147155913175766, 11.66761895829480977 ) ) ;
#990 = CARTESIAN_POINT ( 'NONE',  ( -214.8993938826328076, 186.9960357904507191, 1.299104576572287728 ) ) ;
#991 = CARTESIAN_POINT ( 'NONE',  ( 33.01262735438917417, 28.90003035850370239, 48.99633025713273327 ) ) ;
#992 = CARTESIAN_POINT ( 'NONE',  ( -36.19992500611417796, 24.74358838406639904, 48.92028575739222163 ) ) ;
#993 = CARTESIAN_POINT ( 'NONE',  ( 43.34126505370900162, -37.83543803215302859, 47.44466414631500584 ) ) ;
#994 = VERTEX_POINT ( 'NONE', #7047 ) ;
#995 = DIRECTION ( 'NONE',  ( 0.000000000000000000, -0.000000000000000000, 1.000000000000000000 ) ) ;
#996 = CARTESIAN_POINT ( 'NONE',  ( -215.7294826779416326, 183.9502450436763183, 1.573942848299070718 ) ) ;
#997 = CARTESIAN_POINT ( 'NONE',  ( 199.1465774810886842, -176.7322362119621175, 14.36102514193196278 ) ) ;
#998 = CARTESIAN_POINT ( 'NONE',  ( -214.2409271126180386, -190.4987983776995577, 0.000000000000000000 ) ) ;
#999 = CARTESIAN_POINT ( 'NONE',  ( -196.5879144406922308, 172.0213280691213811, 16.06436029704785895 ) ) ;
#1000 = EDGE_CURVE ( 'NONE', #1332, #2188, #5391, .T. ) ;
#1001 = B_SPLINE_CURVE_WITH_KNOTS ( 'NONE', 3,
 ( #7118, #4836, #1200, #7079, #6595, #1084, #7742, #2265, #1828, #3606, #6631, #6521, #6007, #6562, #1239, #5850, #1681, #569, #4091, #6480, #3570, #5972, #5382, #5894, #7783, #2305, #490, #2381, #7191, #6046 ),
 .UNSPECIFIED., .F., .F.,
 ( 4, 2, 2, 2, 2, 2, 2, 2, 2, 2, 2, 2, 2, 2, 4 ),
 ( 3.469446951953613804E-18, 0.007798286509080701832, 0.01169742976362105752, 0.01364700139089123319, 0.01559657301816141060, 0.02339485952724211504, 0.02729400278178246639, 0.03119314603632281774, 0.03899143254540351350, 0.04289057579994386138, 0.04484014742721403185, 0.04678971905448421620, 0.05458800556356490502, 0.05848714881810523902, 0.06238629207264557303 ),
 .UNSPECIFIED. ) ;
#1002 = CARTESIAN_POINT ( 'NONE',  ( -214.3878078490651262, 185.8007537301750176, 3.839741483279997869 ) ) ;
#1003 = CARTESIAN_POINT ( 'NONE',  ( -26.27603836016724159, -23.12177693138147561, 58.93602718437971788 ) ) ;
#1004 = EDGE_CURVE ( 'NONE', #7072, #6762, #7448, .T. ) ;
#1005 = CARTESIAN_POINT ( 'NONE',  ( 33.41304611438611261, 30.14246753930255096, 58.92519608697404010 ) ) ;
#1006 = CARTESIAN_POINT ( 'NONE',  ( 217.4547442831538433, -185.5107768018915237, 0.000000000000000000 ) ) ;
#1007 = ORIENTED_EDGE ( 'NONE', *, *, #5295, .T. ) ;
#1008 = DIRECTION ( 'NONE',  ( 0.000000000000000000, 0.000000000000000000, 1.000000000000000000 ) ) ;
#1009 = CARTESIAN_POINT ( 'NONE',  ( 209.8162978572969450, -190.4999999999999716, -0.06089986583223843536 ) ) ;
#1010 = CARTESIAN_POINT ( 'NONE',  ( 179.9728143744307260, -156.6435668023537175, 21.78650129652566392 ) ) ;
#1011 = CARTESIAN_POINT ( 'NONE',  ( 35.00000000000000711, 4.286263797015737285E-15, 85.00000000000000000 ) ) ;
#1012 = ORIENTED_EDGE ( 'NONE', *, *, #4427, .F. ) ;
#1013 = CARTESIAN_POINT ( 'NONE',  ( 20.57605558769153475, 38.02792994079447197, 48.54612454044409731 ) ) ;
#1014 = CARTESIAN_POINT ( 'NONE',  ( 43.38327672689069914, -2.643136778282576760, 48.67076288934607931 ) ) ;
#1015 = CARTESIAN_POINT ( 'NONE',  ( -215.9000000000000909, 183.5000000000000000, -0.2635736927345287417 ) ) ;
#1016 = CARTESIAN_POINT ( 'NONE',  ( 213.6509832471462857, 188.6903157699822771, 5.921596245437493522 ) ) ;
#1017 = CARTESIAN_POINT ( 'NONE',  ( 212.4243856554469687, -189.6160882213289938, 0.1134680807318814433 ) ) ;
#1018 = CARTESIAN_POINT ( 'NONE',  ( 92.19438343469352048, -81.34685296044568759, 39.76464652804729383 ) ) ;
#1019 = CARTESIAN_POINT ( 'NONE',  ( -215.8905220793444073, -190.4957899007501112, 0.3902611401471264285 ) ) ;
#1020 = CARTESIAN_POINT ( 'NONE',  ( 34.80743064869181325, 192.1448328889844959, -1.734723475976807094E-15 ) ) ;
#1021 = CARTESIAN_POINT ( 'NONE',  ( 212.6407501098638591, -187.5868331953562347, 4.516356090152187086 ) ) ;
#1022 = CARTESIAN_POINT ( 'NONE',  ( 1.211648340572703653, -35.00011092769764076, 57.92963096484687924 ) ) ;
#1023 = CARTESIAN_POINT ( 'NONE',  ( -210.9164487777920272, 187.0090844291904943, 6.364913824443665824 ) ) ;
#1024 = CARTESIAN_POINT ( 'NONE',  ( -43.21737231104778232, -5.218163292107004914, 48.67825951122671313 ) ) ;
#1025 = CARTESIAN_POINT ( 'NONE',  ( -212.4253264087201103, 189.6165018365531694, 0.009628950176793283841 ) ) ;
#1026 = CARTESIAN_POINT ( 'NONE',  ( 214.3586268597209141, -187.7578322100608261, 1.420807179399759645 ) ) ;
#1027 = CARTESIAN_POINT ( 'NONE',  ( -129.2017153253980837, -115.4295438783751848, 33.01047928976132084 ) ) ;
#1028 = CARTESIAN_POINT ( 'NONE',  ( 208.2564024209866602, -187.9440679724504832, 6.341984017525200024 ) ) ;
#1029 = CARTESIAN_POINT ( 'NONE',  ( -77.09952880401448283, 68.02882557563687271, 42.18846337999690377 ) ) ;
#1030 = ORIENTED_EDGE ( 'NONE', *, *, #4384, .T. ) ;
#1031 = CARTESIAN_POINT ( 'NONE',  ( -204.7101945832431511, 184.5106723915105249, 9.636190144623158815 ) ) ;
#1032 = CARTESIAN_POINT ( 'NONE',  ( -211.5661971608235774, 189.9608774425889237, 0.4054459996188679582 ) ) ;
#1033 = CARTESIAN_POINT ( 'NONE',  ( 211.9554597973889827, -191.7448700568969571, 0.000000000000000000 ) ) ;
#1034 = CARTESIAN_POINT ( 'NONE',  ( 213.3975239614762245, 188.6594723398592919, 1.575610087688138927 ) ) ;
#1035 = CARTESIAN_POINT ( 'NONE',  ( 39.46818994918135104, -34.62131404155696401, 48.01962692298809543 ) ) ;
#1036 = FACE_OUTER_BOUND ( 'NONE', #5003, .T. ) ;
#1037 = CARTESIAN_POINT ( 'NONE',  ( 205.2773497541571146, -180.4743927882960577, 11.68408782721707162 ) ) ;
#1038 = CARTESIAN_POINT ( 'NONE',  ( -212.4874111392014413, -189.3170705827400297, 1.578288989623426453 ) ) ;
#1039 = CARTESIAN_POINT ( 'NONE',  ( -196.5916374544285077, 173.9260754745556312, 15.67686827181108100 ) ) ;
#1040 = CARTESIAN_POINT ( 'NONE',  ( 80.96249999999987779, 190.5000000000000284, 14.89730811577569192 ) ) ;
#1041 = CARTESIAN_POINT ( 'NONE',  ( -208.7270103493453348, 189.9981533016248250, 2.819844532256684744 ) ) ;
#1042 = CARTESIAN_POINT ( 'NONE',  ( -24.56530428166154323, 35.84041861089735193, 48.67965497164948374 ) ) ;
#1043 = CARTESIAN_POINT ( 'NONE',  ( -139.2307456277789584, 190.3012669590299595, 1.486699970953078376 ) ) ;
#1044 = CARTESIAN_POINT ( 'NONE',  ( -223.8999999999999204, 0.000000000000000000, 2.000000000000000000 ) ) ;
#1045 = ORIENTED_EDGE ( 'NONE', *, *, #5976, .F. ) ;
#1046 = DIRECTION ( 'NONE',  ( 1.000000000000000000, -0.000000000000000000, -0.000000000000000000 ) ) ;
#1047 = CARTESIAN_POINT ( 'NONE',  ( 210.7322351905149560, -190.3178087366781881, -0.1419693965929391122 ) ) ;
#1048 = CARTESIAN_POINT ( 'NONE',  ( 184.5789922038994462, -162.8503105789006327, 20.16068172594764363 ) ) ;
#1049 = CARTESIAN_POINT ( 'NONE',  ( -32.86088039309134956, 29.07148416928216861, 48.99739561425819545 ) ) ;
#1050 = CARTESIAN_POINT ( 'NONE',  ( -159.6417839318368976, 141.7407800095036237, 26.73752308664788657 ) ) ;
#1051 = CARTESIAN_POINT ( 'NONE',  ( 25.98792483414300136, -23.44414133242960574, 58.92519609199868569 ) ) ;
#1052 = CARTESIAN_POINT ( 'NONE',  ( 28.91010122207183741, 19.75675297567993738, 50.00628207270671766 ) ) ;
#1053 = CARTESIAN_POINT ( 'NONE',  ( -213.8497474683059352, 188.4497474683058442, -0.1825041619736932907 ) ) ;
#1054 = CARTESIAN_POINT ( 'NONE',  ( 202.9663533862284908, 182.6576124212595289, 10.99583375655386241 ) ) ;
#1055 = CARTESIAN_POINT ( 'NONE',  ( 215.8986672168700238, -183.4999855903304535, 0.1428089154696137730 ) ) ;
#1056 = CARTESIAN_POINT ( 'NONE',  ( 121.8051207583420137, -108.6142263724443211, 34.43813919558223802 ) ) ;
#1057 = CARTESIAN_POINT ( 'NONE',  ( -215.8999898177510204, -183.4999999002146183, 0.01259074043819677184 ) ) ;
#1058 = CARTESIAN_POINT ( 'NONE',  ( -69.99074032976304238, 190.7239199639538469, -5.301312455515686567E-10 ) ) ;
#1059 = CARTESIAN_POINT ( 'NONE',  ( 213.3963073776104977, -187.1518165568996039, 4.203687320210701905 ) ) ;
#1060 = ORIENTED_EDGE ( 'NONE', *, *, #5400, .T. ) ;
#1061 = EDGE_CURVE ( 'NONE', #4893, #4833, #6531, .T. ) ;
#1062 = CARTESIAN_POINT ( 'NONE',  ( -211.8799595909354139, 185.9773754602531994, 6.468546719897017461 ) ) ;
#1063 = CARTESIAN_POINT ( 'NONE',  ( -31.15944495648013302, -16.07542501204352092, 58.75380840227745693 ) ) ;
#1064 = CARTESIAN_POINT ( 'NONE',  ( -215.0163805089850939, 187.0253049138950132, 0.04221313935073747747 ) ) ;
#1065 = CARTESIAN_POINT ( 'NONE',  ( 208.8899240934098884, -190.4739666786942678, 0.6487552898032243887 ) ) ;
#1066 = CARTESIAN_POINT ( 'NONE',  ( -153.3776137037175431, -133.6472353461863918, 28.46461214174724219 ) ) ;
#1067 = CARTESIAN_POINT ( 'NONE',  ( 209.3090819817898875, -187.2496497741473149, 6.790199868526302751 ) ) ;
#1068 = CARTESIAN_POINT ( 'NONE',  ( -62.34073641816848266, 54.32822300542909488, 44.55650110908510442 ) ) ;
#1069 = AXIS2_PLACEMENT_3D ( 'NONE', #2761, #3282, #6906 ) ;
#1070 = VERTEX_POINT ( 'NONE', #1137 ) ;
#1071 = CARTESIAN_POINT ( 'NONE',  ( -3.031898642695138424, -42.64812877544498093, 48.19924594933293349 ) ) ;
#1072 = CARTESIAN_POINT ( 'NONE',  ( -206.2156785505412699, 183.2856500388706991, 10.29277142811165291 ) ) ;
#1073 = CARTESIAN_POINT ( 'NONE',  ( -213.1336879074768547, 189.0705900710416358, 0.9722746944778543066 ) ) ;
#1074 = CARTESIAN_POINT ( 'NONE',  ( 61.59935453558196627, 55.16563775072871323, 44.51552103984794684 ) ) ;
#1075 = CARTESIAN_POINT ( 'NONE',  ( 214.2409271122557470, 190.4987983773050360, 0.000000000000000000 ) ) ;
#1076 = CARTESIAN_POINT ( 'NONE',  ( 43.18041773531596306, -38.01962169162243299, 47.44672484041025484 ) ) ;
#1077 = DIRECTION ( 'NONE',  ( -1.000000000000000000, 0.000000000000000000, 0.000000000000000000 ) ) ;
#1078 = CARTESIAN_POINT ( 'NONE',  ( 205.9400762163598984, -181.6814637002419772, 11.04862113512037247 ) ) ;
#1079 = CARTESIAN_POINT ( 'NONE',  ( -214.1231094727925210, -188.4211819731529260, -2.275919743336054581E-12 ) ) ;
#1080 = CARTESIAN_POINT ( 'NONE',  ( -197.7770592947045145, 172.5581274887318841, 15.63861618729121439 ) ) ;
#1081 = CARTESIAN_POINT ( 'NONE',  ( -208.8999999999999773, -190.5000000000000000, -1.398227080111467568 ) ) ;
#1082 = CARTESIAN_POINT ( 'NONE',  ( -211.1073702656659350, 189.4901860572995247, 3.021478691414484885 ) ) ;
#1083 = CARTESIAN_POINT ( 'NONE',  ( 26.17504677236982502, -23.23671591229997446, 50.00190764222934803 ) ) ;
#1084 = CARTESIAN_POINT ( 'NONE',  ( 39.55734560756793883, -18.42608684821322385, 48.81785006320667009 ) ) ;
#1085 = PLANE ( 'NONE',  #1978 ) ;
#1086 = VERTEX_POINT ( 'NONE', #3542 ) ;
#1087 = CARTESIAN_POINT ( 'NONE',  ( -214.2863475301692802, 188.2595848492416906, 4.553590491017579159E-12 ) ) ;
#1088 = CARTESIAN_POINT ( 'NONE',  ( 211.5787840265555531, -189.9671567275789812, -0.04063248314206800715 ) ) ;
#1089 = CARTESIAN_POINT ( 'NONE',  ( 190.9957639998735033, -170.6605690262785799, 17.31819502961533885 ) ) ;
#1090 = DIRECTION ( 'NONE',  ( 0.000000000000000000, 0.000000000000000000, -1.000000000000000000 ) ) ;
#1091 = CARTESIAN_POINT ( 'NONE',  ( -156.6089555272939720, 137.5993152550479408, 27.66985055865385590 ) ) ;
#1092 =( BOUNDED_SURFACE ( )  B_SPLINE_SURFACE ( 3, 2, ( 
 ( #5378, #2452, #18 ),
 ( #4832, #4759, #56 ),
 ( #6517, #7776, #2376 ),
 ( #3640, #3045, #1273 ) ),
 .UNSPECIFIED., .F., .F., .F. ) 
 B_SPLINE_SURFACE_WITH_KNOTS ( ( 4, 4 ),
 ( 3, 3 ),
 ( 3.903127820947815962E-17, 0.0008339123866195403316 ),
 ( 0.000000000000000000, 1.000000000000000000 ),
 .UNSPECIFIED. ) 
 GEOMETRIC_REPRESENTATION_ITEM ( )  RATIONAL_B_SPLINE_SURFACE ( (
 ( 1.000000000000000000, 0.7459714310211549293, 1.000000000000000000),
 ( 1.000000000000000000, 0.7458367426943494083, 1.000000000000000000),
 ( 1.000000000000000000, 0.7457861983615224899, 1.000000000000000000),
 ( 1.000000000000000000, 0.7458199749283133118, 1.000000000000000000) ) ) 
 REPRESENTATION_ITEM ( '' )  SURFACE ( )  );
#1093 = CARTESIAN_POINT ( 'NONE',  ( -24.56112791326338396, 25.05494408434316256, 50.01034834285400166 ) ) ;
#1094 = CARTESIAN_POINT ( 'NONE',  ( -217.4547442833248567, 185.5107768019079515, 0.000000000000000000 ) ) ;
#1095 = CARTESIAN_POINT ( 'NONE',  ( -211.5787840265557236, 189.9671567275790096, -0.1825041619736932907 ) ) ;
#1096 = CARTESIAN_POINT ( 'NONE',  ( 205.9917066244422017, 185.9566673774119749, 8.416978383782828033 ) ) ;
#1097 = CARTESIAN_POINT ( 'NONE',  ( 213.2016632978519510, -189.0976057643374304, 0.04854749992214619364 ) ) ;
#1098 = CARTESIAN_POINT ( 'NONE',  ( 122.8362581186445368, -107.4622579465742973, 34.52754390180587052 ) ) ;
#1099 = CARTESIAN_POINT ( 'NONE',  ( -215.4930929322428028, -190.2718009487446125, 2.528736584474705840 ) ) ;
#1100 = CARTESIAN_POINT ( 'NONE',  ( -223.8999999999999204, -190.5000000000000568, 0.000000000000000000 ) ) ;
#1101 = AXIS2_PLACEMENT_3D ( 'NONE', #4914, #4361, #718 ) ;
#1102 = CARTESIAN_POINT ( 'NONE',  ( 214.2720532279080317, -184.8396848972097359, 4.602975594635741352 ) ) ;
#1103 = EDGE_CURVE ( 'NONE', #4198, #2928, #6740, .T. ) ;
#1104 = CARTESIAN_POINT ( 'NONE',  ( -212.4978409701153623, 184.6952797969347273, 6.532819513689324786 ) ) ;
#1105 =( GEOMETRIC_REPRESENTATION_CONTEXT ( 3 ) GLOBAL_UNCERTAINTY_ASSIGNED_CONTEXT ( ( #3016 ) ) GLOBAL_UNIT_ASSIGNED_CONTEXT ( ( #6965, #4460, #6260 ) ) REPRESENTATION_CONTEXT ( 'NONE', 'WORKASPACE' ) );
#1106 = CARTESIAN_POINT ( 'NONE',  ( 192.8141101037585656, 167.5365874821022487, 17.62439196554559118 ) ) ;
#1107 = CARTESIAN_POINT ( 'NONE',  ( -215.7177910853756941, 185.3322329459367666, 0.01650945159247632285 ) ) ;
#1108 = EDGE_CURVE ( 'NONE', #855, #1761, #2720, .T. ) ;
#1109 = CARTESIAN_POINT ( 'NONE',  ( 212.3088149058503120, -189.5545027233419830, 1.286347607509657376 ) ) ;
#1110 = CARTESIAN_POINT ( 'NONE',  ( -107.9065998494348975, -93.95812545480443134, 37.20373064668843455 ) ) ;
#1111 = CARTESIAN_POINT ( 'NONE',  ( 209.4228578045055826, -186.4494108477087764, 7.461092649880048278 ) ) ;
#1112 = CARTESIAN_POINT ( 'NONE',  ( -122.6094547923470799, 107.7217121538196949, 34.53706526008395628 ) ) ;
#1113 = AXIS2_PLACEMENT_3D ( 'NONE', #7245, #3027, #735 ) ;
#1114 = EDGE_LOOP ( 'NONE', ( #2089, #19, #2812, #6840 ) ) ;
#1115 = CARTESIAN_POINT ( 'NONE',  ( -12.06749080975211719, -41.27328271913172131, 48.31377001667417659 ) ) ;
#1116 = CARTESIAN_POINT ( 'NONE',  ( -206.4150950468303165, 185.6911715903233073, 8.669355566135699576 ) ) ;
#1117 = CARTESIAN_POINT ( 'NONE',  ( -209.8041801908559023, 190.4893166614150175, 0.4416647015620759342 ) ) ;
#1118 = AXIS2_PLACEMENT_3D ( 'NONE', #4007, #5071, #7546 ) ;
#1119 = CARTESIAN_POINT ( 'NONE',  ( 62.01401356348961968, 54.71989950230925359, 44.58397419918462390 ) ) ;
#1120 = CARTESIAN_POINT ( 'NONE',  ( 217.2193778140982090, 186.3307595783235513, -0.000000000000000000 ) ) ;
#1121 = CARTESIAN_POINT ( 'NONE',  ( 47.10049622348827114, -41.18022320796169566, 46.87266998510766314 ) ) ;
#1122 = DIRECTION ( 'NONE',  ( -0.000000000000000000, -0.000000000000000000, -1.000000000000000000 ) ) ;
#1123 = CARTESIAN_POINT ( 'NONE',  ( 204.7892953087250589, -181.9367399975658657, 11.26315316134085975 ) ) ;
#1124 = CARTESIAN_POINT ( 'NONE',  ( -215.8744927477030444, -188.8701334380248511, -0.000000000000000000 ) ) ;
#1125 = CARTESIAN_POINT ( 'NONE',  ( 15.56665133895330655, 31.51631956289884684, 49.99999999999997868 ) ) ;
#1126 = CARTESIAN_POINT ( 'NONE',  ( -211.1609930587144106, 189.5578083419946722, 2.808442434820643818 ) ) ;
#1127 = CARTESIAN_POINT ( 'NONE',  ( -215.7293584012460030, 183.4967789680676731, 1.574680594478673923 ) ) ;
#1128 = CARTESIAN_POINT ( 'NONE',  ( 215.6849685776021772, -184.3982286820634044, 1.573494175824994068 ) ) ;
#1129 = ORIENTED_EDGE ( 'NONE', *, *, #6304, .F. ) ;
#1130 = CARTESIAN_POINT ( 'NONE',  ( -215.8631922135270997, 188.8851313154954141, 0.000000000000000000 ) ) ;
#1131 = CARTESIAN_POINT ( 'NONE',  ( 213.8497474683057931, -188.4497474683058158, -0.4257127542553629795 ) ) ;
#1132 = CARTESIAN_POINT ( 'NONE',  ( -208.8445242821260024, 192.2983899566821435, 2.000000000000000000 ) ) ;
#1133 = CARTESIAN_POINT ( 'NONE',  ( 187.7236923380688154, -166.8409759976813120, 18.82050942430227991 ) ) ;
#1134 = CARTESIAN_POINT ( 'NONE',  ( -179.4557430486913177, 156.2087012386269578, 21.97061158288228100 ) ) ;
#1135 = CARTESIAN_POINT ( 'NONE',  ( -163.7051228347749543, 144.7441197109222344, 25.89388364359846406 ) ) ;
#1136 = CARTESIAN_POINT ( 'NONE',  ( 5.315380633762134543, 42.43053492972564555, 48.21779987650425880 ) ) ;
#1137 = CARTESIAN_POINT ( 'NONE',  ( -215.7293584012458325, -183.4967789686986919, 1.574680594478672369 ) ) ;
#1138 = CARTESIAN_POINT ( 'NONE',  ( -213.2018270398244795, 189.0976678967872715, -0.2635736927345287417 ) ) ;
#1139 = CARTESIAN_POINT ( 'NONE',  ( 215.8990630883656650, 183.4999898038034871, 0.1207173163950432254 ) ) ;
#1140 = CARTESIAN_POINT ( 'NONE',  ( 215.8995158988675485, -183.4999946859865645, 0.08420347009909623370 ) ) ;
#1141 = CARTESIAN_POINT ( 'NONE',  ( 130.1655840325263966, -114.3664545635663927, 33.15317340560198289 ) ) ;
#1142 = CARTESIAN_POINT ( 'NONE',  ( -208.8920368933797249, -190.4798247404605718, 0.5728625454818681018 ) ) ;
#1143 = CARTESIAN_POINT ( 'NONE',  ( 139.6141417857419640, 190.6970937063063047, -1.602431926539489992E-10 ) ) ;
#1144 = EDGE_LOOP ( 'NONE', ( #117, #6390, #6309, #1450 ) ) ;
#1145 = CARTESIAN_POINT ( 'NONE',  ( 15.01431548107500369, -31.62316204013253795, 50.02450542709028269 ) ) ;
#1146 = CARTESIAN_POINT ( 'NONE',  ( 196.6134320942251463, 170.6899041764458218, 16.16252758018980273 ) ) ;
#1147 = CARTESIAN_POINT ( 'NONE',  ( -215.8999207879158746, 184.4162922552453381, 0.03489946912196144335 ) ) ;
#1148 = CARTESIAN_POINT ( 'NONE',  ( 211.4711716910445034, -189.8976537033450995, 1.250877971108980136 ) ) ;
#1149 = CARTESIAN_POINT ( 'NONE',  ( -50.68861612465484257, -44.72660095219244170, 46.31234258332118259 ) ) ;
#1150 = EDGE_CURVE ( 'NONE', #4517, #4672, #3654, .T. ) ;
#1151 = CARTESIAN_POINT ( 'NONE',  ( 211.9943230614861420, -184.3649299135985302, 7.063113898523521783 ) ) ;
#1152 = CARTESIAN_POINT ( 'NONE',  ( -85.16927770374570628, 74.09113341563502786, 40.97534285878113280 ) ) ;
#1153 = ORIENTED_EDGE ( 'NONE', *, *, #6015, .T. ) ;
#1154 = CARTESIAN_POINT ( 'NONE',  ( -20.56191334517748714, -38.03486294285158920, 48.54567638209007185 ) ) ;
#1155 = CARTESIAN_POINT ( 'NONE',  ( -205.5322568020082485, 184.7236622549414164, 9.472198775731682119 ) ) ;
#1156 = CARTESIAN_POINT ( 'NONE',  ( -215.8135869861974641, 184.4098524594464834, 1.133673482788996711 ) ) ;
#1157 = CARTESIAN_POINT ( 'NONE',  ( 214.6807517592563102, -190.1392100615054517, 0.000000000000000000 ) ) ;
#1158 = CARTESIAN_POINT ( 'NONE',  ( 51.71741829955020364, -46.29262723846793648, 46.05961205935002312 ) ) ;
#1159 = CARTESIAN_POINT ( 'NONE',  ( 39.16499652453271096, -34.96623616250155209, 48.00835367855572855 ) ) ;
#1160 = CARTESIAN_POINT ( 'NONE',  ( -210.6340064872941014, -190.1131355835375132, 1.586980067404760719 ) ) ;
#1161 = CARTESIAN_POINT ( 'NONE',  ( 203.9818108610392358, -181.8025280990819681, 11.45054057679318227 ) ) ;
#1162 = CARTESIAN_POINT ( 'NONE',  ( -211.1412140766538243, -192.0042375212813397, -0.000000000000000000 ) ) ;
#1163 = CARTESIAN_POINT ( 'NONE',  ( -215.8999999999999773, -190.5000000000000000, -1.398227080111467568 ) ) ;
#1164 = CARTESIAN_POINT ( 'NONE',  ( -215.0898490237006513, 183.4328363594217421, 3.414357718705157918 ) ) ;
#1165 = CARTESIAN_POINT ( 'NONE',  ( -215.8999999999999204, 198.5000000000000568, 2.000000000000000000 ) ) ;
#1166 = CARTESIAN_POINT ( 'NONE',  ( 214.3136766343895943, -187.6876776630868733, 1.573751006930396823 ) ) ;
#1167 = CARTESIAN_POINT ( 'NONE',  ( 34.80830198173504897, -190.2600137812441119, 1.331078148198885147 ) ) ;
#1168 = CARTESIAN_POINT ( 'NONE',  ( 211.5787840265556099, -189.9671567275789812, -0.2635736927339806246 ) ) ;
#1169 = CARTESIAN_POINT ( 'NONE',  ( 191.2225199059209615, -170.4377001663934550, 17.40091737556889484 ) ) ;
#1170 = CARTESIAN_POINT ( 'NONE',  ( -215.8999999999999204, 190.5000000000000853, 85.00000000000000000 ) ) ;
#1171 = CARTESIAN_POINT ( 'NONE',  ( -178.0158418866889178, 158.8352721132562522, 21.69767513511012780 ) ) ;
#1172 = CARTESIAN_POINT ( 'NONE',  ( 2.433327234129394778, 34.93670173919914390, 57.93774180810542163 ) ) ;
#1173 = CARTESIAN_POINT ( 'NONE',  ( -211.6797578110223128, 191.8424596484395863, -0.000000000000000000 ) ) ;
#1174 = CARTESIAN_POINT ( 'NONE',  ( -215.9000000000000341, 184.4162978572970246, -1.074269000342903180 ) ) ;
#1175 = CARTESIAN_POINT ( 'NONE',  ( 215.3625304990534914, 183.4715547204505981, 2.787528418391431284 ) ) ;
#1176 = CARTESIAN_POINT ( 'NONE',  ( 213.8496406629530497, -188.4497130147809401, 0.03830848736096021528 ) ) ;
#1177 = CARTESIAN_POINT ( 'NONE',  ( 129.3225903763953681, -115.3002849284074642, 33.04622803842772072 ) ) ;
#1178 = CARTESIAN_POINT ( 'NONE',  ( -208.8999988077087551, -190.4999972734097753, 0.006694144134256979628 ) ) ;
#1179 = CARTESIAN_POINT ( 'NONE',  ( -208.2494643280898856, -189.0169509468775573, 4.834079451622586454 ) ) ;
#1180 = ORIENTED_EDGE ( 'NONE', *, *, #1916, .T. ) ;
#1181 = EDGE_LOOP ( 'NONE', ( #1526, #4965, #7193, #1225, #4649 ) ) ;
#1182 = CARTESIAN_POINT ( 'NONE',  ( 33.01262735438949392, 28.90003035850330448, 48.99633025713273327 ) ) ;
#1183 = CARTESIAN_POINT ( 'NONE',  ( -214.4976514895488151, 187.8018224957485245, 0.01563212825155981672 ) ) ;
#1184 = CARTESIAN_POINT ( 'NONE',  ( 208.8939593233639300, -190.4849287879014241, 0.4903396958109185744 ) ) ;
#1185 = CARTESIAN_POINT ( 'NONE',  ( -149.5861719703174515, -130.3469745995748497, 29.28432083628337068 ) ) ;
#1186 = CARTESIAN_POINT ( 'NONE',  ( 213.2373802882542009, -185.1567270348042484, 5.656581484122879644 ) ) ;
#1187 = CARTESIAN_POINT ( 'NONE',  ( -99.74156172206302529, 88.00558253509566953, 38.49509156698251644 ) ) ;
#1188 = EDGE_LOOP ( 'NONE', ( #6920, #2583 ) ) ;
#1189 = CARTESIAN_POINT ( 'NONE',  ( -210.1930349914570400, 184.6111631939073163, 8.186331935570200002 ) ) ;
#1190 = CARTESIAN_POINT ( 'NONE',  ( -215.2492679736382684, 186.1557035014521375, 1.307011183543219435 ) ) ;
#1191 = CARTESIAN_POINT ( 'NONE',  ( 31.72540531307561906, 28.18906118251759096, 49.15708386482782544 ) ) ;
#1192 = CARTESIAN_POINT ( 'NONE',  ( 211.6937744877832017, 191.8377166150327469, -0.000000000000000000 ) ) ;
#1193 = CARTESIAN_POINT ( 'NONE',  ( 69.77586094439816122, -61.11578709271399390, 43.39003956182773436 ) ) ;
#1194 = CARTESIAN_POINT ( 'NONE',  ( 205.0153786836163192, -183.4800475777941813, 10.38084003888573115 ) ) ;
#1195 = CARTESIAN_POINT ( 'NONE',  ( -209.3214379092449349, -190.6679847220603392, -1.965760751658566765E-11 ) ) ;
#1196 = VERTEX_POINT ( 'NONE', #1287 ) ;
#1197 = EDGE_CURVE ( 'NONE', #7708, #1070, #7781, .T. ) ;
#1198 = CARTESIAN_POINT ( 'NONE',  ( -6.236804059308070691, 34.59607486757647621, 49.99999999999997158 ) ) ;
#1199 = CARTESIAN_POINT ( 'NONE',  ( -211.8423494651189287, 189.1135066446108794, 3.238644810094468252 ) ) ;
#1200 = CARTESIAN_POINT ( 'NONE',  ( 36.19992500611404296, -24.74358838406650563, 48.92028575739222163 ) ) ;
#1201 = DIRECTION ( 'NONE',  ( -0.7547966814264110980, 0.6559588170820459530, 0.000000000000000000 ) ) ;
#1202 = CARTESIAN_POINT ( 'NONE',  ( -209.7481511743008582, 190.2969170617627128, 1.593359259982066067 ) ) ;
#1203 = CARTESIAN_POINT ( 'NONE',  ( 213.2018270398243374, -189.0976678967872431, -0.1419693965929391122 ) ) ;
#1204 = CARTESIAN_POINT ( 'NONE',  ( 20.55082240455260489, -38.04025940695883179, 48.54532705467083531 ) ) ;
#1205 = EDGE_CURVE ( 'NONE', #3349, #994, #7142, .T. ) ;
#1206 = CARTESIAN_POINT ( 'NONE',  ( 190.6532978476365372, -167.3611361867988876, 18.26455355885866538 ) ) ;
#1207 = CARTESIAN_POINT ( 'NONE',  ( -85.96861732026619052, 76.92393475863940466, 40.61324095328219386 ) ) ;
#1208 = CARTESIAN_POINT ( 'NONE',  ( -171.5579459845565964, 151.0358936135897352, 24.00949911763991551 ) ) ;
#1209 = CARTESIAN_POINT ( 'NONE',  ( -9.876509870517164558, 33.67153747411490627, 50.01511462657992269 ) ) ;
#1210 = CARTESIAN_POINT ( 'NONE',  ( -217.0195717055871398, 186.8854254977948983, 0.000000000000000000 ) ) ;
#1211 = CARTESIAN_POINT ( 'NONE',  ( 217.3877338262086312, 185.7768579543211445, 0.000000000000000000 ) ) ;
#1212 = CARTESIAN_POINT ( 'NONE',  ( 215.8985188728217963, 183.4999840267960565, 0.1502236720729511199 ) ) ;
#1213 = CARTESIAN_POINT ( 'NONE',  ( 209.8162813579973545, -190.4999855277357597, 0.01614595016354711601 ) ) ;
#1214 = CARTESIAN_POINT ( 'NONE',  ( 137.2174170812259604, -121.5729149504922901, 31.66361650338966882 ) ) ;
#1215 = CARTESIAN_POINT ( 'NONE',  ( -215.9000000000000341, -183.4999999999999147, -0.05044827241235764342 ) ) ;
#1216 = CARTESIAN_POINT ( 'NONE',  ( -200.3468716180541662, -180.0053266412655262, 12.68719774480078755 ) ) ;
#1217 = VERTEX_POINT ( 'NONE', #5618 ) ;
#1218 = CARTESIAN_POINT ( 'NONE',  ( 187.0990295999633588, 162.7218058367779463, 19.59945952964345040 ) ) ;
#1219 = CARTESIAN_POINT ( 'NONE',  ( -211.5787840265556667, 189.9671567275789812, -9.771776180651828541E-05 ) ) ;
#1220 = CARTESIAN_POINT ( 'NONE',  ( 210.7231712694522798, -190.3122228214412814, 0.3465646932766956456 ) ) ;
#1221 = CARTESIAN_POINT ( 'NONE',  ( -209.5997385133999558, -184.9941533522750490, 9.474688212883002336 ) ) ;
#1222 = CARTESIAN_POINT ( 'NONE',  ( 208.7920930623821221, -188.7131942857497791, 5.313400451415964731 ) ) ;
#1223 = CARTESIAN_POINT ( 'NONE',  ( -121.9204913197606430, 108.4888076921937881, 34.46482354249671687 ) ) ;
#1224 = VECTOR ( 'NONE', #6604, 1000.000000000000000 ) ;
#1225 = ORIENTED_EDGE ( 'NONE', *, *, #3077, .T. ) ;
#1226 = CARTESIAN_POINT ( 'NONE',  ( -210.0082976670909432, 183.6879987299411141, 8.645408637969806520 ) ) ;
#1227 = CARTESIAN_POINT ( 'NONE',  ( -20.55082240452728826, 38.04025940697123787, 48.54532705467004661 ) ) ;
#1228 = CARTESIAN_POINT ( 'NONE',  ( -212.4193627940339013, 189.6139161591246136, 0.2777639530113824029 ) ) ;
#1229 = CARTESIAN_POINT ( 'NONE',  ( 199.7671949113112646, 176.2731326224121062, 14.82007086863037237 ) ) ;
#1230 = CARTESIAN_POINT ( 'NONE',  ( -40.99944040342710849, -14.74822922576416850, 48.76693653539170725 ) ) ;
#1231 = CARTESIAN_POINT ( 'NONE',  ( 47.14725670138781055, -41.12651966268367687, 46.87092806346937124 ) ) ;
#1232 = CARTESIAN_POINT ( 'NONE',  ( 207.9682080938824242, -180.1623677217681347, 10.49574191624306607 ) ) ;
#1233 = FACE_OUTER_BOUND ( 'NONE', #4376, .T. ) ;
#1234 = CARTESIAN_POINT ( 'NONE',  ( -6.081032235151549337, -34.47317909245440148, 57.99595452437681331 ) ) ;
#1235 = CARTESIAN_POINT ( 'NONE',  ( -203.1083969466496910, 178.0482454861867154, 13.02975862736463775 ) ) ;
#1236 = CARTESIAN_POINT ( 'NONE',  ( 4.247038762267537848, -34.74672831053968025, 57.96176839531277381 ) ) ;
#1237 = VECTOR ( 'NONE', #7124, 1000.000000000000000 ) ;
#1238 = CARTESIAN_POINT ( 'NONE',  ( -213.3568944909448817, 188.1788314195257783, 2.801759198177775634 ) ) ;
#1239 = CARTESIAN_POINT ( 'NONE',  ( 43.44059773654861800, -1.316418901843607436, 48.66822799429993296 ) ) ;
#1240 = CARTESIAN_POINT ( 'NONE',  ( 216.0720685486025445, 183.4968063912048422, 2.840609691912021617E-14 ) ) ;
#1241 = CARTESIAN_POINT ( 'NONE',  ( 208.8445242821258034, -192.2983899566820867, 3.469446951953614189E-15 ) ) ;
#1242 = CARTESIAN_POINT ( 'NONE',  ( 214.4976678967872203, -187.8018270398243601, -0.1825041619732894471 ) ) ;
#1243 = CARTESIAN_POINT ( 'NONE',  ( 196.8135883412101919, -171.7491054702104805, 16.03149989990001956 ) ) ;
#1244 = EDGE_CURVE ( 'NONE', #369, #2933, #6374, .T. ) ;
#1245 = CARTESIAN_POINT ( 'NONE',  ( -208.5659086866171492, 189.6199046863117701, 3.736596359337122752 ) ) ;
#1246 = CARTESIAN_POINT ( 'NONE',  ( -181.5458253956512067, 162.3930750347010985, 20.47993800990482782 ) ) ;
#1247 = ADVANCED_FACE ( 'NONE', ( #887 ), #7583, .F. ) ;
#1248 = B_SPLINE_CURVE_WITH_KNOTS ( 'NONE', 3,
 ( #6445, #7553, #3451, #2857 ),
 .UNSPECIFIED., .F., .F.,
 ( 4, 4 ),
 ( 0.000000000000000000, 0.3669938714041428574 ),
 .UNSPECIFIED. ) ;
#1249 = CARTESIAN_POINT ( 'NONE',  ( -211.5676678066451188, 186.6429374256331641, 6.194129320704003128 ) ) ;
#1250 = CARTESIAN_POINT ( 'NONE',  ( -2.481578504090531823, 34.93418939145398383, 50.00179985289250340 ) ) ;
#1251 = CARTESIAN_POINT ( 'NONE',  ( 31.99379392743940187, -14.20113303467929811, 58.71256289623100599 ) ) ;
#1252 = CARTESIAN_POINT ( 'NONE',  ( 217.1205744978348093, 186.6059872438044636, 0.000000000000000000 ) ) ;
#1253 = CARTESIAN_POINT ( 'NONE',  ( 215.8455958278208016, 183.4993870334058670, 0.9164201416905956021 ) ) ;
#1254 = CARTESIAN_POINT ( 'NONE',  ( 211.5787431955189675, -189.9671357569050656, 0.02341737808258255796 ) ) ;
#1255 = CARTESIAN_POINT ( 'NONE',  ( 152.2701377299897842, -134.9092015633950723, 28.48518978304441518 ) ) ;
#1256 = CARTESIAN_POINT ( 'NONE',  ( -215.9000000000000057, -190.4999999999999147, -0.002946669697187515036 ) ) ;
#1257 = CARTESIAN_POINT ( 'NONE',  ( -208.8460603981853581, -190.3381654414763489, 1.603115284326936507 ) ) ;
#1258 = VERTEX_POINT ( 'NONE', #7508 ) ;
#1259 = FACE_OUTER_BOUND ( 'NONE', #623, .T. ) ;
#1260 = CARTESIAN_POINT ( 'NONE',  ( -214.4976678967873056, 187.8018270398243885, 6.062116545664508331E-05 ) ) ;
#1261 = CARTESIAN_POINT ( 'NONE',  ( 215.8203264391926552, -183.4990136104958083, 1.087729120598834198 ) ) ;
#1262 = CARTESIAN_POINT ( 'NONE',  ( -174.1178702725424046, -155.6471202782700232, 22.74470622070690240 ) ) ;
#1263 = CARTESIAN_POINT ( 'NONE',  ( 208.0084119467086623, -188.6199438060878890, 5.433848225444319446 ) ) ;
#1264 = CARTESIAN_POINT ( 'NONE',  ( -99.44488397442989935, 88.33643152570037671, 38.46253383174337159 ) ) ;
#1265 = CARTESIAN_POINT ( 'NONE',  ( -208.2044225819317091, 186.0308085337022987, 8.094679089605206102 ) ) ;
#1266 = DIRECTION ( 'NONE',  ( 1.000000000000000000, 0.000000000000000000, 0.000000000000000000 ) ) ;
#1267 = CARTESIAN_POINT ( 'NONE',  ( -215.7115927561789306, 185.3314694759218924, 0.3077263937517529802 ) ) ;
#1268 = CARTESIAN_POINT ( 'NONE',  ( 181.5456353423167570, 162.3929016417511946, 20.47999906073737364 ) ) ;
#1269 = CARTESIAN_POINT ( 'NONE',  ( 213.0481654775142317, 188.9449281411212951, 1.576500717046553035 ) ) ;
#1270 = CARTESIAN_POINT ( 'NONE',  ( 50.99998978399744942, -44.36400683752178509, 46.29138202170038596 ) ) ;
#1271 = CARTESIAN_POINT ( 'NONE',  ( 207.9090399975298453, -181.3692135838018658, 10.34297075552018441 ) ) ;
#1272 = CARTESIAN_POINT ( 'NONE',  ( 22.52508397171072119, -26.89871987750549209, 58.71622314969499001 ) ) ;
#1273 = CARTESIAN_POINT ( 'NONE',  ( -33.01262735031723139, 28.90003036334104181, 48.99633025722248192 ) ) ;
#1274 = CARTESIAN_POINT ( 'NONE',  ( -202.9005691466319945, 180.1749365676998877, 12.41728648451065986 ) ) ;
#1275 = CARTESIAN_POINT ( 'NONE',  ( 9.671933779707376999, -33.72631257029865992, 58.08696777717118920 ) ) ;
#1276 = CARTESIAN_POINT ( 'NONE',  ( -212.1516002643320746, 189.4302768989265644, 2.089797404070843356 ) ) ;
#1277 = CARTESIAN_POINT ( 'NONE',  ( 210.8999999999999773, 150.0000000000000000, 42.49999999999999289 ) ) ;
#1278 = CARTESIAN_POINT ( 'NONE',  ( -215.8999999999999204, 200.5000000000000568, 2.000000000000000000 ) ) ;
#1279 = ORIENTED_EDGE ( 'NONE', *, *, #5191, .T. ) ;
#1280 = CARTESIAN_POINT ( 'NONE',  ( 217.6836110407052445, 183.4969353413797251, 2.000000000000000000 ) ) ;
#1281 = CARTESIAN_POINT ( 'NONE',  ( 215.0165047184797800, -187.0253328625962865, -0.3446432234946718021 ) ) ;
#1282 = CARTESIAN_POINT ( 'NONE',  ( 198.7435816705803404, -173.3655813199821409, 15.22888878057221085 ) ) ;
#1283 = CARTESIAN_POINT ( 'NONE',  ( -165.6732806046210840, 148.0367877579398339, 25.01388960699426889 ) ) ;
#1284 = CARTESIAN_POINT ( 'NONE',  ( -178.3818336664256208, 158.4538217677612693, 21.80015105914461770 ) ) ;
#1285 = CARTESIAN_POINT ( 'NONE',  ( -208.5044124951399453, 189.4945419716294452, 3.983025736357442170 ) ) ;
#1286 = CARTESIAN_POINT ( 'NONE',  ( 156.4676368668372390, -136.3342810327078496, 27.77758861871230422 ) ) ;
#1287 = CARTESIAN_POINT ( 'NONE',  ( -225.8999999999999204, -190.5000000000000284, 2.000000000000000000 ) ) ;
#1288 = PLANE ( 'NONE',  #1368 ) ;
#1289 = CARTESIAN_POINT ( 'NONE',  ( 215.6314770966666288, 190.3610608139159410, 2.050453402386952728 ) ) ;
#1290 = CARTESIAN_POINT ( 'NONE',  ( 210.7321896648437871, -190.3177798853250806, 0.02436004110490813668 ) ) ;
#1291 = CARTESIAN_POINT ( 'NONE',  ( 160.2393135870677838, -141.0828752152383743, 26.81294319210549304 ) ) ;
#1292 = CARTESIAN_POINT ( 'NONE',  ( -215.9000000000000341, -183.4999999999999147, -0.1011166486416482380 ) ) ;
#1293 = CARTESIAN_POINT ( 'NONE',  ( 210.8999999999999773, -150.0000000000000000, 50.00000000000000000 ) ) ;
#1294 = ORIENTED_EDGE ( 'NONE', *, *, #7506, .F. ) ;
#1295 = EDGE_CURVE ( 'NONE', #3473, #2188, #5625, .T. ) ;
#1296 = DIRECTION ( 'NONE',  ( -0.0007836456187015880320, -0.9999996929497250164, 0.000000000000000000 ) ) ;
#1297 = CARTESIAN_POINT ( 'NONE',  ( -214.4976584955040835, 187.8018244348583892, 0.01205924182433387726 ) ) ;
#1298 = CARTESIAN_POINT ( 'NONE',  ( 215.6808982067200589, -185.3276159461556460, 0.7333514025921956669 ) ) ;
#1299 = CARTESIAN_POINT ( 'NONE',  ( -175.1882497198487556, -154.5791526695088862, 23.15272476943346902 ) ) ;
#1300 = DIRECTION ( 'NONE',  ( -1.000000000000000000, 0.000000000000000000, 0.000000000000000000 ) ) ;
#1301 = ADVANCED_FACE ( 'NONE', ( #1520 ), #5184, .F. ) ;
#1302 = CARTESIAN_POINT ( 'NONE',  ( 212.3114850119332857, -185.4068505482404419, 6.441732631564164535 ) ) ;
#1303 = CARTESIAN_POINT ( 'NONE',  ( -152.1288449439718136, 135.0623251127635456, 28.45632447065331050 ) ) ;
#1304 = CARTESIAN_POINT ( 'NONE',  ( -206.6151182011163598, 186.7130266343879725, 7.683922734323458847 ) ) ;
#1305 = CARTESIAN_POINT ( 'NONE',  ( -1.218299533045782201, -34.99988897906333563, 57.92965743284354829 ) ) ;
#1306 = CARTESIAN_POINT ( 'NONE',  ( -215.8944251627873996, 183.4999418034350072, 0.2917528684216484924 ) ) ;
#1307 = CARTESIAN_POINT ( 'NONE',  ( 160.1067641625105580, 141.2717353394749580, 26.92883426502633881 ) ) ;
#1308 = CARTESIAN_POINT ( 'NONE',  ( 207.7013429393583976, -188.1473905411348255, 6.085235116931966282 ) ) ;
#1309 = CARTESIAN_POINT ( 'NONE',  ( 54.28591848937859510, -48.24794293511376964, 45.70597058823011594 ) ) ;
#1310 = CARTESIAN_POINT ( 'NONE',  ( 208.0664287449761503, -184.2989314811732982, 9.259638686312360534 ) ) ;
#1311 = CARTESIAN_POINT ( 'NONE',  ( -43.09973100385250433, 38.11146367480550623, 47.44457233357885428 ) ) ;
#1312 = CARTESIAN_POINT ( 'NONE',  ( -201.0519363514407303, 180.1521978120537426, 12.61534939705149938 ) ) ;
#1313 = CARTESIAN_POINT ( 'NONE',  ( 6.199192942163504583, -34.45259448130984481, 50.00735479953861784 ) ) ;
#1314 = CARTESIAN_POINT ( 'NONE',  ( -215.3809683280711056, 184.3419711814112816, 2.755472362732449110 ) ) ;
#1315 = LINE ( 'NONE', #642, #7477 ) ;
#1316 = CARTESIAN_POINT ( 'NONE',  ( 215.8999999999999204, -200.5000000000000284, 85.00000000000000000 ) ) ;
#1317 = VERTEX_POINT ( 'NONE', #3327 ) ;
#1318 = CARTESIAN_POINT ( 'NONE',  ( 26.13270087336501390, 23.28365651251644053, 58.93389587599061485 ) ) ;
#1319 = CARTESIAN_POINT ( 'NONE',  ( 214.4976678967872488, -187.8018270398243601, -1.074269000340911884 ) ) ;
#1320 = CARTESIAN_POINT ( 'NONE',  ( 195.6520607231869633, -173.0875751075887194, 16.06690378462079138 ) ) ;
#1321 = CARTESIAN_POINT ( 'NONE',  ( -208.4977143921386755, 189.4782319017717498, 4.021243938914031979 ) ) ;
#1322 = CARTESIAN_POINT ( 'NONE',  ( -175.9994325459818469, 153.5734890504148780, 22.94069612164410543 ) ) ;
#1323 = CARTESIAN_POINT ( 'NONE',  ( -213.5404453400113880, 186.2472884389920580, 4.786526133953106665 ) ) ;
#1324 = CARTESIAN_POINT ( 'NONE',  ( 34.26093419604256951, 7.229673341771778006, 58.59086326027140501 ) ) ;
#1325 = CARTESIAN_POINT ( 'NONE',  ( -33.01262735438955787, -28.90003035850321211, 48.99633025713272616 ) ) ;
#1326 = DIRECTION ( 'NONE',  ( -0.7425121381183702463, 0.6698326094979896173, 0.000000000000000000 ) ) ;
#1327 = CARTESIAN_POINT ( 'NONE',  ( 215.8999999999998067, 190.5000000000000284, -0.006113443213213366756 ) ) ;
#1328 = CARTESIAN_POINT ( 'NONE',  ( 214.4976670815678688, -187.8018268130997512, 0.004923799645174901755 ) ) ;
#1329 = CARTESIAN_POINT ( 'NONE',  ( 156.3209329969742214, -137.9231733499349275, 27.65849367273569825 ) ) ;
#1330 = CARTESIAN_POINT ( 'NONE',  ( -215.8999978431546083, -190.4999990227336184, 0.001173247202253552756 ) ) ;
#1331 = DIRECTION ( 'NONE',  ( 0.000000000000000000, 0.000000000000000000, 1.000000000000000000 ) ) ;
#1332 = VERTEX_POINT ( 'NONE', #2731 ) ;
#1333 = DIRECTION ( 'NONE',  ( 0.000000000000000000, 0.000000000000000000, 1.000000000000000000 ) ) ;
#1334 = CARTESIAN_POINT ( 'NONE',  ( -213.8497474683058783, 188.4497474683058442, -9.771776180651828541E-05 ) ) ;
#1335 = CARTESIAN_POINT ( 'NONE',  ( 214.9285523824011079, -187.0046072744696914, 1.134787268368325108 ) ) ;
#1336 = CARTESIAN_POINT ( 'NONE',  ( -189.5290268857883689, -164.7771203749439337, 18.78743917914460937 ) ) ;
#1337 = CARTESIAN_POINT ( 'NONE',  ( -211.4862240003531895, -189.8350052066540741, 1.582243885679575524 ) ) ;
#1338 = CARTESIAN_POINT ( 'NONE',  ( 212.4232704185988609, -186.4066898316599179, 5.783215231075710783 ) ) ;
#1339 = EDGE_CURVE ( 'NONE', #6178, #413, #5146, .T. ) ;
#1340 = CARTESIAN_POINT ( 'NONE',  ( -130.4030304348022185, 114.0946389232268956, 33.14238991114190469 ) ) ;
#1341 = CARTESIAN_POINT ( 'NONE',  ( -211.2607388107547877, 182.4178881642807539, 8.077977654311492728 ) ) ;
#1342 =( BOUNDED_SURFACE ( )  B_SPLINE_SURFACE ( 3, 2, ( 
 ( #661, #6688, #4341 ),
 ( #3700, #6100, #3736 ),
 ( #3109, #5552, #2550 ),
 ( #1374, #6142, #2699 ),
 ( #5819, #3377, #1451 ),
 ( #3415, #6255, #2740 ),
 ( #5115, #5156, #7516 ),
 ( #6408, #1608, #5193 ),
 ( #3976, #7556, #6367 ),
 ( #416, #2116, #4016 ),
 ( #6294, #857, #6883 ),
 ( #4536, #2076, #6923 ),
 ( #2152, #4573, #262 ),
 ( #2190, #1528, #1014 ),
 ( #6961, #3898, #1492 ),
 ( #1566, #970, #7001 ),
 ( #2779, #298, #2819 ),
 ( #5779, #5741, #7591 ),
 ( #7440, #378, #3335 ),
 ( #4611, #3934, #2663 ),
 ( #6330, #931, #336 ),
 ( #2038, #4456, #6841 ),
 ( #3856, #3262, #5667 ),
 ( #5079, #7479, #4495 ),
 ( #894, #3297, #5705 ),
 ( #540, #3579, #1732 ),
 ( #7716, #1052, #6018 ),
 ( #456, #3616, #5318 ),
 ( #2391, #577, #4059 ),
 ( #4736, #2350, #5859 ) ),
 .UNSPECIFIED., .F., .F., .F. ) 
 B_SPLINE_SURFACE_WITH_KNOTS ( ( 4, 2, 2, 2, 2, 2, 2, 2, 2, 2, 2, 2, 2, 2, 4 ),
 ( 3, 3 ),
 ( 6.366435156834882036E-16, 0.008007289245463670990, 0.01201093386819518903, 0.01401275617956094718, 0.01601457849092670707, 0.02402186773638974315, 0.02802551235912125946, 0.03202915698185277577, 0.04003644622731580838, 0.04404009085004732815, 0.04604191316141308804, 0.04804373547277884793, 0.05605102471824188054, 0.06005466934097339338, 0.06405831396370491315 ),
 ( 0.000000000000000000, 1.000000000000000000 ),
 .UNSPECIFIED. ) 
 GEOMETRIC_REPRESENTATION_ITEM ( )  RATIONAL_B_SPLINE_SURFACE ( (
 ( 1.000000000000000000, 0.7458199749283133118, 1.000000000000000000),
 ( 1.000000000000000000, 0.7475297633813986486, 1.000000000000000000),
 ( 1.000000000000000000, 0.7492983410182005866, 1.000000000000000000),
 ( 1.000000000000000000, 0.7518481766736760941, 1.000000000000000000),
 ( 1.000000000000000000, 0.7526805865634423887, 1.000000000000000000),
 ( 1.000000000000000000, 0.7538751206354025181, 1.000000000000000000),
 ( 1.000000000000000000, 0.7542642622148262310, 1.000000000000000000),
 ( 1.000000000000000000, 0.7550196300969228558, 1.000000000000000000),
 ( 1.000000000000000000, 0.7553865947013308491, 1.000000000000000000),
 ( 1.000000000000000000, 0.7571361511063816607, 1.000000000000000000),
 ( 1.000000000000000000, 0.7582700265971372700, 1.000000000000000000),
 ( 1.000000000000000000, 0.7594331328123243852, 1.000000000000000000),
 ( 1.000000000000000000, 0.7597318230329328514, 1.000000000000000000),
 ( 1.000000000000000000, 0.7601343198247734190, 1.000000000000000000),
 ( 1.000000000000000000, 0.7602375013842963547, 1.000000000000000000),
 ( 1.000000000000000000, 0.7602382698436882524, 1.000000000000000000),
 ( 1.000000000000000000, 0.7598313773057492337, 1.000000000000000000),
 ( 1.000000000000000000, 0.7586739357195256828, 1.000000000000000000),
 ( 1.000000000000000000, 0.7581973905523938795, 1.000000000000000000),
 ( 1.000000000000000000, 0.7573594429772604331, 1.000000000000000000),
 ( 1.000000000000000000, 0.7570588001317684057, 1.000000000000000000),
 ( 1.000000000000000000, 0.7564244960700039488, 1.000000000000000000),
 ( 1.000000000000000000, 0.7560908508447276022, 1.000000000000000000),
 ( 1.000000000000000000, 0.7543513456161725639, 1.000000000000000000),
 ( 1.000000000000000000, 0.7527318273703008655, 1.000000000000000000),
 ( 1.000000000000000000, 0.7501769610253752329, 1.000000000000000000),
 ( 1.000000000000000000, 0.7493043950899193062, 1.000000000000000000),
 ( 1.000000000000000000, 0.7475508277052204109, 1.000000000000000000),
 ( 1.000000000000000000, 0.7466744816931883966, 1.000000000000000000),
 ( 1.000000000000000000, 0.7458199749324212480, 1.000000000000000000) ) ) 
 REPRESENTATION_ITEM ( '' )  SURFACE ( )  );
#1343 = ADVANCED_FACE ( 'NONE', ( #6952, #4603 ), #961, .F. ) ;
#1344 = CARTESIAN_POINT ( 'NONE',  ( -15.32535066074136409, -31.47235968481585644, 58.32878976705867302 ) ) ;
#1345 = CARTESIAN_POINT ( 'NONE',  ( -210.7288762271767837, 190.3157348041890486, 0.2072026010917821792 ) ) ;
#1346 = CARTESIAN_POINT ( 'NONE',  ( 152.5653039162873483, 134.6175021508922782, 28.62776640597897071 ) ) ;
#1347 = DIRECTION ( 'NONE',  ( 1.000000000000000000, -0.000000000000000000, -0.000000000000000000 ) ) ;
#1348 = CARTESIAN_POINT ( 'NONE',  ( 54.45884280440927228, -48.05272104933775523, 45.71737912871869014 ) ) ;
#1349 = CARTESIAN_POINT ( 'NONE',  ( 208.3012216521572100, -183.0392776600566833, 9.714980079009126968 ) ) ;
#1350 = CARTESIAN_POINT ( 'NONE',  ( -39.23254909439029348, 34.88984456309137983, 48.01352364235852832 ) ) ;
#1351 = CIRCLE ( 'NONE', #4132, 2.000000000000000000 ) ;
#1352 = CARTESIAN_POINT ( 'NONE',  ( -200.6871330702202556, 174.9770232149333822, 14.36376976824566931 ) ) ;
#1353 = CARTESIAN_POINT ( 'NONE',  ( -210.5706215653414120, 190.1582627746196010, 1.713993760897811969 ) ) ;
#1354 = VECTOR ( 'NONE', #1356, 1000.000000000000000 ) ;
#1355 = CARTESIAN_POINT ( 'NONE',  ( 215.7325228079442354, -100.9849290137334776, 1.584782044823034086 ) ) ;
#1356 = DIRECTION ( 'NONE',  ( -0.000000000000000000, -0.000000000000000000, -1.000000000000000000 ) ) ;
#1357 = CARTESIAN_POINT ( 'NONE',  ( 26.27602145750301688, 23.12179638088733924, 58.93602771368168192 ) ) ;
#1358 = CARTESIAN_POINT ( 'NONE',  ( 213.2018270398243658, -189.0976678967872431, -1.398547123383684143 ) ) ;
#1359 = CARTESIAN_POINT ( 'NONE',  ( 197.0189848206524346, -175.2894191189605237, 15.14732989624553916 ) ) ;
#1360 = DIRECTION ( 'NONE',  ( -1.000000000000000000, 0.000000000000000000, 0.000000000000000000 ) ) ;
#1361 = CARTESIAN_POINT ( 'NONE',  ( -185.3396119859365569, 161.9764167012941414, 20.13241558376968854 ) ) ;
#1362 = AXIS2_PLACEMENT_3D ( 'NONE', #1170, #1833, #6013 ) ;
#1363 = CARTESIAN_POINT ( 'NONE',  ( -214.2670495166024125, 183.2250065218633210, 4.829297533516756502 ) ) ;
#1364 = CARTESIAN_POINT ( 'NONE',  ( 215.8999999999999204, 200.5000000000000568, 85.00000000000000000 ) ) ;
#1365 = CARTESIAN_POINT ( 'NONE',  ( 215.8999999999999488, -190.5000000000000284, 85.00000000000000000 ) ) ;
#1366 = CARTESIAN_POINT ( 'NONE',  ( 210.0032770357729248, 192.2430109681877752, 0.000000000000000000 ) ) ;
#1367 = CARTESIAN_POINT ( 'NONE',  ( 215.8999999999998636, 183.5000000000000284, -0.01244699024190548502 ) ) ;
#1368 = AXIS2_PLACEMENT_3D ( 'NONE', #3729, #4924, #70 ) ;
#1369 = CARTESIAN_POINT ( 'NONE',  ( 209.8162967485654065, -190.4999990242444881, 0.004094940425646538019 ) ) ;
#1370 = CARTESIAN_POINT ( 'NONE',  ( 160.8235225589063759, -140.4094714838996651, 26.77304754852698210 ) ) ;
#1371 = DIRECTION ( 'NONE',  ( 0.000000000000000000, 0.000000000000000000, -1.000000000000000000 ) ) ;
#1372 = ORIENTED_EDGE ( 'NONE', *, *, #7646, .T. ) ;
#1373 = ORIENTED_EDGE ( 'NONE', *, *, #4156, .T. ) ;
#1374 = CARTESIAN_POINT ( 'NONE',  ( 30.60905382036013123, -17.00479469339689587, 58.77685080896613101 ) ) ;
#1375 = CARTESIAN_POINT ( 'NONE',  ( -215.9000000000000625, 183.5000000000000000, -9.771776180651828541E-05 ) ) ;
#1376 = CARTESIAN_POINT ( 'NONE',  ( 215.8965711644049748, -183.4999636930880058, 0.2317353335846193685 ) ) ;
#1377 = CARTESIAN_POINT ( 'NONE',  ( -176.1601546833653060, -153.3776491121592471, 22.89863593686499854 ) ) ;
#1378 = CARTESIAN_POINT ( 'NONE',  ( -225.8999999999999204, -150.0000000000000000, 37.50000000000000000 ) ) ;
#1379 = CARTESIAN_POINT ( 'NONE',  ( 208.4612336181684213, -189.4098935607034946, 4.142852395640977292 ) ) ;
#1380 = CARTESIAN_POINT ( 'NONE',  ( -148.3704796854996459, 131.7243258409112059, 29.27471704604711178 ) ) ;
#1381 = CARTESIAN_POINT ( 'NONE',  ( -210.7734085640717581, 185.9413322658029415, 7.146040894645985020 ) ) ;
#1382 = ADVANCED_FACE ( 'NONE', ( #7548 ), #39, .T. ) ;
#1383 = CARTESIAN_POINT ( 'NONE',  ( 211.8927972770563599, -189.6571127529926457, 1.580410758754223322 ) ) ;
#1384 = CARTESIAN_POINT ( 'NONE',  ( -214.4919062599787196, 187.8002749562244276, 0.2904096375384933038 ) ) ;
#1385 = CARTESIAN_POINT ( 'NONE',  ( 196.9040477799312328, 173.7444415075149209, 16.03074039485392888 ) ) ;
#1386 = CARTESIAN_POINT ( 'NONE',  ( 208.8740289194474258, -190.4264441245054513, 1.091478024423782500 ) ) ;
#1387 = DIRECTION ( 'NONE',  ( 1.000000000000000000, -0.000000000000000000, -0.000000000000000000 ) ) ;
#1388 = CARTESIAN_POINT ( 'NONE',  ( 85.08305869181228331, -74.19095685804177265, 40.98515135093607142 ) ) ;
#1389 = CARTESIAN_POINT ( 'NONE',  ( 207.0234204727421741, -187.2317367934189463, 7.140598214441329361 ) ) ;
#1390 = CARTESIAN_POINT ( 'NONE',  ( -50.52762208465261295, 44.90231211680318779, 46.28707759644792219 ) ) ;
#1391 = CARTESIAN_POINT ( 'NONE',  ( -202.8955725575095812, 176.2572308848713760, 13.33998361863627125 ) ) ;
#1392 = CARTESIAN_POINT ( 'NONE',  ( -214.1645225665837984, 187.6679925280679981, 2.241603582465475863 ) ) ;
#1393 = CARTESIAN_POINT ( 'NONE',  ( 215.7310329846466743, -144.6158965817742512, 1.580040131429762074 ) ) ;
#1394 = CARTESIAN_POINT ( 'NONE',  ( 6.088496981304124311, 34.48808189533214374, 57.99436577085543121 ) ) ;
#1395 = CARTESIAN_POINT ( 'NONE',  ( -217.6836110407055003, 183.4969353407484789, 0.000000000000000000 ) ) ;
#1396 = CARTESIAN_POINT ( 'NONE',  ( 211.5787840265556099, -189.9671567275789812, -1.074269000340911884 ) ) ;
#1397 = CARTESIAN_POINT ( 'NONE',  ( 197.6813969651445575, -176.4063253283686379, 14.63460557891404612 ) ) ;
#1398 = CARTESIAN_POINT ( 'NONE',  ( -225.8999999999999204, -190.5000000000000284, 85.00000000000000000 ) ) ;
#1399 = CARTESIAN_POINT ( 'NONE',  ( -189.3682637928018266, 168.7478639293695437, 18.08347034526050479 ) ) ;
#1400 = CARTESIAN_POINT ( 'NONE',  ( -214.2720532279082590, 184.8396848972097928, 4.602975594635551282 ) ) ;
#1401 = CARTESIAN_POINT ( 'NONE',  ( 212.6733921789889905, -188.7375141993989018, 2.959627469580077719 ) ) ;
#1402 = CARTESIAN_POINT ( 'NONE',  ( 207.0143675484538335, -178.8967516609127415, 11.10144343891657215 ) ) ;
#1403 = CARTESIAN_POINT ( 'NONE',  ( 33.51939499525065003, -10.28865104199571867, 58.63430952172428334 ) ) ;
#1404 = CARTESIAN_POINT ( 'NONE',  ( 211.8954228237276709, 189.6435102471147331, 1.580505480717148137 ) ) ;
#1405 = CARTESIAN_POINT ( 'NONE',  ( 215.8998902014552073, 183.4999987737174933, 0.04075042980139830656 ) ) ;
#1406 = CARTESIAN_POINT ( 'NONE',  ( 215.8999902164183595, -184.4162971627821150, 0.01254127024816511539 ) ) ;
#1407 = CARTESIAN_POINT ( 'NONE',  ( 151.9875521579534166, -135.2154486621317915, 28.42745915826220582 ) ) ;
#1408 = CARTESIAN_POINT ( 'NONE',  ( -213.7337046427148834, 183.0409047692148476, 5.576470379360885410 ) ) ;
#1409 = ORIENTED_EDGE ( 'NONE', *, *, #7032, .T. ) ;
#1410 = ORIENTED_EDGE ( 'NONE', *, *, #1783, .T. ) ;
#1411 = CARTESIAN_POINT ( 'NONE',  ( 215.8999999999998920, -63.49999999999994316, 21.48530440293794186 ) ) ;
#1412 = CARTESIAN_POINT ( 'NONE',  ( -215.9000000000000625, 184.4162978572970246, -0.02036510045201300398 ) ) ;
#1413 = CARTESIAN_POINT ( 'NONE',  ( 208.8999042426581525, -190.4997711122313433, 0.06048614903055637287 ) ) ;
#1414 = CARTESIAN_POINT ( 'NONE',  ( -208.7455066882766630, -190.0464447616196821, 2.683014261045100213 ) ) ;
#1415 = CARTESIAN_POINT ( 'NONE',  ( 209.1136092184316624, -189.2282296283817686, 4.492910078330743850 ) ) ;
#1416 = CARTESIAN_POINT ( 'NONE',  ( -149.3220714389135253, 130.6571316382806742, 29.32639447254024034 ) ) ;
#1417 = CARTESIAN_POINT ( 'NONE',  ( -212.4848214533863313, 183.1395193076717192, 6.948661368341569222 ) ) ;
#1418 = CARTESIAN_POINT ( 'NONE',  ( -6.685567583634643540, -34.36098771998733525, 58.00981346999991217 ) ) ;
#1419 = CARTESIAN_POINT ( 'NONE',  ( 215.6849165117125722, -184.3987822863063002, 1.573493597499187713 ) ) ;
#1420 = CARTESIAN_POINT ( 'NONE',  ( -211.5786762666533036, 189.9671015362462470, 0.03846062370902238181 ) ) ;
#1421 = CARTESIAN_POINT ( 'NONE',  ( 206.8204736065682710, 186.9688962751457382, 7.424556849939255798 ) ) ;
#1422 = CARTESIAN_POINT ( 'NONE',  ( 212.2292167089867405, -189.4958477914499895, 1.720281795003342884 ) ) ;
#1423 = DIRECTION ( 'NONE',  ( 1.000000000000000000, 0.000000000000000000, 0.000000000000000000 ) ) ;
#1424 = CARTESIAN_POINT ( 'NONE',  ( 107.1847358426001051, -94.78112079817188373, 37.21878916515630209 ) ) ;
#1425 = CARTESIAN_POINT ( 'NONE',  ( 207.2261699022322148, -187.4943282034524827, 6.856897482183809345 ) ) ;
#1426 = CARTESIAN_POINT ( 'NONE',  ( -43.18041773531593464, 38.01962169162251826, 47.44672484041026905 ) ) ;
#1427 = CARTESIAN_POINT ( 'NONE',  ( -1.245257156469181670, -34.99988395807891806, 50.00106350612402650 ) ) ;
#1428 = CARTESIAN_POINT ( 'NONE',  ( -205.1265332556871215, 177.4862031897274051, 12.19171518418164268 ) ) ;
#1429 = CARTESIAN_POINT ( 'NONE',  ( -215.1613569121353180, 186.1328716061693456, 1.732819253613762767 ) ) ;
#1430 = CARTESIAN_POINT ( 'NONE',  ( -26.41788385323967603, -22.95855859405679311, 58.93158553432861169 ) ) ;
#1431 = CARTESIAN_POINT ( 'NONE',  ( -215.7302527344546945, -163.4967791937964705, 1.577546599059017396 ) ) ;
#1432 = CARTESIAN_POINT ( 'NONE',  ( -215.3649526968504517, 185.7118314957764937, 1.572859759093099052 ) ) ;
#1433 = B_SPLINE_CURVE_WITH_KNOTS ( 'NONE', 3,
 ( #4975, #7372, #1419, #6850, #3864, #1971, #6225, #5051, #4388, #2522, #6696, #5638, #6775, #3078, #1383, #783, #7449, #7411, #4939, #823, #4903, #3708 ),
 .UNSPECIFIED., .F., .F.,
 ( 4, 2, 2, 2, 2, 2, 2, 2, 2, 2, 4 ),
 ( 8.326672684688674053E-17, 0.001352159041130597756, 0.002704318082261112244, 0.003380397602826385860, 0.004056477123391659910, 0.005408636164522090915, 0.006760795205652522788, 0.008112954246782953793, 0.008789033767348131132, 0.009465113287913308471, 0.01081727232904376029 ),
 .UNSPECIFIED. ) ;
#1434 = CARTESIAN_POINT ( 'NONE',  ( -27.76265904747142343, -21.33868962787182966, 58.88776842454133487 ) ) ;
#1435 = CARTESIAN_POINT ( 'NONE',  ( 203.6370034833775264, -177.3853856998081255, 12.93176139331132823 ) ) ;
#1436 = LINE ( 'NONE', #2026, #4269 ) ;
#1437 = CARTESIAN_POINT ( 'NONE',  ( -185.4510473820339485, 165.5786804773991889, 19.33526294546661006 ) ) ;
#1438 = EDGE_CURVE ( 'NONE', #994, #7019, #2306, .T. ) ;
#1439 = CARTESIAN_POINT ( 'NONE',  ( -209.3315519045014526, 189.6118394442627846, 3.769096519103861453 ) ) ;
#1440 = CARTESIAN_POINT ( 'NONE',  ( 211.8423494651186161, -189.1135066446106521, 3.238644810094870152 ) ) ;
#1441 = ADVANCED_FACE ( 'NONE', ( #2266 ), #5851, .T. ) ;
#1442 = CARTESIAN_POINT ( 'NONE',  ( 215.7293584012458325, -183.4967789680676162, 1.574680594478727880 ) ) ;
#1443 = B_SPLINE_CURVE_WITH_KNOTS ( 'NONE', 3,
 ( #453, #1049, #2735, #5152 ),
 .UNSPECIFIED., .F., .F.,
 ( 4, 4 ),
 ( 9.813077866773594792E-18, 0.0003434099066421967888 ),
 .UNSPECIFIED. ) ;
#1444 = CARTESIAN_POINT ( 'NONE',  ( 211.6797578109813003, -191.8424596481951028, 0.000000000000000000 ) ) ;
#1445 = CARTESIAN_POINT ( 'NONE',  ( 212.7560416980496711, 191.4006256880116155, 0.000000000000000000 ) ) ;
#1446 = CARTESIAN_POINT ( 'NONE',  ( 215.8999996755766517, 190.4999998527409275, 3.808915758442166124E-05 ) ) ;
#1447 = CARTESIAN_POINT ( 'NONE',  ( 215.8999946842618556, -184.4162974797988284, 0.008830411395822667861 ) ) ;
#1448 = CARTESIAN_POINT ( 'NONE',  ( 170.7275645985571089, -151.9405880981882433, 23.88378261660161783 ) ) ;
#1449 = CARTESIAN_POINT ( 'NONE',  ( -209.3388635334515016, 180.5347039531400242, 9.568705098472294779 ) ) ;
#1450 = ORIENTED_EDGE ( 'NONE', *, *, #4347, .T. ) ;
#1451 = CARTESIAN_POINT ( 'NONE',  ( 38.73036735528116026, -20.21650914134097121, 48.84509916720532630 ) ) ;
#1452 = CARTESIAN_POINT ( 'NONE',  ( -215.7178087366782222, 185.3322351905149787, -0.02036510045201299704 ) ) ;
#1453 = CARTESIAN_POINT ( 'NONE',  ( 215.8962948405381894, -184.4160426718939050, 0.2410102337704475850 ) ) ;
#1454 = CARTESIAN_POINT ( 'NONE',  ( -214.6774408565625833, -183.3453436430511658, 4.189390649859836557 ) ) ;
#1455 = CARTESIAN_POINT ( 'NONE',  ( -225.8999999999999204, 150.0000000000000000, 62.50000000000001421 ) ) ;
#1456 = CARTESIAN_POINT ( 'NONE',  ( 212.5256239092073542, -187.4863761484582767, 4.728630168161252811 ) ) ;
#1457 = CARTESIAN_POINT ( 'NONE',  ( -151.8459869215498088, 135.3665758776500638, 28.38933192132930472 ) ) ;
#1458 = CARTESIAN_POINT ( 'NONE',  ( -212.3281144284620154, 184.5846398644609678, 6.714288678975501412 ) ) ;
#1459 = DIRECTION ( 'NONE',  ( 0.7547966815211335501, 0.6559588169730509177, 0.000000000000000000 ) ) ;
#1460 = CARTESIAN_POINT ( 'NONE',  ( -215.8991139690483863, 184.4162359711266674, 0.1179370426569891217 ) ) ;
#1461 = CARTESIAN_POINT ( 'NONE',  ( 209.5997385133940156, 184.9941533523167436, 9.474688212876804627 ) ) ;
#1462 = CARTESIAN_POINT ( 'NONE',  ( 213.3568944909445975, -188.1788314195255793, 2.801759198178275234 ) ) ;
#1463 = CARTESIAN_POINT ( 'NONE',  ( -6.237103737818389781, -34.59604211562809439, 49.99999999999995026 ) ) ;
#1464 = CARTESIAN_POINT ( 'NONE',  ( 106.9759055994055359, -95.01264132592694978, 37.18974522890971457 ) ) ;
#1465 = CARTESIAN_POINT ( 'NONE',  ( 211.2176349412630145, -181.7392463197850248, 8.111881740397921092 ) ) ;
#1466 = CARTESIAN_POINT ( 'NONE',  ( -35.59487698631108543, 31.40769579057574390, 48.59026580959296382 ) ) ;
#1467 = ORIENTED_EDGE ( 'NONE', *, *, #7173, .F. ) ;
#1468 = CARTESIAN_POINT ( 'NONE',  ( -203.3064284073191459, 182.3980441626245010, 11.18684469759033639 ) ) ;
#1469 = CARTESIAN_POINT ( 'NONE',  ( -213.0171915472320734, 189.0072333707665848, 1.642444255192062830 ) ) ;
#1470 = CARTESIAN_POINT ( 'NONE',  ( 189.7714835100729260, 169.9463431481228213, 17.60557150379479907 ) ) ;
#1471 = DIRECTION ( 'NONE',  ( 0.000000000000000000, 0.000000000000000000, 1.000000000000000000 ) ) ;
#1472 = PLANE ( 'NONE',  #5358 ) ;
#1473 = CIRCLE ( 'NONE', #5877, 10.00000000000000888 ) ;
#1474 = CARTESIAN_POINT ( 'NONE',  ( 215.0165047184797800, -187.0253328625962865, -0.7499908772981371818 ) ) ;
#1475 = CARTESIAN_POINT ( 'NONE',  ( 199.9456647191435934, -173.8740564008373042, 14.72855859023549918 ) ) ;
#1476 = CARTESIAN_POINT ( 'NONE',  ( -225.8999999999999204, 190.5000000000000853, 70.00000000000000000 ) ) ;
#1477 = CARTESIAN_POINT ( 'NONE',  ( -186.6628363309355905, 164.2916542551563452, 19.57330695984419577 ) ) ;
#1478 = MECHANICAL_DESIGN_GEOMETRIC_PRESENTATION_REPRESENTATION (  '', ( #1852 ), #1105 ) ;
#1479 = CARTESIAN_POINT ( 'NONE',  ( -208.6696715848761983, 189.8544488817611295, 3.203226229953263893 ) ) ;
#1480 = CARTESIAN_POINT ( 'NONE',  ( 213.5421348942344935, -187.2585373514098990, 3.903667841757688883 ) ) ;
#1481 = CARTESIAN_POINT ( 'NONE',  ( -208.8460604039523503, 190.3381654394181624, 1.603115278390417453 ) ) ;
#1482 = ADVANCED_FACE ( 'NONE', ( #2932 ), #5347, .F. ) ;
#1483 = CARTESIAN_POINT ( 'NONE',  ( 208.8460604039522934, -190.3381654394180202, 1.603115278390392362 ) ) ;
#1484 = CARTESIAN_POINT ( 'NONE',  ( 208.8999999631555795, 190.5000000000000568, 3.196563439769343828E-05 ) ) ;
#1485 = CARTESIAN_POINT ( 'NONE',  ( 210.7322332127762934, -190.3178074772270918, 0.005086365896479190171 ) ) ;
#1486 = CARTESIAN_POINT ( 'NONE',  ( 179.4589273411251042, -157.2583704137496738, 21.88175505302543300 ) ) ;
#1487 = CARTESIAN_POINT ( 'NONE',  ( -32.78265958749825160, -29.15505984796082473, 48.99405119437487599 ) ) ;
#1488 = AXIS2_PLACEMENT_3D ( 'NONE', #3248, #3285, #2573 ) ;
#1489 = ORIENTED_EDGE ( 'NONE', *, *, #5400, .F. ) ;
#1490 = AXIS2_PLACEMENT_3D ( 'NONE', #6873, #5183, #4602 ) ;
#1491 = CARTESIAN_POINT ( 'NONE',  ( 19.19637214644692236, 38.67353389892623738, 48.50350308198934357 ) ) ;
#1492 = CARTESIAN_POINT ( 'NONE',  ( 43.44062785361308698, -1.318306935346599928, 48.66822667007680536 ) ) ;
#1493 = CARTESIAN_POINT ( 'NONE',  ( -211.5787840265556667, 189.9671567275789812, -0.1014346312128484584 ) ) ;
#1494 = CARTESIAN_POINT ( 'NONE',  ( 211.5776571141027489, -189.9665877495768882, 0.1195666235215103040 ) ) ;
#1495 = CARTESIAN_POINT ( 'NONE',  ( -213.8881729994657235, -183.0934928402898549, 5.357749122034096700 ) ) ;
#1496 = CARTESIAN_POINT ( 'NONE',  ( 225.8999999999999488, -190.5000000000000284, 85.00000000000000000 ) ) ;
#1497 = CARTESIAN_POINT ( 'NONE',  ( 209.7664171179481514, -188.9355230334424220, 4.784222416138775635 ) ) ;
#1498 = CARTESIAN_POINT ( 'NONE',  ( -159.3411269967113526, 142.0621963744644916, 26.66333834757084631 ) ) ;
#1499 = CARTESIAN_POINT ( 'NONE',  ( -208.0084119467087476, 188.6199438060880311, 5.433848225444145363 ) ) ;
#1500 = CARTESIAN_POINT ( 'NONE',  ( -33.51880651466449734, 10.29050769074981275, 58.63434200789152584 ) ) ;
#1501 = CARTESIAN_POINT ( 'NONE',  ( -210.7321574983548089, 190.3177595601400753, 0.03294729398197663445 ) ) ;
#1502 = CARTESIAN_POINT ( 'NONE',  ( 215.0757586963929100, -186.1062669767504190, 2.068615547265161947 ) ) ;
#1503 = CARTESIAN_POINT ( 'NONE',  ( -116.9458333333333542, -190.5000000000001137, 0.000000000000000000 ) ) ;
#1504 = CARTESIAN_POINT ( 'NONE',  ( 210.4760449289315432, -184.8437147599666162, 7.933437972536140137 ) ) ;
#1505 = CARTESIAN_POINT ( 'NONE',  ( -77.18077757752114110, 67.93717438435513145, 42.19279096988199029 ) ) ;
#1506 = ORIENTED_EDGE ( 'NONE', *, *, #4958, .F. ) ;
#1507 = CARTESIAN_POINT ( 'NONE',  ( -206.1503989897209408, 179.3800706758933359, 11.54939208710094256 ) ) ;
#1508 = CARTESIAN_POINT ( 'NONE',  ( -215.7199382179299789, 183.4964749235527961, 1.617378184165430444 ) ) ;
#1509 = CARTESIAN_POINT ( 'NONE',  ( 202.8329778153025131, 182.5147201605907128, 11.10321118421208730 ) ) ;
#1510 = CARTESIAN_POINT ( 'NONE',  ( -22.52539453037561756, 26.89842900923384761, 58.71624231536583238 ) ) ;
#1511 = ORIENTED_EDGE ( 'NONE', *, *, #1108, .T. ) ;
#1512 = CARTESIAN_POINT ( 'NONE',  ( 25.98792483414300136, -23.44414133242960574, 58.92519609199868569 ) ) ;
#1513 = CARTESIAN_POINT ( 'NONE',  ( -215.0202235272877260, 186.5383580878129237, 1.572932762327801548 ) ) ;
#1514 = CARTESIAN_POINT ( 'NONE',  ( 202.2755299680501651, -180.7649806530465355, 12.21614118678307115 ) ) ;
#1515 = CARTESIAN_POINT ( 'NONE',  ( -217.6835644267591761, -184.0794733970932668, 0.000000000000000000 ) ) ;
#1516 = CARTESIAN_POINT ( 'NONE',  ( -188.9525171730992099, 165.4818164648728498, 18.91496091139577729 ) ) ;
#1517 = CARTESIAN_POINT ( 'NONE',  ( -214.6738750741838544, 185.0151813534064900, 3.916732707859559071 ) ) ;
#1518 = CARTESIAN_POINT ( 'NONE',  ( 213.8693672609719272, -187.4881257853357681, 3.137705932614816895 ) ) ;
#1519 = CARTESIAN_POINT ( 'NONE',  ( 217.6836110407052445, 183.4969353413797251, 0.000000000000000000 ) ) ;
#1520 = FACE_OUTER_BOUND ( 'NONE', #2207, .T. ) ;
#1521 = CARTESIAN_POINT ( 'NONE',  ( -139.2316236786926424, -190.3012673712181027, 1.486701368532390433 ) ) ;
#1522 = CARTESIAN_POINT ( 'NONE',  ( 215.8999999999999488, -184.4162978572970246, -0.04063248314206800715 ) ) ;
#1523 = CARTESIAN_POINT ( 'NONE',  ( 178.3818336664253934, -158.4538217677611271, 21.80015105914462836 ) ) ;
#1524 = CARTESIAN_POINT ( 'NONE',  ( -70.73402402724785532, -63.33055599646294809, 43.07384682500293849 ) ) ;
#1525 = CARTESIAN_POINT ( 'NONE',  ( 3.031898642767751006, 42.64812877544046188, 48.19924594933334561 ) ) ;
#1526 = ORIENTED_EDGE ( 'NONE', *, *, #276, .T. ) ;
#1527 = CARTESIAN_POINT ( 'NONE',  ( 14.77221628241281515, 31.73567491109159633, 58.30250718608188976 ) ) ;
#1528 = CARTESIAN_POINT ( 'NONE',  ( 34.95102892150127616, -2.131553394168363980, 50.00090789657308932 ) ) ;
#1529 = CARTESIAN_POINT ( 'NONE',  ( -212.4253328625963491, 189.6165047184798027, -0.06089986583242601448 ) ) ;
#1530 = CARTESIAN_POINT ( 'NONE',  ( 208.8997403080930724, -190.4993819940128787, 0.1014868090461681360 ) ) ;
#1531 = CARTESIAN_POINT ( 'NONE',  ( -215.4380697541733412, -183.4792242510157507, 2.585895361461552078 ) ) ;
#1532 = LINE ( 'NONE', #2744, #2236 ) ;
#1533 = CARTESIAN_POINT ( 'NONE',  ( 213.9232563218687346, -184.6742027614519657, 5.118055636742743886 ) ) ;
#1534 = CARTESIAN_POINT ( 'NONE',  ( -210.1015570708334508, 187.1652653458659188, 6.622134068599574874 ) ) ;
#1535 = CARTESIAN_POINT ( 'NONE',  ( -24.57875245601654868, -35.83189159504612320, 48.68013484181442152 ) ) ;
#1536 = CARTESIAN_POINT ( 'NONE',  ( -34.03149187687927224, -8.243552513081368716, 58.60434059944903140 ) ) ;
#1537 = CARTESIAN_POINT ( 'NONE',  ( -209.8162723498617481, 190.4999776631658506, 0.01959680656298862234 ) ) ;
#1538 = ADVANCED_FACE ( 'NONE', ( #6481 ), #1085, .F. ) ;
#1539 = CARTESIAN_POINT ( 'NONE',  ( 215.5599900766345911, -183.4888752621698700, 2.222607057769341754 ) ) ;
#1540 = CARTESIAN_POINT ( 'NONE',  ( 215.6849264295474597, 184.3960525771591676, 1.573497395818972189 ) ) ;
#1541 = CARTESIAN_POINT ( 'NONE',  ( 208.2044225819315386, -186.0308085337020998, 8.094679089605293143 ) ) ;
#1542 = CARTESIAN_POINT ( 'NONE',  ( -84.47113419408886159, 74.88508209520232128, 40.97614200332073153 ) ) ;
#1543 = ORIENTED_EDGE ( 'NONE', *, *, #276, .F. ) ;
#1544 = CARTESIAN_POINT ( 'NONE',  ( -205.7389349591957739, 182.8326297858659188, 10.62856393782477049 ) ) ;
#1545 = CARTESIAN_POINT ( 'NONE',  ( -208.8939593233641574, 190.4849287879014526, 0.4903396958106064907 ) ) ;
#1546 = CARTESIAN_POINT ( 'NONE',  ( -215.8999999999999204, 150.0000000000000000, 57.50000000000000711 ) ) ;
#1547 = CARTESIAN_POINT ( 'NONE',  ( -215.7298445211688147, 172.8929018557101358, 1.576239701244709135 ) ) ;
#1548 = ORIENTED_EDGE ( 'NONE', *, *, #84, .T. ) ;
#1549 = CARTESIAN_POINT ( 'NONE',  ( -139.2296910392824429, -192.2351553089009428, -6.505213034913027393E-15 ) ) ;
#1550 = CARTESIAN_POINT ( 'NONE',  ( 210.8999999999999488, 150.0000000000000000, 50.00000000000000000 ) ) ;
#1551 = CARTESIAN_POINT ( 'NONE',  ( 200.8995424376698224, -176.7064207440559755, 14.00546310802045014 ) ) ;
#1552 = CARTESIAN_POINT ( 'NONE',  ( -217.1205744978230996, -186.6059872438003993, 0.000000000000000000 ) ) ;
#1553 = CARTESIAN_POINT ( 'NONE',  ( -197.9465261223328696, 176.1445015646834804, 14.71320392079094574 ) ) ;
#1554 = CARTESIAN_POINT ( 'NONE',  ( -213.6670024859287480, 186.3298191864633111, 4.580209782759837367 ) ) ;
#1555 = CARTESIAN_POINT ( 'NONE',  ( 215.2204482754918899, -183.4539745429373454, 3.134216121506712138 ) ) ;
#1556 = CARTESIAN_POINT ( 'NONE',  ( 217.6836110407054434, -183.4969353407483936, 0.000000000000000000 ) ) ;
#1557 = DIRECTION ( 'NONE',  ( 1.000000000000000000, 0.000000000000000000, -0.000000000000000000 ) ) ;
#1558 = VERTEX_POINT ( 'NONE', #7308 ) ;
#1559 = CARTESIAN_POINT ( 'NONE',  ( 208.8999999999992667, 190.5000000000000284, -0.1416513496264086847 ) ) ;
#1560 = CARTESIAN_POINT ( 'NONE',  ( 213.8497474683058215, -188.4497474683058158, -0.02036510045189748180 ) ) ;
#1561 = CARTESIAN_POINT ( 'NONE',  ( 181.7381414343940662, -162.2026340272312268, 20.55957307982807336 ) ) ;
#1562 = CARTESIAN_POINT ( 'NONE',  ( -152.6287015743291136, 132.9953100971833067, 28.62731391263817571 ) ) ;
#1563 = CARTESIAN_POINT ( 'NONE',  ( 23.27054206958250759, 36.61716699643882578, 48.63433255018091472 ) ) ;
#1564 = CARTESIAN_POINT ( 'NONE',  ( -24.33786198975475656, -25.27324261085986379, 58.82604162589539953 ) ) ;
#1565 = CARTESIAN_POINT ( 'NONE',  ( 4.864871220149863618, 34.66571876936590257, 57.97197168514696841 ) ) ;
#1566 = CARTESIAN_POINT ( 'NONE',  ( 35.00023733655189062, 2.089134929867301871, 58.54589781360768086 ) ) ;
#1567 = CARTESIAN_POINT ( 'NONE',  ( -214.4976678967873056, 187.8018270398243885, -0.4257127542561995881 ) ) ;
#1568 = AXIS2_PLACEMENT_3D ( 'NONE', #759, #2498, #5571 ) ;
#1569 = CARTESIAN_POINT ( 'NONE',  ( 213.8494491995730868, -188.4496515391042237, 0.06543181424092844867 ) ) ;
#1570 = CARTESIAN_POINT ( 'NONE',  ( -208.2852325990952238, -189.0799572812138933, 4.730603894383722086 ) ) ;
#1571 = CARTESIAN_POINT ( 'NONE',  ( 69.61485443922838101, 192.1711732995908335, 1.301042606982605321E-15 ) ) ;
#1572 = CARTESIAN_POINT ( 'NONE',  ( 214.3973905550474228, -184.8966365020304465, 4.404537926259562752 ) ) ;
#1573 = CARTESIAN_POINT ( 'NONE',  ( -212.1377720536023048, 185.2827395451184032, 6.636470571249663664 ) ) ;
#1574 = CARTESIAN_POINT ( 'NONE',  ( -23.28021826331586652, -36.61149264639097822, 48.63466746654835049 ) ) ;
#1575 = CARTESIAN_POINT ( 'NONE',  ( -32.40434143167180281, 13.23758306047703392, 58.69218247318283943 ) ) ;
#1576 = CARTESIAN_POINT ( 'NONE',  ( -213.8494491995731721, 188.4496515391042522, 0.06543181423952867948 ) ) ;
#1577 = CARTESIAN_POINT ( 'NONE',  ( 209.7635453488291830, -190.4394023073948006, 1.009236362141979093 ) ) ;
#1578 = CARTESIAN_POINT ( 'NONE',  ( 0.0001534302666843928575, -35.26982332185711755, 50.00000000000002842 ) ) ;
#1579 = EDGE_CURVE ( 'NONE', #3261, #6559, #1869, .T. ) ;
#1580 = CARTESIAN_POINT ( 'NONE',  ( 210.7734085640716160, -185.9413322658029131, 7.146040894646031205 ) ) ;
#1581 = CARTESIAN_POINT ( 'NONE',  ( -54.22819152293865130, 48.31283356739319146, 45.70055778669185287 ) ) ;
#1582 = ADVANCED_FACE ( 'NONE', ( #4243 ), #3645, .F. ) ;
#1583 = ORIENTED_EDGE ( 'NONE', *, *, #3698, .F. ) ;
#1584 = CARTESIAN_POINT ( 'NONE',  ( -204.3165036236027845, 181.4940273962339177, 11.56160034964652183 ) ) ;
#1585 = CARTESIAN_POINT ( 'NONE',  ( -215.7577550864430691, 184.4043605688502510, 1.447935021674299438 ) ) ;
#1586 = DIRECTION ( 'NONE',  ( 0.000000000000000000, 0.000000000000000000, 1.000000000000000000 ) ) ;
#1587 = CARTESIAN_POINT ( 'NONE',  ( 213.2657159273188654, 191.1299765872039700, 0.000000000000000000 ) ) ;
#1588 = CARTESIAN_POINT ( 'NONE',  ( 43.14007436958424790, -38.06554268321393408, 47.44564858699455812 ) ) ;
#1589 = EDGE_LOOP ( 'NONE', ( #7554, #6163, #226, #6508 ) ) ;
#1590 = DIRECTION ( 'NONE',  ( 1.000000000000000000, 0.000000000000000000, -0.000000000000000000 ) ) ;
#1591 = CARTESIAN_POINT ( 'NONE',  ( -214.3118242446317652, 187.6901027234140997, 1.573753941585570804 ) ) ;
#1592 = CARTESIAN_POINT ( 'NONE',  ( 198.0510438222798371, -177.7608652353482626, 13.94442561981782447 ) ) ;
#1593 = CARTESIAN_POINT ( 'NONE',  ( -217.2193778138374398, -186.3307595782798387, 0.000000000000000000 ) ) ;
#1594 = CARTESIAN_POINT ( 'NONE',  ( -198.7435816705804541, 173.3655813199822262, 15.22888878057219131 ) ) ;
#1595 = CARTESIAN_POINT ( 'NONE',  ( -214.3112563478096320, 185.7616183830514274, 3.991190341575269418 ) ) ;
#1596 = CARTESIAN_POINT ( 'NONE',  ( 26.22446048638083482, -23.17936438372517571, 50.00257421658706392 ) ) ;
#1597 = DIRECTION ( 'NONE',  ( -1.000000000000000000, -0.000000000000000000, -0.000000000000000000 ) ) ;
#1598 = CARTESIAN_POINT ( 'NONE',  ( 209.4269959753927992, -192.2988464072276429, 0.000000000000000000 ) ) ;
#1599 = ORIENTED_EDGE ( 'NONE', *, *, #6444, .T. ) ;
#1600 = DIRECTION ( 'NONE',  ( 0.000000000000000000, -0.000000000000000000, -1.000000000000000000 ) ) ;
#1601 = CARTESIAN_POINT ( 'NONE',  ( 209.8162978572969450, -190.4999999999999716, -0.04063248314206800715 ) ) ;
#1602 = CARTESIAN_POINT ( 'NONE',  ( 178.7463266489555167, -158.0641578091505721, 21.87269434943442548 ) ) ;
#1603 = CARTESIAN_POINT ( 'NONE',  ( -207.0143675484542882, 178.8967516609129973, 11.10144343891629148 ) ) ;
#1604 = UNCERTAINTY_MEASURE_WITH_UNIT (LENGTH_MEASURE( 1.000000000000000082E-05 ), #819, 'distance_accuracy_value', 'NONE');
#1605 = CIRCLE ( 'NONE', #2850, 7.500000000000007105 ) ;
#1606 = ORIENTED_EDGE ( 'NONE', *, *, #2831, .T. ) ;
#1607 = CARTESIAN_POINT ( 'NONE',  ( -121.0721624688891751, 106.8283786490198395, 35.74265220146897803 ) ) ;
#1608 = CARTESIAN_POINT ( 'NONE',  ( 32.35547150384443427, -13.35729992627738838, 50.00857109788801580 ) ) ;
#1609 = CARTESIAN_POINT ( 'NONE',  ( -215.3671567275791006, 186.1787840265556326, -0.1825041619736932907 ) ) ;
#1610 = CARTESIAN_POINT ( 'NONE',  ( 208.2852325991002260, 189.0799572812200324, 4.730603894373864193 ) ) ;
#1611 = STYLED_ITEM ( 'NONE', ( #193 ), #3056 ) ;
#1612 = CARTESIAN_POINT ( 'NONE',  ( 214.4973392536115284, -187.8017366543962510, 0.06959026444145698098 ) ) ;
#1613 = CARTESIAN_POINT ( 'NONE',  ( 84.73459217514114528, -74.58893293072391373, 40.99480690071654010 ) ) ;
#1614 = CARTESIAN_POINT ( 'NONE',  ( -208.8999995722544156, -190.4999988172570511, 0.004486483984590055631 ) ) ;
#1615 = CARTESIAN_POINT ( 'NONE',  ( -139.2296912041246344, 192.2351554130673605, 5.204170427930421283E-15 ) ) ;
#1616 = CARTESIAN_POINT ( 'NONE',  ( 214.5342904540964355, -184.0926882029838794, 4.430981907671449171 ) ) ;
#1617 = VECTOR ( 'NONE', #1371, 1000.000000000000000 ) ;
#1618 = CARTESIAN_POINT ( 'NONE',  ( -213.1514883485381517, 183.4931599948764358, 6.249229045333700050 ) ) ;
#1619 = CARTESIAN_POINT ( 'NONE',  ( -43.15702418490185721, 5.256586630219046263, 48.68059213810689556 ) ) ;
#1620 = CARTESIAN_POINT ( 'NONE',  ( -209.8162942969097173, 190.4999968691485606, 0.007534686393036988880 ) ) ;
#1621 = CARTESIAN_POINT ( 'NONE',  ( 213.6971101106489073, -188.3907949213748338, 1.480765205752432090 ) ) ;
#1622 = CARTESIAN_POINT ( 'NONE',  ( 215.8999999999999488, -190.4999999999999716, 0.000000000000000000 ) ) ;
#1623 = AXIS2_PLACEMENT_3D ( 'NONE', #1731, #4142, #6530 ) ;
#1624 = CARTESIAN_POINT ( 'NONE',  ( 212.1583878868085264, -184.4739999319871231, 6.895757844261788172 ) ) ;
#1625 = CARTESIAN_POINT ( 'NONE',  ( -69.40250830353292599, 61.53849973722330446, 43.37708493457245140 ) ) ;
#1626 = ORIENTED_EDGE ( 'NONE', *, *, #6340, .T. ) ;
#1627 = CARTESIAN_POINT ( 'NONE',  ( -206.9268996709668897, 182.5507243201158190, 10.40331386479740416 ) ) ;
#1628 = CARTESIAN_POINT ( 'NONE',  ( -215.8669318322698985, 183.4996427880928422, 0.6948118022755681578 ) ) ;
#1629 = CARTESIAN_POINT ( 'NONE',  ( 26.27410675402621365, 23.12265572137083325, 50.00225945957767237 ) ) ;
#1630 = CARTESIAN_POINT ( 'NONE',  ( 212.0445900056825792, 189.9481862962624632, -1.062518129035794345E-14 ) ) ;
#1631 = CARTESIAN_POINT ( 'NONE',  ( 31.91863753465080222, -27.96788146149930654, 49.15921373212636070 ) ) ;
#1632 = DIRECTION ( 'NONE',  ( 1.000000000000000000, -0.000000000000000000, -0.000000000000000000 ) ) ;
#1633 = CARTESIAN_POINT ( 'NONE',  ( 204.1035171507942607, -182.5633545839438057, 11.03326533847893742 ) ) ;
#1634 = CARTESIAN_POINT ( 'NONE',  ( -215.6136710905284133, -186.0366776484657976, 7.205802070133074696E-12 ) ) ;
#1635 = CARTESIAN_POINT ( 'NONE',  ( -197.4134223164275568, 176.6566180236019363, 14.52721563478856659 ) ) ;
#1636 = CARTESIAN_POINT ( 'NONE',  ( 197.9083333333331893, 190.5000000000000284, 0.000000000000000000 ) ) ;
#1637 = CARTESIAN_POINT ( 'NONE',  ( -210.1781191037041197, 189.5606525901018244, 3.582281858527179619 ) ) ;
#1638 = CARTESIAN_POINT ( 'NONE',  ( -14.96320340440178143, 40.41804060869579018, 48.38186921937688112 ) ) ;
#1639 = FACE_OUTER_BOUND ( 'NONE', #7614, .T. ) ;
#1640 = CARTESIAN_POINT ( 'NONE',  ( 215.5516918183776625, -185.0632351525771071, 1.573070025074326583 ) ) ;
#1641 = ORIENTED_EDGE ( 'NONE', *, *, #2975, .T. ) ;
#1642 = CARTESIAN_POINT ( 'NONE',  ( 208.8999999999998920, 190.5000000000000568, -0.02511408429908106726 ) ) ;
#1643 = CARTESIAN_POINT ( 'NONE',  ( 209.8162978572970019, -190.4999999999999716, -0.1419693965929391122 ) ) ;
#1644 = EDGE_CURVE ( 'NONE', #7215, #6611, #1605, .T. ) ;
#1645 = CARTESIAN_POINT ( 'NONE',  ( 188.9311578662621116, -169.1730810013102371, 17.90730206705844552 ) ) ;
#1646 = CARTESIAN_POINT ( 'NONE',  ( -215.8999999999999204, -190.5000000000000284, 0.000000000000000000 ) ) ;
#1647 = CARTESIAN_POINT ( 'NONE',  ( -164.3153013042364421, 144.0552075407002235, 25.90610467229370784 ) ) ;
#1648 = EDGE_LOOP ( 'NONE', ( #3313, #5325, #2444, #3067 ) ) ;
#1649 = CARTESIAN_POINT ( 'NONE',  ( -111.2458755023839529, 107.7695594332813016, 35.21051317466921660 ) ) ;
#1650 = DIRECTION ( 'NONE',  ( -0.000000000000000000, -0.000000000000000000, -1.000000000000000000 ) ) ;
#1651 = CARTESIAN_POINT ( 'NONE',  ( -211.5787840265557236, 189.9671567275790096, -0.2635736927345287417 ) ) ;
#1652 = CARTESIAN_POINT ( 'NONE',  ( 208.7268632955028522, 189.9977747232129559, 2.820898270262207408 ) ) ;
#1653 = CARTESIAN_POINT ( 'NONE',  ( 210.7317016953120685, -190.3174745058336725, 0.08484678929444892936 ) ) ;
#1654 = CARTESIAN_POINT ( 'NONE',  ( 92.28767220158943019, -81.24186797805370475, 39.77024084880629573 ) ) ;
#1655 = CARTESIAN_POINT ( 'NONE',  ( -215.8993675376372039, -190.4997148335086479, 0.1007999434307809417 ) ) ;
#1656 = CARTESIAN_POINT ( 'NONE',  ( 34.80829728611998775, 190.2600137290848465, 1.331077926759582253 ) ) ;
#1657 = CARTESIAN_POINT ( 'NONE',  ( 210.9134846609116209, -189.2359816195808264, 3.673080343890798183 ) ) ;
#1658 = ORIENTED_EDGE ( 'NONE', *, *, #1197, .F. ) ;
#1659 = CARTESIAN_POINT ( 'NONE',  ( -208.6852466473811205, 188.5502586362165687, 5.552423208752246708 ) ) ;
#1660 = CARTESIAN_POINT ( 'NONE',  ( -18.55349779675123045, -29.70308394467938840, 58.49292946354079703 ) ) ;
#1661 = CARTESIAN_POINT ( 'NONE',  ( -42.27466693339255954, -10.34776756746958348, 48.71760168644632216 ) ) ;
#1662 = CARTESIAN_POINT ( 'NONE',  ( -215.8998867509128843, 183.4999987367767744, 0.04073137137418357534 ) ) ;
#1663 = CARTESIAN_POINT ( 'NONE',  ( 214.8112169216466611, -186.9671616398890706, 1.730582396328777195 ) ) ;
#1664 = CARTESIAN_POINT ( 'NONE',  ( -92.20423261141044691, -81.35824838614935572, 39.81407096965305925 ) ) ;
#1665 = CARTESIAN_POINT ( 'NONE',  ( 207.9129581767116690, -188.4733832776675797, 5.635910485273742054 ) ) ;
#1666 = CARTESIAN_POINT ( 'NONE',  ( -69.62696297990110850, 61.28541583798629233, 43.39077503904744759 ) ) ;
#1667 = ORIENTED_EDGE ( 'NONE', *, *, #142, .T. ) ;
#1668 = CARTESIAN_POINT ( 'NONE',  ( -209.2820101144264981, 181.7493074963536515, 9.537963057341674045 ) ) ;
#1669 = CARTESIAN_POINT ( 'NONE',  ( -214.4419749260165702, 187.7863697044989522, 0.9111730216231569424 ) ) ;
#1670 = CARTESIAN_POINT ( 'NONE',  ( 39.36954867083737497, 34.73861919807981735, 48.02521195534311715 ) ) ;
#1671 = CARTESIAN_POINT ( 'NONE',  ( -43.44111640711692246, -2.614703683741296025, 48.66820518867481127 ) ) ;
#1672 = CARTESIAN_POINT ( 'NONE',  ( 42.89741888356381594, -38.34009854555890939, 47.42964876826310672 ) ) ;
#1673 = CARTESIAN_POINT ( 'NONE',  ( -139.2307349148977949, -190.3012669018447696, 1.486699765075627289 ) ) ;
#1674 = CARTESIAN_POINT ( 'NONE',  ( 205.4486312422329490, -181.2485561736897921, 11.36227309157964349 ) ) ;
#1675 = CARTESIAN_POINT ( 'NONE',  ( -215.5540227905036943, -185.0529031665796822, 1.573075618208755522 ) ) ;
#1676 = ORIENTED_EDGE ( 'NONE', *, *, #6921, .T. ) ;
#1677 = CARTESIAN_POINT ( 'NONE',  ( -196.3426572070444536, 174.1873724225096396, 15.63079801090569809 ) ) ;
#1678 = CARTESIAN_POINT ( 'NONE',  ( -215.8999999999999773, -190.4999999999818669, -0.7496718643765063472 ) ) ;
#1679 = CARTESIAN_POINT ( 'NONE',  ( -210.5014872020654764, 190.0640669639915359, 2.148079456575183066 ) ) ;
#1680 = CARTESIAN_POINT ( 'NONE',  ( -26.13271786849645295, -23.28363767334511891, 58.93389689723993285 ) ) ;
#1681 = CARTESIAN_POINT ( 'NONE',  ( 43.21840505315951475, 5.207879922617840940, 48.67821333837503772 ) ) ;
#1682 = DIRECTION ( 'NONE',  ( 0.000000000000000000, 0.000000000000000000, -1.000000000000000000 ) ) ;
#1683 = VERTEX_POINT ( 'NONE', #2420 ) ;
#1684 = CARTESIAN_POINT ( 'NONE',  ( -213.6188393880748322, 188.9213999029324498, -4.554454102898479428E-12 ) ) ;
#1685 = CARTESIAN_POINT ( 'NONE',  ( 215.7178087366781654, -185.3322351905149787, -0.1014346312125887634 ) ) ;
#1686 = CARTESIAN_POINT ( 'NONE',  ( 188.9525171730991246, -165.4818164648727929, 18.91496091139577729 ) ) ;
#1687 = ADVANCED_FACE ( 'NONE', ( #6162 ), #3805, .T. ) ;
#1688 = CARTESIAN_POINT ( 'NONE',  ( -225.8999999999999204, -190.5000000000000284, 70.00000000000000000 ) ) ;
#1689 = CARTESIAN_POINT ( 'NONE',  ( -156.1764537042155609, 138.0843558603577605, 27.64785709860944962 ) ) ;
#1690 = EDGE_CURVE ( 'NONE', #5666, #3873, #3863, .T. ) ;
#1691 = CARTESIAN_POINT ( 'NONE',  ( -6.817895928198842270, 34.33550703666669790, 50.00861785582468855 ) ) ;
#1692 = CARTESIAN_POINT ( 'NONE',  ( -216.3483772307106676, 188.1638144697360246, -0.000000000000000000 ) ) ;
#1693 = CARTESIAN_POINT ( 'NONE',  ( -210.7322351905150128, 190.3178087366781881, -0.7499908772995507178 ) ) ;
#1694 = CARTESIAN_POINT ( 'NONE',  ( 208.7494408887212956, 184.2325471377797612, 10.05601635671721894 ) ) ;
#1695 = CARTESIAN_POINT ( 'NONE',  ( 214.4962865222957475, -187.8014502534992971, 0.1424895631319503531 ) ) ;
#1696 = CARTESIAN_POINT ( 'NONE',  ( 148.6450435126545813, -131.4240208753947172, 29.32106450941358844 ) ) ;
#1697 = CARTESIAN_POINT ( 'NONE',  ( -215.8998214485493179, -190.4999192166345097, 0.05345644537968605170 ) ) ;
#1698 = CARTESIAN_POINT ( 'NONE',  ( -208.8445242821259740, 192.2983899566821151, -2.602085213965210642E-15 ) ) ;
#1699 = CARTESIAN_POINT ( 'NONE',  ( 208.7078974278554995, -189.9502518283368602, 2.947638431488901478 ) ) ;
#1700 = EDGE_LOOP ( 'NONE', ( #6237, #4270 ) ) ;
#1701 =( BOUNDED_SURFACE ( )  B_SPLINE_SURFACE ( 3, 2, ( 
 ( #5384, #4093, #7158 ),
 ( #2459, #5420, #3494 ),
 ( #1202, #1762, #2383 ),
 ( #5459, #494, #4135 ),
 ( #4803, #608, #7194 ),
 ( #6048, #3012, #24 ),
 ( #2422, #1795, #4212 ),
 ( #5348, #534, #4244 ),
 ( #3609, #4838, #1725 ),
 ( #1830, #6634, #3052 ),
 ( #5974, #1684, #4177 ),
 ( #6483, #1087, #5897 ),
 ( #2898, #5312, #1130 ),
 ( #7709, #4728, #6523 ),
 ( #3535, #7744, #2343 ),
 ( #6564, #4403, #101 ),
 ( #6825, #3133, #2647 ),
 ( #7347, #7425, #4287 ),
 ( #1432, #6084, #3168 ),
 ( #682, #6199, #3837 ),
 ( #6746, #3093, #5028 ),
 ( #5536, #3759, #4440 ),
 ( #6708, #3204, #6672 ),
 ( #6789, #6238, #1395 ) ),
 .UNSPECIFIED., .F., .F., .T. ) 
 B_SPLINE_SURFACE_WITH_KNOTS ( ( 4, 2, 2, 2, 2, 2, 2, 2, 2, 2, 2, 4 ),
 ( 3, 3 ),
 ( 2.732189474663471174E-17, 0.001722944703901738454, 0.002584417055852594129, 0.003445889407803449586, 0.005168834111705160501, 0.006891778815606871417, 0.008614723519508583199, 0.009476195871459439091, 0.01033766822341029325, 0.01119914057536114740, 0.01206061292731200330, 0.01378355763121371508 ),
 ( 0.000000000000000000, 1.000000000000000000 ),
 .UNSPECIFIED. ) 
 GEOMETRIC_REPRESENTATION_ITEM ( )  RATIONAL_B_SPLINE_SURFACE ( (
 ( 1.000000000000000000, 0.7740937801083279668, 1.000000000000000000),
 ( 1.000000000000000000, 0.7750129416132262028, 1.000000000000000000),
 ( 1.000000000000000000, 0.7756677520741372955, 1.000000000000000000),
 ( 1.000000000000000000, 0.7764566544196371822, 1.000000000000000000),
 ( 1.000000000000000000, 0.7766861300716775274, 1.000000000000000000),
 ( 1.000000000000000000, 0.7770961378824491339, 1.000000000000000000),
 ( 1.000000000000000000, 0.7772769078646030172, 1.000000000000000000),
 ( 1.000000000000000000, 0.7777540902229861386, 1.000000000000000000),
 ( 1.000000000000000000, 0.7779915801235492978, 1.000000000000000000),
 ( 1.000000000000000000, 0.7783755195456756315, 1.000000000000000000),
 ( 1.000000000000000000, 0.7785210950788655770, 1.000000000000000000),
 ( 1.000000000000000000, 0.7787429019960635523, 1.000000000000000000),
 ( 1.000000000000000000, 0.7788210649317394152, 1.000000000000000000),
 ( 1.000000000000000000, 0.7789022918227243020, 1.000000000000000000),
 ( 1.000000000000000000, 0.7789231206003129904, 1.000000000000000000),
 ( 1.000000000000000000, 0.7789524780634212719, 1.000000000000000000),
 ( 1.000000000000000000, 0.7789611813722813194, 1.000000000000000000),
 ( 1.000000000000000000, 0.7789669869699881177, 1.000000000000000000),
 ( 1.000000000000000000, 0.7789640943610401935, 1.000000000000000000),
 ( 1.000000000000000000, 0.7789458195536175245, 1.000000000000000000),
 ( 1.000000000000000000, 0.7789303526325014326, 1.000000000000000000),
 ( 1.000000000000000000, 0.7788622844194290629, 1.000000000000000000),
 ( 1.000000000000000000, 0.7787893994440397982, 1.000000000000000000),
 ( 1.000000000000000000, 0.7786718508976258057, 1.000000000000000000) ) ) 
 REPRESENTATION_ITEM ( '' )  SURFACE ( )  );
#1702 = CARTESIAN_POINT ( 'NONE',  ( -209.0057308034007519, 189.0458837209523324, 4.810662535539278473 ) ) ;
#1703 = CIRCLE ( 'NONE', #3959, 35.00000000000000711 ) ;
#1704 = PLANE ( 'NONE',  #93 ) ;
#1705 = CARTESIAN_POINT ( 'NONE',  ( -215.8999268030530345, 183.4999991799935515, 0.03352953150764297757 ) ) ;
#1706 = CARTESIAN_POINT ( 'NONE',  ( 210.6535288526361853, -190.2547531593701535, 1.100601412257772305 ) ) ;
#1707 = CARTESIAN_POINT ( 'NONE',  ( -46.91540935303909521, -41.39715246003075322, 46.88468879229383646 ) ) ;
#1708 = CARTESIAN_POINT ( 'NONE',  ( 209.8249371845209055, -186.8707958093457933, 6.979696717856125332 ) ) ;
#1709 = CARTESIAN_POINT ( 'NONE',  ( -122.2660303733460978, 108.1079868503839094, 34.51981661082149344 ) ) ;
#1710 = ORIENTED_EDGE ( 'NONE', *, *, #423, .F. ) ;
#1711 = CARTESIAN_POINT ( 'NONE',  ( -19.17973926689283459, -38.68099459256583117, 48.50300078288784533 ) ) ;
#1712 = CARTESIAN_POINT ( 'NONE',  ( -208.6480490786896098, 182.6173732359024484, 9.692392338452025413 ) ) ;
#1713 = CARTESIAN_POINT ( 'NONE',  ( -213.1826765607976313, 189.0905851615975735, 0.5133125875366735258 ) ) ;
#1714 = CARTESIAN_POINT ( 'NONE',  ( 26.22446047099251132, 23.17936440132705300, 50.00257421589415685 ) ) ;
#1715 = CARTESIAN_POINT ( 'NONE',  ( -42.32298962462308367, 10.38389840873399628, 48.71577333434278501 ) ) ;
#1716 = CARTESIAN_POINT ( 'NONE',  ( 39.56873644679588864, -34.50582976636386690, 48.01698723063216789 ) ) ;
#1717 = CARTESIAN_POINT ( 'NONE',  ( 26.41788384992430849, -22.95855859787171127, 58.93158553443242198 ) ) ;
#1718 = CARTESIAN_POINT ( 'NONE',  ( 204.3165036236028413, -181.4940273962339461, 11.56160034964650229 ) ) ;
#1719 = CARTESIAN_POINT ( 'NONE',  ( -215.8999999999999773, -183.4999999999909619, -0.7496718643765239998 ) ) ;
#1720 = CARTESIAN_POINT ( 'NONE',  ( -214.1036764469870377, 186.6031798642815716, 3.753053948749382585 ) ) ;
#1721 = CARTESIAN_POINT ( 'NONE',  ( 33.01262735031740192, -28.90003036334087483, 48.99633025722246771 ) ) ;
#1722 = DIRECTION ( 'NONE',  ( 0.000000000000000000, 0.000000000000000000, -1.000000000000000000 ) ) ;
#1723 = CARTESIAN_POINT ( 'NONE',  ( 214.2255203343449637, -190.5102215750232517, 0.000000000000000000 ) ) ;
#1724 = VERTEX_POINT ( 'NONE', #643 ) ;
#1725 = CARTESIAN_POINT ( 'NONE',  ( -213.2650761405040498, 191.1465853417655296, 0.000000000000000000 ) ) ;
#1726 = CARTESIAN_POINT ( 'NONE',  ( 215.7178087366781654, -185.3322351905149503, -0.1419693965929391122 ) ) ;
#1727 = CARTESIAN_POINT ( 'NONE',  ( 187.0927001637551257, -167.4722509615631338, 18.60008916924596534 ) ) ;
#1728 = DIRECTION ( 'NONE',  ( -1.000000000000000000, 0.000000000000000000, 0.000000000000000000 ) ) ;
#1729 = CARTESIAN_POINT ( 'NONE',  ( -164.4658662025612443, 143.8813970660084181, 25.89521616175517238 ) ) ;
#1730 = EDGE_CURVE ( 'NONE', #7181, #3918, #6047, .T. ) ;
#1731 = CARTESIAN_POINT ( 'NONE',  ( -217.6836110407053582, -183.4969353413795261, 2.000000000000000444 ) ) ;
#1732 = CARTESIAN_POINT ( 'NONE',  ( 36.86483167533518213, 23.58607625837825594, 48.90086684367346948 ) ) ;
#1733 = CARTESIAN_POINT ( 'NONE',  ( -210.7322351905150128, 190.3178087366781881, -0.4257127542561995881 ) ) ;
#1734 = CARTESIAN_POINT ( 'NONE',  ( 215.8766297845586450, 183.4997590673347077, 0.5941306182718275597 ) ) ;
#1735 = CARTESIAN_POINT ( 'NONE',  ( 215.7163203395810456, -185.3320491988293384, 0.1507703668847472644 ) ) ;
#1736 = CARTESIAN_POINT ( 'NONE',  ( 122.3806575537630721, -107.9794928898672737, 34.52766736272809567 ) ) ;
#1737 = CARTESIAN_POINT ( 'NONE',  ( -208.8999983254163624, -190.4999959592368270, 0.008138028338092628822 ) ) ;
#1738 = CARTESIAN_POINT ( 'NONE',  ( -215.9000000000000625, 63.50000000000005684, 21.48530440293794186 ) ) ;
#1739 = AXIS2_PLACEMENT_3D ( 'NONE', #675, #3714, #4278 ) ;
#1740 = ORIENTED_EDGE ( 'NONE', *, *, #2112, .F. ) ;
#1741 = AXIS2_PLACEMENT_3D ( 'NONE', #1550, #1632, #3400 ) ;
#1742 = CARTESIAN_POINT ( 'NONE',  ( 190.9111730235015614, 165.9400984988307073, 18.30564717355150961 ) ) ;
#1743 = CARTESIAN_POINT ( 'NONE',  ( -215.0164244127220456, 187.0253147634877848, 0.03475584098780827580 ) ) ;
#1744 = CARTESIAN_POINT ( 'NONE',  ( 214.3020705469920983, -187.7342400257274448, 1.686663236825107770 ) ) ;
#1745 = CARTESIAN_POINT ( 'NONE',  ( -106.6622643173593303, -95.35565759828281784, 37.12300163068671566 ) ) ;
#1746 = CARTESIAN_POINT ( 'NONE',  ( 209.0301440270746127, -187.9297166894195072, 6.229788907739767900 ) ) ;
#1747 = CARTESIAN_POINT ( 'NONE',  ( -100.1341843728178276, 87.55975022303539390, 38.49632392363116651 ) ) ;
#1748 = ORIENTED_EDGE ( 'NONE', *, *, #414, .T. ) ;
#1749 = CARTESIAN_POINT ( 'NONE',  ( -205.4707942240301008, 183.9442607152492712, 10.03499457806160677 ) ) ;
#1750 = CARTESIAN_POINT ( 'NONE',  ( -211.5709586541764224, 189.9632515017130743, 0.3244132770222183382 ) ) ;
#1751 = CARTESIAN_POINT ( 'NONE',  ( 46.91540935367728338, 41.39715246024385920, 46.88468879234423525 ) ) ;
#1752 = CARTESIAN_POINT ( 'NONE',  ( 32.78265962694512581, -29.15505980491358073, 48.99405119645790307 ) ) ;
#1753 = CARTESIAN_POINT ( 'NONE',  ( 31.88650671558203342, -28.00481249349900281, 49.15975176560879589 ) ) ;
#1754 = CARTESIAN_POINT ( 'NONE',  ( -225.8999999999999204, 190.5000000000000853, 85.00000000000000000 ) ) ;
#1755 = CARTESIAN_POINT ( 'NONE',  ( 206.9293249152152896, -179.3925689295396353, 11.14333542586100378 ) ) ;
#1756 = CARTESIAN_POINT ( 'NONE',  ( -208.8460603981854149, -190.3381654414763489, 1.603115284326960044 ) ) ;
#1757 = CARTESIAN_POINT ( 'NONE',  ( 116.9458333333332405, 190.5000000000001990, 16.19159092032636948 ) ) ;
#1758 = CARTESIAN_POINT ( 'NONE',  ( -211.9071301881187424, 189.1834574778319222, 3.021840911403074870 ) ) ;
#1759 = DIRECTION ( 'NONE',  ( 1.000000000000000000, -0.000000000000000000, 0.000000000000000000 ) ) ;
#1760 = DIRECTION ( 'NONE',  ( 0.000000000000000000, 0.000000000000000000, 1.000000000000000000 ) ) ;
#1761 = VERTEX_POINT ( 'NONE', #5535 ) ;
#1762 = CARTESIAN_POINT ( 'NONE',  ( -209.7902591507087209, 190.6258314581583306, 2.168404344971008621E-16 ) ) ;
#1763 = CARTESIAN_POINT ( 'NONE',  ( 215.8999999999999488, -183.5000000000000000, -0.4257127542553629795 ) ) ;
#1764 = CARTESIAN_POINT ( 'NONE',  ( 190.4441723852367829, -167.6005578852357303, 18.26896954549865626 ) ) ;
#1765 = CARTESIAN_POINT ( 'NONE',  ( -154.3722258627920496, 137.9017336172199180, 27.73932310552345371 ) ) ;
#1766 = CARTESIAN_POINT ( 'NONE',  ( -167.9431108057947597, 147.5396119915106681, 24.96302944492038733 ) ) ;
#1767 = CARTESIAN_POINT ( 'NONE',  ( 1.520116637980171825, 42.71956850147996221, 48.19311429360478627 ) ) ;
#1768 = CARTESIAN_POINT ( 'NONE',  ( -210.0000360322368920, 192.2430111813236522, -0.000000000000000000 ) ) ;
#1769 = CARTESIAN_POINT ( 'NONE',  ( -214.4976678967873056, 187.8018270398243885, -1.074269000342903180 ) ) ;
#1770 = CARTESIAN_POINT ( 'NONE',  ( 215.8963303372242137, 183.4999612110511009, 0.2392280201114009019 ) ) ;
#1771 = CARTESIAN_POINT ( 'NONE',  ( 215.8998774582293265, -184.4162892086481236, 0.04239356755972783358 ) ) ;
#1772 = CARTESIAN_POINT ( 'NONE',  ( 145.6677492083995844, -127.1952582627518495, 30.09764885170429238 ) ) ;
#1773 = CARTESIAN_POINT ( 'NONE',  ( -208.8999554131496836, -190.4998930745754535, 0.04258666504158719474 ) ) ;
#1774 = CARTESIAN_POINT ( 'NONE',  ( -32.86088036907614907, -29.07148419722953747, 48.99739561376120633 ) ) ;
#1775 = CARTESIAN_POINT ( 'NONE',  ( -36.86483167533425842, -23.58607625837291621, 48.90086684367385317 ) ) ;
#1776 = CARTESIAN_POINT ( 'NONE',  ( -211.5787752192808853, 189.9671521932473581, 0.01092048699871231085 ) ) ;
#1777 = CARTESIAN_POINT ( 'NONE',  ( 212.4018481734551926, -189.6061519351225115, 0.5523881498436756798 ) ) ;
#1778 = CARTESIAN_POINT ( 'NONE',  ( -39.56872796662451464, -34.50582253694669532, 48.01698849807656444 ) ) ;
#1779 = CARTESIAN_POINT ( 'NONE',  ( 208.8989394773832373, -188.8761299352830463, 5.074377694079642787 ) ) ;
#1780 = CARTESIAN_POINT ( 'NONE',  ( -107.7025355691714594, 94.19453949810753102, 37.22656006283948926 ) ) ;
#1781 = EDGE_LOOP ( 'NONE', ( #593, #3183, #296, #1060 ) ) ;
#1782 = CARTESIAN_POINT ( 'NONE',  ( -208.2140717809832324, 180.9620356622011457, 10.27281436329875142 ) ) ;
#1783 = EDGE_CURVE ( 'NONE', #4190, #4711, #1473, .T. ) ;
#1784 = CARTESIAN_POINT ( 'NONE',  ( -213.7739733960638375, 188.4241704345423045, 1.034917642785043501 ) ) ;
#1785 = CARTESIAN_POINT ( 'NONE',  ( 217.0195714789115016, -186.8854254049151962, 0.000000000000000000 ) ) ;
#1786 = CARTESIAN_POINT ( 'NONE',  ( 139.2366649618071790, -124.3747304488152849, 31.03600506823297067 ) ) ;
#1787 = CARTESIAN_POINT ( 'NONE',  ( 69.70154362460328912, -61.20068985351056767, 43.39175254794295711 ) ) ;
#1788 = CARTESIAN_POINT ( 'NONE',  ( 205.6093985105074182, -182.0416060632741448, 11.02045784509668103 ) ) ;
#1789 = CARTESIAN_POINT ( 'NONE',  ( -214.6858000941872149, -190.1347895871980427, -0.000000000000000000 ) ) ;
#1790 = VERTEX_POINT ( 'NONE', #1278 ) ;
#1791 = CARTESIAN_POINT ( 'NONE',  ( 24.58341767143446432, 25.03911886656257479, 50.00000000000000000 ) ) ;
#1792 = CARTESIAN_POINT ( 'NONE',  ( -212.5252640266766377, 188.6007098036924390, 3.394733988055546714 ) ) ;
#1793 = CARTESIAN_POINT ( 'NONE',  ( -225.8999999999999204, -150.0000000000000000, 50.00000000000000000 ) ) ;
#1794 = CARTESIAN_POINT ( 'NONE',  ( 215.4961555254807877, -185.2828476878713673, 1.572973641166152126 ) ) ;
#1795 = CARTESIAN_POINT ( 'NONE',  ( -211.3897609798123085, 190.2271231503428623, 1.734516794324588746E-12 ) ) ;
#1796 = CARTESIAN_POINT ( 'NONE',  ( 208.8999999999999204, -190.4999999999999716, -0.4257127542553629795 ) ) ;
#1797 = CARTESIAN_POINT ( 'NONE',  ( 185.5231304349493939, -161.7543662573891936, 20.09472206204102562 ) ) ;
#1798 = CARTESIAN_POINT ( 'NONE',  ( -161.9128371028749882, 144.6600031808910956, 25.95194050524068885 ) ) ;
#1799 = CARTESIAN_POINT ( 'NONE',  ( -181.5331830987094861, 158.6971101360933858, 21.31303350413344333 ) ) ;
#1800 = CARTESIAN_POINT ( 'NONE',  ( -4.853920243089912212, 34.66722968196520327, 57.97178474534599246 ) ) ;
#1801 = CARTESIAN_POINT ( 'NONE',  ( -217.2145958875891836, 186.3446648841012063, -0.000000000000000000 ) ) ;
#1802 = CARTESIAN_POINT ( 'NONE',  ( 217.6835644268479655, 184.0794733970934089, 0.000000000000000000 ) ) ;
#1803 = CARTESIAN_POINT ( 'NONE',  ( 208.8993195821817608, 190.4983864041585662, 0.1657484113720902597 ) ) ;
#1804 = CARTESIAN_POINT ( 'NONE',  ( 215.3671080876217445, -186.1787754757365008, 0.02758461271348337449 ) ) ;
#1805 = CARTESIAN_POINT ( 'NONE',  ( 123.0604488396836445, -107.2018380288911743, 34.49912926104671129 ) ) ;
#1806 = CARTESIAN_POINT ( 'NONE',  ( -215.9000000000000909, -190.5000000000002558, -0.02511408429768363301 ) ) ;
#1807 = CARTESIAN_POINT ( 'NONE',  ( -203.6313134556751834, -183.3452276015773066, 10.52725791381838327 ) ) ;
#1808 = CARTESIAN_POINT ( 'NONE',  ( 87.21128082819588201, 75.87406390503944920, 40.64662006618544154 ) ) ;
#1809 = CARTESIAN_POINT ( 'NONE',  ( -215.9000000000000625, 183.5000000000000000, 6.062116545664508331E-05 ) ) ;
#1810 = VECTOR ( 'NONE', #6121, 1000.000000000000000 ) ;
#1811 = CARTESIAN_POINT ( 'NONE',  ( 212.3870984159759416, -189.5993916778948574, 0.7285098376074820026 ) ) ;
#1812 = CARTESIAN_POINT ( 'NONE',  ( -210.3675441889887452, -181.2164779120649030, 8.811358631221569482 ) ) ;
#1813 = CARTESIAN_POINT ( 'NONE',  ( 212.8579098866282777, -184.1078200487509662, 6.429168456129109366 ) ) ;
#1814 = CARTESIAN_POINT ( 'NONE',  ( -114.7263029964684335, 101.4450526346667800, 35.90478326701781242 ) ) ;
#1815 = ORIENTED_EDGE ( 'NONE', *, *, #1644, .F. ) ;
#1816 = CARTESIAN_POINT ( 'NONE',  ( -210.8686931203314145, 184.3474594481509143, 7.905974345700037986 ) ) ;
#1817 = EDGE_CURVE ( 'NONE', #7362, #872, #99, .T. ) ;
#1818 = CARTESIAN_POINT ( 'NONE',  ( -213.8478388838676381, 188.4491411455124705, 0.1615901556001741735 ) ) ;
#1819 = CARTESIAN_POINT ( 'NONE',  ( 129.2017153256375366, 115.4295438787862906, 33.01047928966782052 ) ) ;
#1820 = CARTESIAN_POINT ( 'NONE',  ( -41.20710138013927804, -14.12672846068988797, 48.75917131041352803 ) ) ;
#1821 = CARTESIAN_POINT ( 'NONE',  ( 69.92423224671691173, -60.94580480892579288, 43.38392309485521281 ) ) ;
#1822 = AXIS2_PLACEMENT_3D ( 'NONE', #2060, #1590, #5137 ) ;
#1823 = CARTESIAN_POINT ( 'NONE',  ( 210.3678100041005052, -181.2166486339056348, 8.811153203274837864 ) ) ;
#1824 = CARTESIAN_POINT ( 'NONE',  ( -31.78992566785474594, 28.11544855930997855, 49.15919715107061450 ) ) ;
#1825 = EDGE_CURVE ( 'NONE', #855, #1724, #5457, .T. ) ;
#1826 = CARTESIAN_POINT ( 'NONE',  ( -202.8302481750143329, 178.3739547949355995, 13.04264347572025784 ) ) ;
#1827 = CARTESIAN_POINT ( 'NONE',  ( -215.3621034697936807, 183.4719204325096769, 2.792134527449352532 ) ) ;
#1828 = CARTESIAN_POINT ( 'NONE',  ( 40.55245520156829997, -15.99454351674263819, 48.78325282222382953 ) ) ;
#1829 = CARTESIAN_POINT ( 'NONE',  ( 215.7351207659536385, -61.16558894499343779, 1.593179961271130596 ) ) ;
#1830 = CARTESIAN_POINT ( 'NONE',  ( -213.0393231713867408, 188.9513912853271336, 1.576526349749330702 ) ) ;
#1831 = CARTESIAN_POINT ( 'NONE',  ( 215.8999999999999488, -183.4999999999999716, -0.1419693965929391122 ) ) ;
#1832 = CARTESIAN_POINT ( 'NONE',  ( 195.2985873407754696, -169.6055506443805996, 16.68755898250971015 ) ) ;
#1833 = DIRECTION ( 'NONE',  ( 0.000000000000000000, 0.000000000000000000, 1.000000000000000000 ) ) ;
#1834 = CARTESIAN_POINT ( 'NONE',  ( -180.8099063528509589, 159.5259790759926659, 21.33625016179754752 ) ) ;
#1835 = CARTESIAN_POINT ( 'NONE',  ( -210.2371970043668057, 188.3583391097157005, 5.313049643203675565 ) ) ;
#1836 = CARTESIAN_POINT ( 'NONE',  ( -18.54686216436276069, 29.70732330057875004, 58.49256766474250213 ) ) ;
#1837 = CARTESIAN_POINT ( 'NONE',  ( 31.10089705554367967, -16.08795496889817755, 58.75488726233498227 ) ) ;
#1838 = CARTESIAN_POINT ( 'NONE',  ( 217.2193778138732796, 186.3307595782879389, 0.000000000000000000 ) ) ;
#1839 = CARTESIAN_POINT ( 'NONE',  ( 214.7985746265389366, 189.7250700826274681, 4.188313740800091445 ) ) ;
#1840 = CARTESIAN_POINT ( 'NONE',  ( 214.4976222564319528, -187.8018144179334001, 0.02636583288731031427 ) ) ;
#1841 = CARTESIAN_POINT ( 'NONE',  ( 122.7228564554957728, -107.5919850501969677, 34.53230458094490274 ) ) ;
#1842 = CARTESIAN_POINT ( 'NONE',  ( -215.8999999999999773, -183.5000000171229999, -0.001682280010450953661 ) ) ;
#1843 = DIRECTION ( 'NONE',  ( 1.000000000000000000, 0.000000000000000000, 0.000000000000000000 ) ) ;
#1844 = EDGE_LOOP ( 'NONE', ( #5113, #3855, #2407, #7624 ) ) ;
#1845 = CARTESIAN_POINT ( 'NONE',  ( 215.8999999999998920, 63.50000000000005684, 21.48530440293794186 ) ) ;
#1846 = CARTESIAN_POINT ( 'NONE',  ( -210.7322351905149844, 190.3178087366781881, 6.062116545664508331E-05 ) ) ;
#1847 = VECTOR ( 'NONE', #407, 1000.000000000000000 ) ;
#1848 = CARTESIAN_POINT ( 'NONE',  ( 215.2784519575036484, -186.1624701138499347, 1.143817232980599341 ) ) ;
#1849 = CARTESIAN_POINT ( 'NONE',  ( -206.6370935277436729, -182.3525324299634178, 11.35891276176429443 ) ) ;
#1850 = CARTESIAN_POINT ( 'NONE',  ( 211.7371314289263751, -186.7926449065444672, 5.971528369237712575 ) ) ;
#1851 = CARTESIAN_POINT ( 'NONE',  ( -100.3280934032835177, 87.33553728112445924, 38.47584345949941564 ) ) ;
#1852 = STYLED_ITEM ( 'NONE', ( #2590 ), #3068 ) ;
#1853 = ORIENTED_EDGE ( 'NONE', *, *, #5633, .T. ) ;
#1854 = CARTESIAN_POINT ( 'NONE',  ( -207.7525848437438469, 186.3930976825789685, 7.930107259321760971 ) ) ;
#1855 = CARTESIAN_POINT ( 'NONE',  ( -26.32429621422929600, -23.06624773174139875, 50.00097781202112657 ) ) ;
#1856 = CARTESIAN_POINT ( 'NONE',  ( -210.7300141816888015, 190.3164348135804573, 0.1722192878579524022 ) ) ;
#1857 = CARTESIAN_POINT ( 'NONE',  ( 203.6424778902780588, 179.6987171868879329, 12.99250576001252888 ) ) ;
#1858 = CARTESIAN_POINT ( 'NONE',  ( 212.4838043228861011, 189.3193006556319347, 1.578301194756658754 ) ) ;
#1859 = CARTESIAN_POINT ( 'NONE',  ( 69.62696297990109429, -61.28541583798621417, 43.39077503904745470 ) ) ;
#1860 = CIRCLE ( 'NONE', #6263, 8.000000000000007105 ) ;
#1861 = CARTESIAN_POINT ( 'NONE',  ( 206.7699543648573695, -181.7461023174410286, 10.76402967467736005 ) ) ;
#1862 = CARTESIAN_POINT ( 'NONE',  ( 215.2957318808184652, -184.3219631127524281, 2.962678786652486185 ) ) ;
#1863 = CARTESIAN_POINT ( 'NONE',  ( -31.80603990489151656, 28.09702586398488933, 49.15950220667974691 ) ) ;
#1864 = CARTESIAN_POINT ( 'NONE',  ( -202.2755299680501082, 180.7649806530465355, 12.21614118678308181 ) ) ;
#1865 = CARTESIAN_POINT ( 'NONE',  ( 2.481578504068239432, -34.93418939142697610, 50.00179985287619644 ) ) ;
#1866 = VECTOR ( 'NONE', #2068, 1000.000000000000000 ) ;
#1867 = CARTESIAN_POINT ( 'NONE',  ( -211.4393256335152103, 189.8706945267059041, 1.456708692811714112 ) ) ;
#1868 = DIRECTION ( 'NONE',  ( 0.000000000000000000, 0.000000000000000000, -1.000000000000000000 ) ) ;
#1869 = LINE ( 'NONE', #4950, #7766 ) ;
#1870 = CARTESIAN_POINT ( 'NONE',  ( -31.10089705554371875, 16.08795496889810650, 58.75488726233498227 ) ) ;
#1871 = CARTESIAN_POINT ( 'NONE',  ( 213.8497474683057931, -188.4497474683058158, -0.1419693965929391122 ) ) ;
#1872 = CARTESIAN_POINT ( 'NONE',  ( 198.2741873626694087, -173.9361418037622684, 15.30148032824815374 ) ) ;
#1873 = CARTESIAN_POINT ( 'NONE',  ( -51.71741829955011838, 46.29262723846795780, 46.05961205935002312 ) ) ;
#1874 = CARTESIAN_POINT ( 'NONE',  ( -181.3545787681885315, 158.9058488372334921, 21.33070613414934158 ) ) ;
#1875 = CARTESIAN_POINT ( 'NONE',  ( -214.3648315879696611, 183.2567354129280943, 4.686526798099931668 ) ) ;
#1876 = EDGE_CURVE ( 'NONE', #3556, #1790, #4504, .T. ) ;
#1877 = CARTESIAN_POINT ( 'NONE',  ( 202.2962696437375598, -175.2837275547083777, 13.64472874352932585 ) ) ;
#1878 = CARTESIAN_POINT ( 'NONE',  ( -87.21128082819585359, -75.87406390503929288, 40.64662006618543444 ) ) ;
#1879 = DIRECTION ( 'NONE',  ( 1.000000000000000000, 0.000000000000000000, 0.000000000000000000 ) ) ;
#1880 = CARTESIAN_POINT ( 'NONE',  ( 208.8920368933807765, 190.4798247404616234, 0.5728625454689321161 ) ) ;
#1881 = CARTESIAN_POINT ( 'NONE',  ( 212.4252806429497014, -189.6164814658925479, 0.02676834149927719356 ) ) ;
#1882 = CARTESIAN_POINT ( 'NONE',  ( 164.4658662025611591, -143.8813970660083328, 25.89521616175516527 ) ) ;
#1883 = CARTESIAN_POINT ( 'NONE',  ( -215.9000006488464010, -190.5000002945182018, -0.002265963078302507885 ) ) ;
#1884 = CARTESIAN_POINT ( 'NONE',  ( 225.8999999999999488, -150.0000000000000000, 37.49999999999999289 ) ) ;
#1885 = EDGE_LOOP ( 'NONE', ( #3037, #4109 ) ) ;
#1886 = CARTESIAN_POINT ( 'NONE',  ( -14.99392345646151448, -40.40766313897596973, 48.38265091314730171 ) ) ;
#1887 = CARTESIAN_POINT ( 'NONE',  ( 215.8999999999999204, -200.5000000000000284, 85.00000000000000000 ) ) ;
#1888 = CARTESIAN_POINT ( 'NONE',  ( -215.3671512843803271, 186.1787830673422377, 0.008882329116935774871 ) ) ;
#1889 = CARTESIAN_POINT ( 'NONE',  ( 212.4092230521948466, -189.6095320637363102, 0.4643273059617725740 ) ) ;
#1890 = CARTESIAN_POINT ( 'NONE',  ( -188.3892537789877224, -166.2283055544444892, 19.16504414864768435 ) ) ;
#1891 = CARTESIAN_POINT ( 'NONE',  ( -211.0643098590871887, -189.9842858923311724, 1.584448399075562897 ) ) ;
#1892 = CARTESIAN_POINT ( 'NONE',  ( 209.0057308034006383, -189.0458837209522756, 4.810662535539285578 ) ) ;
#1893 = CARTESIAN_POINT ( 'NONE',  ( -149.0534300808577655, 130.9657166871349148, 29.34198113578070277 ) ) ;
#1894 = CARTESIAN_POINT ( 'NONE',  ( -208.4423355419550319, 187.1963174796677265, 7.100695924800707992 ) ) ;
#1895 =( BOUNDED_SURFACE ( )  B_SPLINE_SURFACE ( 3, 2, ( 
 ( #2861, #6882, #3897 ),
 ( #455, #5704, #2778 ),
 ( #297, #5818, #7674 ),
 ( #6366, #2698, #7046 ),
 ( #7555, #5778, #4058 ),
 ( #6329, #2818, #6293 ),
 ( #6407, #2273, #1013 ),
 ( #377, #2739, #1491 ),
 ( #1527, #3414, #7000 ),
 ( #5232, #2232, #893 ),
 ( #3296, #4572, #5114 ),
 ( #2151, #969, #2115 ),
 ( #3933, #6960, #930 ),
 ( #1565, #3975, #7164 ),
 ( #3500, #4217, #1136 ),
 ( #1172, #4808, #7087 ),
 ( #539, #68, #1767 ),
 ( #3652, #2942, #576 ),
 ( #7199, #1250, #7791 ),
 ( #2349, #3020, #4772 ),
 ( #1800, #4182, #5354 ),
 ( #7752, #6643, #2428 ),
 ( #6569, #1691, #3578 ),
 ( #4844, #1209, #6603 ),
 ( #7715, #5980, #2979 ),
 ( #2313, #2390, #5427 ),
 ( #5389, #3615, #6017 ),
 ( #3541, #615, #4735 ),
 ( #30, #4099, #7238 ),
 ( #1836, #4252, #6054 ),
 ( #5904, #651, #5942 ),
 ( #3059, #5465, #4694 ),
 ( #6490, #1093, #500 ),
 ( #2903, #5317, #7126 ) ),
 .UNSPECIFIED., .F., .F., .F. ) 
 B_SPLINE_SURFACE_WITH_KNOTS ( ( 4, 2, 2, 2, 2, 2, 2, 2, 2, 2, 2, 2, 2, 2, 2, 2, 4 ),
 ( 3, 3 ),
 ( 2.949029909160572061E-17, 0.009372108731337976811, 0.01405816309700694960, 0.01640119027984143774, 0.01874421746267592240, 0.02811632619401387145, 0.03045935337684835958, 0.03280238055968284772, 0.03748843492535181704, 0.04217448929102078636, 0.04451751647385527449, 0.04686054365668976263, 0.05623265238802771515, 0.05857567957086220328, 0.06091870675369669141, 0.06560476111936566768, 0.07497686985070360632 ),
 ( 0.000000000000000000, 1.000000000000000000 ),
 .UNSPECIFIED. ) 
 GEOMETRIC_REPRESENTATION_ITEM ( )  RATIONAL_B_SPLINE_SURFACE ( (
 ( 1.000000000000000000, 0.7459714310480232147, 1.000000000000000000),
 ( 1.000000000000000000, 0.7499316568554073026, 1.000000000000000000),
 ( 1.000000000000000000, 0.7542966957803411976, 1.000000000000000000),
 ( 1.000000000000000000, 0.7607940963825837732, 1.000000000000000000),
 ( 1.000000000000000000, 0.7629532828444781645, 1.000000000000000000),
 ( 1.000000000000000000, 0.7661094975097660909, 1.000000000000000000),
 ( 1.000000000000000000, 0.7671493095602575085, 1.000000000000000000),
 ( 1.000000000000000000, 0.7691640790003204664, 1.000000000000000000),
 ( 1.000000000000000000, 0.7701421077277708083, 1.000000000000000000),
 ( 1.000000000000000000, 0.7748514386969820311, 1.000000000000000000),
 ( 1.000000000000000000, 0.7780305028929611622, 1.000000000000000000),
 ( 1.000000000000000000, 0.7807736716848139302, 1.000000000000000000),
 ( 1.000000000000000000, 0.7812618496549954550, 1.000000000000000000),
 ( 1.000000000000000000, 0.7821047836226877603, 1.000000000000000000),
 ( 1.000000000000000000, 0.7824571934717254873, 1.000000000000000000),
 ( 1.000000000000000000, 0.7833049287625275525, 1.000000000000000000),
 ( 1.000000000000000000, 0.7835907677531297466, 1.000000000000000000),
 ( 1.000000000000000000, 0.7835917797993126044, 1.000000000000000000),
 ( 1.000000000000000000, 0.7833069371354366428, 1.000000000000000000),
 ( 1.000000000000000000, 0.7824624427353450429, 1.000000000000000000),
 ( 1.000000000000000000, 0.7821114050883425373, 1.000000000000000000),
 ( 1.000000000000000000, 0.7812721081424850444, 1.000000000000000000),
 ( 1.000000000000000000, 0.7807831600162875585, 1.000000000000000000),
 ( 1.000000000000000000, 0.7780385313031158434, 1.000000000000000000),
 ( 1.000000000000000000, 0.7748578856712140528, 1.000000000000000000),
 ( 1.000000000000000000, 0.7701539236722029225, 1.000000000000000000),
 ( 1.000000000000000000, 0.7691773196662207157, 1.000000000000000000),
 ( 1.000000000000000000, 0.7671662193964964294, 1.000000000000000000),
 ( 1.000000000000000000, 0.7661286617363095575, 1.000000000000000000),
 ( 1.000000000000000000, 0.7629671318147800418, 1.000000000000000000),
 ( 1.000000000000000000, 0.7608047403594717650, 1.000000000000000000),
 ( 1.000000000000000000, 0.7542994879642236361, 1.000000000000000000),
 ( 1.000000000000000000, 0.7499315716264657317, 1.000000000000000000),
 ( 1.000000000000000000, 0.7459714310211547073, 1.000000000000000000) ) ) 
 REPRESENTATION_ITEM ( '' )  SURFACE ( )  );
#1896 = CARTESIAN_POINT ( 'NONE',  ( -32.78265962694510449, 29.15505980491360916, 48.99405119645791729 ) ) ;
#1897 = CARTESIAN_POINT ( 'NONE',  ( -213.8445207184165042, 188.4481006304579864, 0.2727996444607987403 ) ) ;
#1898 = CARTESIAN_POINT ( 'NONE',  ( 201.6414453833371283, 181.2963029143538733, 11.90509816156143508 ) ) ;
#1899 = CARTESIAN_POINT ( 'NONE',  ( 213.3947022339523016, 188.6619529257250747, 1.575616942696986600 ) ) ;
#1900 = CARTESIAN_POINT ( 'NONE',  ( 61.80251129883035333, -54.93920457173537386, 44.54375657179446790 ) ) ;
#1901 = CARTESIAN_POINT ( 'NONE',  ( 208.6480490786895530, -182.6173732359023916, 9.692392338452023637 ) ) ;
#1902 = CARTESIAN_POINT ( 'NONE',  ( -42.97843436660564720, 38.24884340428280183, 47.43736653170486051 ) ) ;
#1903 = B_SPLINE_CURVE_WITH_KNOTS ( 'NONE', 3,
 ( #3919, #2842, #7540, #400, #4519, #7658, #4679, #1673, #2802, #3481 ),
 .UNSPECIFIED., .F., .F.,
 ( 4, 2, 2, 2, 4 ),
 ( 2.775557561562891043E-17, 0.1044231311343524760, 0.2088462622687048964, 0.3132693934030572058, 0.4176925245374096263 ),
 .UNSPECIFIED. ) ;
#1904 = CARTESIAN_POINT ( 'NONE',  ( -199.9410268423351340, 175.8759929252644270, 14.45479945311320691 ) ) ;
#1905 = CARTESIAN_POINT ( 'NONE',  ( 3.028246287201488141, -42.64842073065352679, 48.19922414993035176 ) ) ;
#1906 = CARTESIAN_POINT ( 'NONE',  ( -214.9154349951737402, 186.0469524170871978, 2.588560384502768486 ) ) ;
#1907 = CARTESIAN_POINT ( 'NONE',  ( 215.7295449224810682, 179.4967790178293399, 1.575279173765998131 ) ) ;
#1908 = DIRECTION ( 'NONE',  ( 0.000000000000000000, 1.000000000000000000, -0.000000000000000000 ) ) ;
#1909 = CARTESIAN_POINT ( 'NONE',  ( -35.00000000000000711, 1.046762400701260809, 58.54591266636801805 ) ) ;
#1910 = DIRECTION ( 'NONE',  ( -1.000000000000000000, 0.000000000000000000, 0.000000000000000000 ) ) ;
#1911 = CARTESIAN_POINT ( 'NONE',  ( 196.0912984288728751, -174.4387167526487872, 15.55840290897747202 ) ) ;
#1912 = CARTESIAN_POINT ( 'NONE',  ( 225.8999999999999488, -190.5000000000000284, 2.000000000000001776 ) ) ;
#1913 = CARTESIAN_POINT ( 'NONE',  ( -179.6337435991317477, 157.0544341007740172, 21.86508078714984649 ) ) ;
#1914 = CARTESIAN_POINT ( 'NONE',  ( -209.9654736585590626, 189.2318539843287226, 4.259591552102448553 ) ) ;
#1915 = CARTESIAN_POINT ( 'NONE',  ( 213.3310860316523474, -182.8700510556678296, 6.055689856501989432 ) ) ;
#1916 = EDGE_CURVE ( 'NONE', #4852, #11, #6381, .T. ) ;
#1917 = CARTESIAN_POINT ( 'NONE',  ( -210.7158721578271354, -181.4338586057368161, 8.530486301035717034 ) ) ;
#1918 = CARTESIAN_POINT ( 'NONE',  ( 216.0261953960302890, 184.4406141361289428, 1.250230402421962865E-12 ) ) ;
#1919 = CARTESIAN_POINT ( 'NONE',  ( 208.9000000177917400, 190.4999998969393573, 0.001350429610338759997 ) ) ;
#1920 = CARTESIAN_POINT ( 'NONE',  ( 215.8999268030529777, -183.4999991799934946, 0.03352953150934026572 ) ) ;
#1921 = CARTESIAN_POINT ( 'NONE',  ( 160.0905316188478480, -141.2487524610305911, 26.80193214056921747 ) ) ;
#1922 = CARTESIAN_POINT ( 'NONE',  ( -215.8999999999999773, -183.5000000000000284, -0.01244699024032774014 ) ) ;
#1923 = CARTESIAN_POINT ( 'NONE',  ( -208.8445242821260024, 192.2983899566821435, 0.000000000000000000 ) ) ;
#1924 = EDGE_LOOP ( 'NONE', ( #1279, #3549, #1543, #3355 ) ) ;
#1925 = ADVANCED_FACE ( 'NONE', ( #2497, #3132 ), #136, .T. ) ;
#1926 = DIRECTION ( 'NONE',  ( -1.000000000000000000, 0.000000000000000000, 0.000000000000000000 ) ) ;
#1927 = CARTESIAN_POINT ( 'NONE',  ( -213.8497474683058783, 188.4497474683058442, 6.062116545664508331E-05 ) ) ;
#1928 = CARTESIAN_POINT ( 'NONE',  ( 213.1107147280791878, -189.0593116195542507, 1.121254579860089917 ) ) ;
#1929 = CARTESIAN_POINT ( 'NONE',  ( -196.2410654249252104, -176.0230582720664643, 14.84058907506472735 ) ) ;
#1930 = LINE ( 'NONE', #1754, #338 ) ;
#1931 = CARTESIAN_POINT ( 'NONE',  ( 210.8373123835314971, -187.9699035102760263, 5.527086330680519133 ) ) ;
#1932 = CARTESIAN_POINT ( 'NONE',  ( -148.2330746988941996, 131.8735541523772667, 29.24715090564160391 ) ) ;
#1933 = CARTESIAN_POINT ( 'NONE',  ( -210.9343599622090153, 181.5650470911586751, 8.344972228023463501 ) ) ;
#1934 = CARTESIAN_POINT ( 'NONE',  ( -34.70904827738876008, 26.88473673855843771, 48.95895004741576173 ) ) ;
#1935 = CARTESIAN_POINT ( 'NONE',  ( -215.0010565592658054, 187.0219530152658365, 0.4853673222673835497 ) ) ;
#1936 = CARTESIAN_POINT ( 'NONE',  ( 138.2148328876859296, 120.4382517456868271, 31.65225462947780244 ) ) ;
#1937 = CARTESIAN_POINT ( 'NONE',  ( 187.9530280913857325, -168.2659350791460895, 18.28511170787398044 ) ) ;
#1938 = CARTESIAN_POINT ( 'NONE',  ( 54.63109374902465021, -47.85658043386190741, 45.71911960299827626 ) ) ;
#1939 = CARTESIAN_POINT ( 'NONE',  ( 207.0731379085807475, -183.3821325943139868, 10.01145848390863335 ) ) ;
#1940 = CARTESIAN_POINT ( 'NONE',  ( -46.86575975984341369, 41.44797442184671610, 46.87079671620546861 ) ) ;
#1941 = ORIENTED_EDGE ( 'NONE', *, *, #4246, .F. ) ;
#1942 = CARTESIAN_POINT ( 'NONE',  ( -201.4129873697854691, 176.0910503772669529, 13.95167457037610603 ) ) ;
#1943 = CARTESIAN_POINT ( 'NONE',  ( -215.0198684152534554, 186.0876165184082254, 2.271153632841505399 ) ) ;
#1944 = CIRCLE ( 'NONE', #555, 35.00000000000000711 ) ;
#1945 = CARTESIAN_POINT ( 'NONE',  ( 215.7315157580497100, -130.4773938980725632, 1.581576736253666127 ) ) ;
#1946 = CARTESIAN_POINT ( 'NONE',  ( 215.7351207660175305, 61.16558895840386612, 1.593179960972392006 ) ) ;
#1947 = CARTESIAN_POINT ( 'NONE',  ( -31.77807016678883301, 14.67740711637625139, 58.72301256046254281 ) ) ;
#1948 = CARTESIAN_POINT ( 'NONE',  ( 215.7178087366781938, -185.3322351905149503, -1.074269000340911884 ) ) ;
#1949 = CARTESIAN_POINT ( 'NONE',  ( 193.5406389871207580, -171.6564265827171312, 16.80548389583232449 ) ) ;
#1950 = CARTESIAN_POINT ( 'NONE',  ( -215.8999999999999204, -150.0000000000000000, 50.00000000000000000 ) ) ;
#1951 = CARTESIAN_POINT ( 'NONE',  ( -187.9333769964552516, 166.6239243030171338, 18.87499553365239535 ) ) ;
#1952 = CARTESIAN_POINT ( 'NONE',  ( -212.2065063065807635, 187.2065861547583552, 5.272572762192115903 ) ) ;
#1953 = CARTESIAN_POINT ( 'NONE',  ( 213.7337046427143434, -183.0409047692146771, 5.576470379361291307 ) ) ;
#1954 = CARTESIAN_POINT ( 'NONE',  ( -213.7337045933425657, -183.0409047750571290, 5.576470441345480644 ) ) ;
#1955 = CARTESIAN_POINT ( 'NONE',  ( 211.0681686211447641, 189.9829950032992087, 1.584427351909047710 ) ) ;
#1956 = CARTESIAN_POINT ( 'NONE',  ( 215.8999999999998067, 190.5000000000000568, -0.002313314995922305037 ) ) ;
#1957 = CARTESIAN_POINT ( 'NONE',  ( 210.7322351905149560, -190.3178087366781881, -9.771776172705226994E-05 ) ) ;
#1958 = CARTESIAN_POINT ( 'NONE',  ( 155.7395901612981959, -138.5590602251975554, 27.56654326877783134 ) ) ;
#1959 = CARTESIAN_POINT ( 'NONE',  ( 215.8999999999999204, 198.5000000000000568, 0.000000000000000000 ) ) ;
#1960 = ORIENTED_EDGE ( 'NONE', *, *, #2156, .F. ) ;
#1961 = EDGE_CURVE ( 'NONE', #1761, #3392, #23, .T. ) ;
#1962 = EDGE_LOOP ( 'NONE', ( #7424, #6359, #353, #6314, #6177, #3368, #47, #5268 ) ) ;
#1963 = CARTESIAN_POINT ( 'NONE',  ( 213.3310859814558853, 182.8700510632364455, 6.055689914287907705 ) ) ;
#1964 = CARTESIAN_POINT ( 'NONE',  ( -213.2018193735568445, 189.0976649717044893, 0.01062638050756148020 ) ) ;
#1965 = CARTESIAN_POINT ( 'NONE',  ( 214.4830440583956204, -187.7979012304998037, 0.4678415789809899361 ) ) ;
#1966 = CARTESIAN_POINT ( 'NONE',  ( -206.6583023073944787, -178.6298754021849504, 11.30542033172452854 ) ) ;
#1967 = DIRECTION ( 'NONE',  ( -0.000000000000000000, -0.000000000000000000, -1.000000000000000000 ) ) ;
#1968 = CARTESIAN_POINT ( 'NONE',  ( 213.0712408025721629, -186.9075759219412305, 4.798041247570204781 ) ) ;
#1969 = CARTESIAN_POINT ( 'NONE',  ( -145.2759815154349212, 127.6469292737377401, 30.12781845900470401 ) ) ;
#1970 = CARTESIAN_POINT ( 'NONE',  ( -209.3587011435678562, 185.5111284048704192, 8.106713831861615205 ) ) ;
#1971 = CARTESIAN_POINT ( 'NONE',  ( 215.1164085286389138, -186.3362281482924914, 1.572878268000223345 ) ) ;
#1972 = CARTESIAN_POINT ( 'NONE',  ( -209.8158437818109121, 190.4996087511918859, 0.08207419355638716219 ) ) ;
#1973 = CARTESIAN_POINT ( 'NONE',  ( 192.1677885756123203, 169.5632102641188794, 17.85182970065428520 ) ) ;
#1974 = CARTESIAN_POINT ( 'NONE',  ( 209.2994137245825641, 190.3396747591175142, 1.597415402422757147 ) ) ;
#1975 = CARTESIAN_POINT ( 'NONE',  ( 107.0803800661887806, -94.89731699814514343, 37.20684985697197789 ) ) ;
#1976 = CARTESIAN_POINT ( 'NONE',  ( 207.6917812551358224, -180.5676988356065067, 10.61065764398449929 ) ) ;
#1977 = CARTESIAN_POINT ( 'NONE',  ( -35.51718509418267189, 31.49635464163638687, 48.58826768960422271 ) ) ;
#1978 = AXIS2_PLACEMENT_3D ( 'NONE', #3492, #2342, #1760 ) ;
#1979 = CARTESIAN_POINT ( 'NONE',  ( -199.7153573704003691, 174.1713022674578042, 14.79632927440892942 ) ) ;
#1980 = CARTESIAN_POINT ( 'NONE',  ( -214.6140854813413057, 186.8848835813648179, 2.456442880851557486 ) ) ;
#1981 = AXIS2_PLACEMENT_3D ( 'NONE', #2925, #4168, #6729 ) ;
#1982 = FACE_OUTER_BOUND ( 'NONE', #1984, .T. ) ;
#1983 = CARTESIAN_POINT ( 'NONE',  ( 2.433838631614337888, 34.93667547642745319, 57.93774520049749555 ) ) ;
#1984 = EDGE_LOOP ( 'NONE', ( #4232, #5027, #5609, #7361 ) ) ;
#1985 = CARTESIAN_POINT ( 'NONE',  ( -30.60950502491782288, 17.00399051560200547, 58.77683125092416816 ) ) ;
#1986 = CARTESIAN_POINT ( 'NONE',  ( 212.4253328625962922, -189.6165047184798027, -1.398547123383684143 ) ) ;
#1987 = CARTESIAN_POINT ( 'NONE',  ( 193.0724057820932273, -172.1318284860923313, 16.67591482788704127 ) ) ;
#1988 = DIRECTION ( 'NONE',  ( -0.000000000000000000, -0.000000000000000000, -1.000000000000000000 ) ) ;
#1989 = CARTESIAN_POINT ( 'NONE',  ( -185.2472123880715458, 165.7773556950357374, 19.24762987497253874 ) ) ;
#1990 = CIRCLE ( 'NONE', #604, 12.50000000000000355 ) ;
#1991 = CARTESIAN_POINT ( 'NONE',  ( -211.0043152394959520, 188.1587755011116201, 5.218751896184665284 ) ) ;
#1992 = CARTESIAN_POINT ( 'NONE',  ( 214.9909529840136599, -185.1399055226928851, 3.266778232309305530 ) ) ;
#1993 = CARTESIAN_POINT ( 'NONE',  ( 110.3317469188267239, -96.07793486908781233, 36.78562218760812641 ) ) ;
#1994 = CARTESIAN_POINT ( 'NONE',  ( -71.77497877612195509, -62.40867477020692178, 43.09983414702673343 ) ) ;
#1995 = CARTESIAN_POINT ( 'NONE',  ( 212.4614708450562546, 189.7282834227283956, -1.062518129035794030E-14 ) ) ;
#1996 = CARTESIAN_POINT ( 'NONE',  ( 215.8999999999998352, 183.5000000045033062, -0.001964874531264910237 ) ) ;
#1997 = VECTOR ( 'NONE', #5858, 1000.000000000000000 ) ;
#1998 = CARTESIAN_POINT ( 'NONE',  ( 215.3671392436575047, -186.1787809480534577, 0.01635284252494878868 ) ) ;
#1999 = CARTESIAN_POINT ( 'NONE',  ( 167.1449088991934104, -148.4213227977170106, 24.87967298885024547 ) ) ;
#2000 = CARTESIAN_POINT ( 'NONE',  ( -139.2366651217280946, -124.3747303259027888, 31.03600515299093487 ) ) ;
#2001 = ORIENTED_EDGE ( 'NONE', *, *, #4444, .T. ) ;
#2002 = CARTESIAN_POINT ( 'NONE',  ( 26.24432493777823439, 23.15675729803963989, 50.00000000000000000 ) ) ;
#2003 = CARTESIAN_POINT ( 'NONE',  ( -211.5787840265556667, 189.9671567275789812, -0.04063248314221953178 ) ) ;
#2004 = CARTESIAN_POINT ( 'NONE',  ( 215.7115927561787601, -185.3314694759217787, 0.3077263937531221072 ) ) ;
#2005 = CARTESIAN_POINT ( 'NONE',  ( -207.7201055739571700, -188.1833128313303405, 6.024849422976963353 ) ) ;
#2006 = CARTESIAN_POINT ( 'NONE',  ( 209.2217710731492559, -189.4137839126187544, 4.161409206080762146 ) ) ;
#2007 = CARTESIAN_POINT ( 'NONE',  ( -138.0930500184735763, 120.5814537686217847, 31.67346618999980379 ) ) ;
#2008 = CARTESIAN_POINT ( 'NONE',  ( -212.1876415657215205, 183.7097325532403147, 7.120461834536707890 ) ) ;
#2009 = CARTESIAN_POINT ( 'NONE',  ( -11.98933777997978467, -32.97268350934494663, 58.17550401226805690 ) ) ;
#2010 = CARTESIAN_POINT ( 'NONE',  ( -209.8161891355998989, 190.4999053702825620, 0.04034651295755074113 ) ) ;
#2011 = CARTESIAN_POINT ( 'NONE',  ( 208.3747032880775976, 189.2402785565274712, 4.463057478643286835 ) ) ;
#2012 = CARTESIAN_POINT ( 'NONE',  ( 215.1682427982667889, -185.2039227016781808, 2.853826532525923110 ) ) ;
#2013 = CARTESIAN_POINT ( 'NONE',  ( 211.4862240003531042, 189.8350052066541025, 1.582243885679572637 ) ) ;
#2014 = EDGE_CURVE ( 'NONE', #1070, #6349, #3035, .T. ) ;
#2015 = CARTESIAN_POINT ( 'NONE',  ( 106.6623597834282009, -95.35574294508278115, 37.12298492315701282 ) ) ;
#2016 = CARTESIAN_POINT ( 'NONE',  ( 207.2957617848745144, -185.8840248884362154, 8.408378122861932980 ) ) ;
#2017 = CARTESIAN_POINT ( 'NONE',  ( -39.33370224786158786, 34.77495292776430347, 48.01834795095223996 ) ) ;
#2018 = EDGE_CURVE ( 'NONE', #5130, #3182, #7518, .T. ) ;
#2019 = CARTESIAN_POINT ( 'NONE',  ( -204.2000868211729028, 183.3156178809423125, 10.54285383110753749 ) ) ;
#2020 = CARTESIAN_POINT ( 'NONE',  ( -212.1146291289529699, 189.3954142290337757, 2.245554899619650602 ) ) ;
#2021 = DIRECTION ( 'NONE',  ( 1.000000000000000000, 0.000000000000000000, -0.000000000000000000 ) ) ;
#2022 = CARTESIAN_POINT ( 'NONE',  ( 15.32535066074128594, 31.47235968481590263, 58.32878976705866592 ) ) ;
#2023 = CARTESIAN_POINT ( 'NONE',  ( 25.98792475563364590, 23.44414141945754082, 58.92519608697404010 ) ) ;
#2024 = CARTESIAN_POINT ( 'NONE',  ( 215.0165047184798084, -187.0253328625962581, -1.074269000340911884 ) ) ;
#2025 = CARTESIAN_POINT ( 'NONE',  ( 201.9588975028146081, -179.3065678064104418, 12.93599104562396285 ) ) ;
#2026 = CARTESIAN_POINT ( 'NONE',  ( 223.8999999999999488, 0.000000000000000000, 0.000000000000000000 ) ) ;
#2027 = CARTESIAN_POINT ( 'NONE',  ( -188.5525957222602642, 165.9464966565096802, 18.94185767310024460 ) ) ;
#2028 = CARTESIAN_POINT ( 'NONE',  ( -214.1533303954561518, 184.7840049023672861, 4.781817623774662351 ) ) ;
#2029 = CARTESIAN_POINT ( 'NONE',  ( 214.1861385876330246, -186.6528476414872557, 3.577657130385710538 ) ) ;
#2030 = CARTESIAN_POINT ( 'NONE',  ( 32.96906709015703996, 11.76065335617129115, 58.66297969256547873 ) ) ;
#2031 = CARTESIAN_POINT ( 'NONE',  ( 211.1253317932971640, -192.0084761375458129, 0.000000000000000000 ) ) ;
#2032 = CARTESIAN_POINT ( 'NONE',  ( -34.71048353585403845, 26.88303169778509982, 48.95891842184118303 ) ) ;
#2033 = CARTESIAN_POINT ( 'NONE',  ( 215.8999999999998636, 190.5000000000000284, -0.004846733807342192869 ) ) ;
#2034 = CARTESIAN_POINT ( 'NONE',  ( 214.4976627885359051, -187.8018256239790276, 0.008491520735486160487 ) ) ;
#2035 = CARTESIAN_POINT ( 'NONE',  ( 159.3411269967111537, -142.0621963744643210, 26.66333834757084986 ) ) ;
#2036 = CARTESIAN_POINT ( 'NONE',  ( -209.8013033264590490, 180.8447987262643153, 9.234741246328292519 ) ) ;
#2037 = VERTEX_POINT ( 'NONE', #3878 ) ;
#2038 = CARTESIAN_POINT ( 'NONE',  ( 33.14203290129395896, 11.26416100933892750, 58.65375011541680550 ) ) ;
#2039 = CARTESIAN_POINT ( 'NONE',  ( -215.3671567275791006, 186.1787840265556326, -0.1419693965932708468 ) ) ;
#2040 = CARTESIAN_POINT ( 'NONE',  ( 215.8908870221899008, -184.4156760475000283, 0.3652604302675050985 ) ) ;
#2041 = CARTESIAN_POINT ( 'NONE',  ( -208.8236426246082829, -190.2687237744959248, 1.917760575893757036 ) ) ;
#2042 = DIRECTION ( 'NONE',  ( 1.000000000000000000, -0.000000000000000000, -0.000000000000000000 ) ) ;
#2043 = CARTESIAN_POINT ( 'NONE',  ( 214.3054218093087684, -184.0079417704703246, 4.782237388171685311 ) ) ;
#2044 = CARTESIAN_POINT ( 'NONE',  ( -145.7958711107553427, 127.0441935865419794, 30.07360180372472058 ) ) ;
#2045 = CARTESIAN_POINT ( 'NONE',  ( -207.6222442515097271, 188.0434631997889596, 6.199657053980188515 ) ) ;
#2046 = FACE_OUTER_BOUND ( 'NONE', #7651, .T. ) ;
#2047 = CARTESIAN_POINT ( 'NONE',  ( -215.3668063605123848, 186.1787227997729985, 0.07284206088717498639 ) ) ;
#2048 = CARTESIAN_POINT ( 'NONE',  ( 213.5351391315960541, 182.9519005255617969, 5.801314990551977857 ) ) ;
#2049 = CARTESIAN_POINT ( 'NONE',  ( 214.6682822791078706, -186.9101437055210226, 2.282848288387418378 ) ) ;
#2050 = CARTESIAN_POINT ( 'NONE',  ( -66.25624233614334457, -111.0081597814494359, 33.09579546016315277 ) ) ;
#2051 = CARTESIAN_POINT ( 'NONE',  ( 84.20678159367621163, -75.17820512854146386, 40.93533118811462401 ) ) ;
#2052 = CARTESIAN_POINT ( 'NONE',  ( 210.9646242180670583, -182.9249178578557178, 8.232201450227060846 ) ) ;
#2053 = CARTESIAN_POINT ( 'NONE',  ( -39.26627809738572950, 34.85156506738853466, 48.01530939629981276 ) ) ;
#2054 = EDGE_CURVE ( 'NONE', #1724, #3392, #4770, .T. ) ;
#2055 = CARTESIAN_POINT ( 'NONE',  ( -204.9612655889284554, 180.8192253856329330, 11.65758281811122643 ) ) ;
#2056 = CARTESIAN_POINT ( 'NONE',  ( -215.4826182984509160, 185.2924368057799143, 1.856964118409917708 ) ) ;
#2057 = CARTESIAN_POINT ( 'NONE',  ( 187.9530281941088958, 168.2659350352889760, 18.28511178266698778 ) ) ;
#2058 = CARTESIAN_POINT ( 'NONE',  ( -215.7324518993364393, -99.49677959137184757, 1.584550848241967458 ) ) ;
#2059 = ORIENTED_EDGE ( 'NONE', *, *, #7212, .F. ) ;
#2060 = CARTESIAN_POINT ( 'NONE',  ( -225.8999999999999204, 190.5000000000000853, 85.00000000000000000 ) ) ;
#2061 = DIRECTION ( 'NONE',  ( 0.000000000000000000, -1.000000000000000000, 0.000000000000000000 ) ) ;
#2062 = EDGE_CURVE ( 'NONE', #547, #2853, #4141, .T. ) ;
#2063 = CARTESIAN_POINT ( 'NONE',  ( 198.6015573669373850, -177.2669318088504724, 14.19713074874086267 ) ) ;
#2064 = DIRECTION ( 'NONE',  ( -0.000000000000000000, 0.000000000000000000, 1.000000000000000000 ) ) ;
#2065 = CARTESIAN_POINT ( 'NONE',  ( -193.3065223846070353, 171.8941275344047881, 16.74069936185967578 ) ) ;
#2066 = CARTESIAN_POINT ( 'NONE',  ( -215.0260768072252233, 183.4218743852544833, 3.547532176488449096 ) ) ;
#2067 = CARTESIAN_POINT ( 'NONE',  ( 209.5566209587467768, -190.0482500584177501, 2.702138340501492486 ) ) ;
#2068 = DIRECTION ( 'NONE',  ( -0.000000000000000000, -0.000000000000000000, 1.000000000000000000 ) ) ;
#2069 = CARTESIAN_POINT ( 'NONE',  ( 212.7576739027397252, -191.4156286400113913, 0.000000000000000000 ) ) ;
#2070 = CARTESIAN_POINT ( 'NONE',  ( 208.8999999999998636, 190.5000000000000284, -0.004846733807342190267 ) ) ;
#2071 = CARTESIAN_POINT ( 'NONE',  ( 209.8162958169423860, -190.4999982049129699, 0.005814285282308572118 ) ) ;
#2072 = CARTESIAN_POINT ( 'NONE',  ( 172.0438298695543438, -150.4765590575311478, 23.98257054784654585 ) ) ;
#2073 = CARTESIAN_POINT ( 'NONE',  ( -63.11918433603261036, -56.52609054550206480, 44.27654039495413940 ) ) ;
#2074 = VERTEX_POINT ( 'NONE', #7461 ) ;
#2075 = ORIENTED_EDGE ( 'NONE', *, *, #2156, .T. ) ;
#2076 = CARTESIAN_POINT ( 'NONE',  ( 34.61532994849282119, -5.280323522994144092, 50.00264397637676694 ) ) ;
#2077 = CARTESIAN_POINT ( 'NONE',  ( -215.0165047184798652, 187.0253328625962865, -0.1014346312128484584 ) ) ;
#2078 = CARTESIAN_POINT ( 'NONE',  ( 215.3610059041304510, -186.1777330324070761, 0.3044848950241931251 ) ) ;
#2079 = CARTESIAN_POINT ( 'NONE',  ( -208.8467645432494635, -190.3402626189569560, 1.596521846122698651 ) ) ;
#2080 = CARTESIAN_POINT ( 'NONE',  ( 208.5468067381362687, -189.5814740644345591, 3.809954391296071385 ) ) ;
#2081 = CARTESIAN_POINT ( 'NONE',  ( -155.8853144379043556, 138.4015525611335988, 27.59692377865059854 ) ) ;
#2082 = CARTESIAN_POINT ( 'NONE',  ( -209.0301440270746980, 187.9297166894196494, 6.229788907739622239 ) ) ;
#2083 = CARTESIAN_POINT ( 'NONE',  ( -39.55120789552916705, 18.43988316694899510, 48.81805602572552516 ) ) ;
#2084 = CARTESIAN_POINT ( 'NONE',  ( -214.4971655322818833, 187.8016892622150635, 0.08411875902358915968 ) ) ;
#2085 = CARTESIAN_POINT ( 'NONE',  ( 210.5014872020653627, -190.0640669639913654, 2.148079456575656465 ) ) ;
#2086 = CARTESIAN_POINT ( 'NONE',  ( 215.3682035837566104, 185.7024080781385749, 1.572861041641958835 ) ) ;
#2087 = CARTESIAN_POINT ( 'NONE',  ( 209.6238982770302357, -185.7620109308375902, 7.850995209515158280 ) ) ;
#2088 = CARTESIAN_POINT ( 'NONE',  ( -77.01828003050781035, 68.12047676691861398, 42.18413579011182435 ) ) ;
#2089 = ORIENTED_EDGE ( 'NONE', *, *, #1295, .T. ) ;
#2090 = CARTESIAN_POINT ( 'NONE',  ( -204.3619666242247490, 178.5303827923439144, 12.46267530227742348 ) ) ;
#2091 = CARTESIAN_POINT ( 'NONE',  ( -215.6718509790221106, 183.4947222127817668, 1.821702539858734093 ) ) ;
#2092 = CARTESIAN_POINT ( 'NONE',  ( 26.41788385323952326, 22.95855859405697430, 58.93158553432861879 ) ) ;
#2093 = CARTESIAN_POINT ( 'NONE',  ( -16.40908765801183122, 30.92113297644073455, 58.38199357006445211 ) ) ;
#2094 = ORIENTED_EDGE ( 'NONE', *, *, #761, .F. ) ;
#2095 = AXIS2_PLACEMENT_3D ( 'NONE', #7327, #4304, #1333 ) ;
#2096 = CARTESIAN_POINT ( 'NONE',  ( -210.6215448389394282, 190.1164356070551378, 1.587058679105112446 ) ) ;
#2097 = CARTESIAN_POINT ( 'NONE',  ( 199.8014148576638718, -177.8589277221657312, 13.82216703123327051 ) ) ;
#2098 = CARTESIAN_POINT ( 'NONE',  ( -217.6836110407053582, -183.4969353413795261, 0.000000000000000000 ) ) ;
#2099 = CARTESIAN_POINT ( 'NONE',  ( -192.5516495646531325, 169.0070567160631470, 17.59096315897464535 ) ) ;
#2100 = COLOUR_RGB ( '',0.7921568627450980005, 0.8196078431372548767, 0.9333333333333333481 ) ;
#2101 = CARTESIAN_POINT ( 'NONE',  ( -209.4709809124755395, 189.8780834768562045, 3.160247269452769903 ) ) ;
#2102 = CARTESIAN_POINT ( 'NONE',  ( 215.2912758726426432, -183.4629474877234543, 2.963175324478210637 ) ) ;
#2103 = CARTESIAN_POINT ( 'NONE',  ( 33.01262735031735929, -28.90003036334087128, 48.99633025722243929 ) ) ;
#2104 = CARTESIAN_POINT ( 'NONE',  ( 212.4608864652308000, -189.7419471625482004, 8.933812996813520135E-12 ) ) ;
#2105 = CARTESIAN_POINT ( 'NONE',  ( 215.8999999999997783, 190.5000000000001705, -0.02004724667629807083 ) ) ;
#2106 = CARTESIAN_POINT ( 'NONE',  ( 215.8999842237411713, -183.4999998220926045, 0.01561872853391630886 ) ) ;
#2107 = CARTESIAN_POINT ( 'NONE',  ( 174.9873471174756503, -154.7321102422956187, 22.97354445399445311 ) ) ;
#2108 = EDGE_CURVE ( 'NONE', #1217, #7287, #4470, .T. ) ;
#2109 = DIRECTION ( 'NONE',  ( -1.000000000000000000, 0.000000000000000000, 0.000000000000000000 ) ) ;
#2110 = AXIS2_PLACEMENT_3D ( 'NONE', #140, #2686, #2611 ) ;
#2111 = CARTESIAN_POINT ( 'NONE',  ( 12.06749080983868261, 41.27328271910946000, 48.31377001667595295 ) ) ;
#2112 = EDGE_CURVE ( 'NONE', #872, #2871, #3872, .T. ) ;
#2113 = ORIENTED_EDGE ( 'NONE', *, *, #1876, .F. ) ;
#2114 = VECTOR ( 'NONE', #3673, 1000.000000000000000 ) ;
#2115 = CARTESIAN_POINT ( 'NONE',  ( 8.351521835852963704, 41.99258812598213808, 48.25464495125015674 ) ) ;
#2116 = CARTESIAN_POINT ( 'NONE',  ( 33.48575513932999570, -10.39992868141064619, 50.00706107781009990 ) ) ;
#2117 = CARTESIAN_POINT ( 'NONE',  ( -209.8162978572971156, 190.5000000000000284, -0.1825041619736932907 ) ) ;
#2118 = CARTESIAN_POINT ( 'NONE',  ( 215.8753932223233676, -184.4146238198594290, 0.6103292806949417448 ) ) ;
#2119 = CARTESIAN_POINT ( 'NONE',  ( -208.6293751253405730, -189.7612606339106378, 3.420019582310695583 ) ) ;
#2120 = CARTESIAN_POINT ( 'NONE',  ( 212.2065063065807067, -187.2065861547583268, 5.272572762192159423 ) ) ;
#2121 = CARTESIAN_POINT ( 'NONE',  ( -171.2279584141205362, 151.4029255989245257, 23.98473301281248737 ) ) ;
#2122 = CARTESIAN_POINT ( 'NONE',  ( -208.5784106093294668, 188.3943500098677930, 5.765172393294262676 ) ) ;
#2123 = CARTESIAN_POINT ( 'NONE',  ( -34.75865527277640155, 4.237544464956729762, 50.00191821634500400 ) ) ;
#2124 = CARTESIAN_POINT ( 'NONE',  ( -208.8999945398691409, 190.4999868472183664, 0.01450105778819103276 ) ) ;
#2125 = CARTESIAN_POINT ( 'NONE',  ( 209.7043445580704883, -190.3398319830177741, 1.619681354755585501 ) ) ;
#2126 = CARTESIAN_POINT ( 'NONE',  ( -80.96250000000004832, -190.5000000000000284, 14.89730811577569369 ) ) ;
#2127 = CARTESIAN_POINT ( 'NONE',  ( 209.3648913231243682, -183.9268386046599630, 8.890097787666725537 ) ) ;
#2128 = CARTESIAN_POINT ( 'NONE',  ( -76.93682124881088669, 68.21179091621281998, 42.17661346894659147 ) ) ;
#2129 = CARTESIAN_POINT ( 'NONE',  ( -8.317207794958477507, 41.99865942957760723, 48.25414163507159060 ) ) ;
#2130 = ORIENTED_EDGE ( 'NONE', *, *, #2402, .T. ) ;
#2131 = CARTESIAN_POINT ( 'NONE',  ( -206.4164858803772233, 179.0051227505550173, 11.44763726642512935 ) ) ;
#2132 = CARTESIAN_POINT ( 'NONE',  ( -215.7696276070410875, 183.4979560614962111, 1.385200139744914738 ) ) ;
#2133 = CARTESIAN_POINT ( 'NONE',  ( 193.3701553021837753, 173.3031883696592104, 16.14771205497643791 ) ) ;
#2134 = CARTESIAN_POINT ( 'NONE',  ( 215.8999999999999488, -190.5000000000000284, 70.00000000000000000 ) ) ;
#2135 = ORIENTED_EDGE ( 'NONE', *, *, #7650, .F. ) ;
#2136 = PLANE ( 'NONE',  #5595 ) ;
#2137 = DIRECTION ( 'NONE',  ( -0.000000000000000000, -0.000000000000000000, -1.000000000000000000 ) ) ;
#2138 = CARTESIAN_POINT ( 'NONE',  ( 201.3075981466833184, -178.1508702484840114, 13.47892023048111909 ) ) ;
#2139 = CARTESIAN_POINT ( 'NONE',  ( -210.0032770357809682, -192.2430109682037767, 0.000000000000000000 ) ) ;
#2140 = CARTESIAN_POINT ( 'NONE',  ( -196.1288575559671585, 172.5624861917294766, 16.10433431262407211 ) ) ;
#2141 = CARTESIAN_POINT ( 'NONE',  ( -208.7078974278556132, 189.9502518283369454, 2.947638431488867727 ) ) ;
#2142 = CARTESIAN_POINT ( 'NONE',  ( 211.0565428522121749, -189.4239936095258940, 3.203615592006515467 ) ) ;
#2143 = CARTESIAN_POINT ( 'NONE',  ( -215.8999999999999204, -200.5000000000000284, 85.00000000000000000 ) ) ;
#2144 = CARTESIAN_POINT ( 'NONE',  ( -215.8999999999999204, -200.5000000000000284, 85.00000000000000000 ) ) ;
#2145 = EDGE_LOOP ( 'NONE', ( #6881, #2367, #6344, #7584 ) ) ;
#2146 = CARTESIAN_POINT ( 'NONE',  ( -69.61485443874526879, -192.1711732991077497, 5.204170427930421283E-15 ) ) ;
#2147 = CARTESIAN_POINT ( 'NONE',  ( 209.8162978572970019, -190.4999999999999716, -0.02036510045189748180 ) ) ;
#2148 = CARTESIAN_POINT ( 'NONE',  ( 175.3304728913240922, -154.3508142714690621, 22.99940620349209652 ) ) ;
#2149 = CARTESIAN_POINT ( 'NONE',  ( -201.3501378207018888, 174.5312466629390258, 14.09436864953939939 ) ) ;
#2150 = ADVANCED_FACE ( 'NONE', ( #4635 ), #3792, .F. ) ;
#2151 = CARTESIAN_POINT ( 'NONE',  ( 6.685567583663278413, 34.36098771998123880, 58.00981347000265487 ) ) ;
#2152 = CARTESIAN_POINT ( 'NONE',  ( 34.76418594429527786, -4.188584829265820098, 58.56054985726891715 ) ) ;
#2153 = CARTESIAN_POINT ( 'NONE',  ( -214.4976678967873056, 187.8018270398243885, -0.04063248314221953178 ) ) ;
#2154 = CARTESIAN_POINT ( 'NONE',  ( 215.3662504555246358, -186.1786265031783500, 0.1185113504844177434 ) ) ;
#2155 = CARTESIAN_POINT ( 'NONE',  ( -210.8240108706162914, -186.0968140915875892, 8.580660997725971129 ) ) ;
#2156 = EDGE_CURVE ( 'NONE', #2933, #369, #6514, .T. ) ;
#2157 = CARTESIAN_POINT ( 'NONE',  ( 209.4429247194508719, -189.8237412944269522, 3.290580298405110682 ) ) ;
#2158 = CARTESIAN_POINT ( 'NONE',  ( -208.7932267790589833, 187.6285037389488650, 6.600703019196450860 ) ) ;
#2159 = CARTESIAN_POINT ( 'NONE',  ( -19.57598576444144101, -29.03889254021644106, 58.54906312528154189 ) ) ;
#2160 = CARTESIAN_POINT ( 'NONE',  ( -38.13379826548983687, 21.37131856474936242, 48.86374693790160961 ) ) ;
#2161 = CARTESIAN_POINT ( 'NONE',  ( -213.8489762873452094, 188.4495006586116688, 0.1063885756751124234 ) ) ;
#2162 = CARTESIAN_POINT ( 'NONE',  ( 212.8806749800659190, -188.9115761486767155, 2.234750728689692156 ) ) ;
#2163 = CARTESIAN_POINT ( 'NONE',  ( 116.9458333333333115, -190.5000000000000284, 0.000000000000000000 ) ) ;
#2164 = CARTESIAN_POINT ( 'NONE',  ( 210.3423364866675627, -183.2087681527541463, 8.557463240109933977 ) ) ;
#2165 = CARTESIAN_POINT ( 'NONE',  ( -54.68837185388700561, 47.79107738610856870, 45.71808777413613711 ) ) ;
#2166 = ORIENTED_EDGE ( 'NONE', *, *, #6444, .F. ) ;
#2167 = CARTESIAN_POINT ( 'NONE',  ( -203.4056579236810762, 183.1152708275377279, 10.67742118728995493 ) ) ;
#2168 = CARTESIAN_POINT ( 'NONE',  ( -215.6484107771958634, 184.3904474995801195, 1.914563726538371924 ) ) ;
#2169 = CARTESIAN_POINT ( 'NONE',  ( -26.13270087336512404, -23.28365651251631618, 58.93389587599063617 ) ) ;
#2170 = CARTESIAN_POINT ( 'NONE',  ( 213.2590578411333979, 189.2145653801617584, 0.000000000000000000 ) ) ;
#2171 = CARTESIAN_POINT ( 'NONE',  ( 35.49126710344080493, -31.52588273274766095, 48.58731961727797710 ) ) ;
#2172 = VERTEX_POINT ( 'NONE', #879 ) ;
#2173 = CARTESIAN_POINT ( 'NONE',  ( 208.8445242821260024, -192.2983899566820867, 0.000000000000000000 ) ) ;
#2174 = CARTESIAN_POINT ( 'NONE',  ( -215.7293584012460599, 183.4967789680677015, 1.574680594478692131 ) ) ;
#2175 = CARTESIAN_POINT ( 'NONE',  ( 200.6871330702201135, -174.9770232149332969, 14.36376976824569063 ) ) ;
#2176 = CARTESIAN_POINT ( 'NONE',  ( -214.3122563283262139, -187.6713303721558930, 1.573777957615285272 ) ) ;
#2177 = CARTESIAN_POINT ( 'NONE',  ( -195.2985873407755264, 169.6055506443806564, 16.68755898250972436 ) ) ;
#2178 = CARTESIAN_POINT ( 'NONE',  ( -208.7636738674870287, 190.0960811646303625, 2.528408286030887631 ) ) ;
#2179 = CARTESIAN_POINT ( 'NONE',  ( 26.41788384992431205, -22.95855859787171838, 58.93158553443242909 ) ) ;
#2180 = AXIS2_PLACEMENT_3D ( 'NONE', #1793, #2851, #1722 ) ;
#2181 = DIRECTION ( 'NONE',  ( 0.000000000000000000, 1.000000000000000000, 0.000000000000000000 ) ) ;
#2182 = DIRECTION ( 'NONE',  ( 1.000000000000000000, -0.000000000000000000, -0.000000000000000000 ) ) ;
#2183 = ORIENTED_EDGE ( 'NONE', *, *, #7466, .F. ) ;
#2184 = DIRECTION ( 'NONE',  ( 1.000000000000000000, -8.326672684688666165E-15, 0.000000000000000000 ) ) ;
#2185 = CARTESIAN_POINT ( 'NONE',  ( 210.7322351905148707, -190.3178087366781881, -0.1014346312125887634 ) ) ;
#2186 = CARTESIAN_POINT ( 'NONE',  ( 171.3929521993384526, -151.2194096062570736, 23.99711606522621210 ) ) ;
#2187 = CARTESIAN_POINT ( 'NONE',  ( -187.0990296943999454, 162.7218057862869216, 19.59945949943893950 ) ) ;
#2188 = VERTEX_POINT ( 'NONE', #5572 ) ;
#2189 = CYLINDRICAL_SURFACE ( 'NONE', #3510, 35.00000000000000711 ) ;
#2190 = CARTESIAN_POINT ( 'NONE',  ( 34.95220419285853097, -2.106250056905783374, 58.54892052048236195 ) ) ;
#2191 = CARTESIAN_POINT ( 'NONE',  ( -215.0165047184799221, 187.0253328625963150, -0.1825041619736932907 ) ) ;
#2192 = CARTESIAN_POINT ( 'NONE',  ( 208.2062714668958279, 183.7481709774269234, 10.40536088673587223 ) ) ;
#2193 = AXIS2_PLACEMENT_3D ( 'NONE', #5688, #5216, #5761 ) ;
#2194 = CARTESIAN_POINT ( 'NONE',  ( 209.8162266784080145, -190.4999378653120061, 0.03341577425140328933 ) ) ;
#2195 = CARTESIAN_POINT ( 'NONE',  ( 107.4963966649487048, -94.43008232146354430, 37.23383961559616040 ) ) ;
#2196 = CARTESIAN_POINT ( 'NONE',  ( -208.8999947042975123, -190.4999872379269732, 0.01450995408389123276 ) ) ;
#2197 = CARTESIAN_POINT ( 'NONE',  ( 139.2296910392824429, 192.2351553089008860, 3.903127820947816751E-15 ) ) ;
#2198 = CARTESIAN_POINT ( 'NONE',  ( 210.1041810386963959, -189.4445637433013303, 3.845596879064651308 ) ) ;
#2199 = EDGE_CURVE ( 'NONE', #6983, #4688, #3117, .T. ) ;
#2200 = CARTESIAN_POINT ( 'NONE',  ( -211.9146278949695557, 186.9494827491094497, 5.724975297354010451 ) ) ;
#2201 = CARTESIAN_POINT ( 'NONE',  ( -34.99987816497572624, 1.063010705441262971, 50.00062688143468392 ) ) ;
#2202 = CARTESIAN_POINT ( 'NONE',  ( -209.8162958169426133, 190.4999982049130551, 0.005814285281559838578 ) ) ;
#2203 = CARTESIAN_POINT ( 'NONE',  ( 215.1613569121348917, -186.1328716061692035, 1.732819253614426680 ) ) ;
#2204 = DIRECTION ( 'NONE',  ( 0.000000000000000000, 0.000000000000000000, -1.000000000000000000 ) ) ;
#2205 = CARTESIAN_POINT ( 'NONE',  ( 211.0809984927652465, -186.2129920213287733, 6.796028233189376877 ) ) ;
#2206 = CARTESIAN_POINT ( 'NONE',  ( -84.29496760254451715, 75.08086830205685658, 40.95139242130193225 ) ) ;
#2207 = EDGE_LOOP ( 'NONE', ( #6953, #5817, #1740, #3895 ) ) ;
#2208 = CARTESIAN_POINT ( 'NONE',  ( -206.8511548167197134, 186.1979263051706539, 8.194169779424491651 ) ) ;
#2209 = EDGE_CURVE ( 'NONE', #6034, #413, #2649, .T. ) ;
#2210 = CARTESIAN_POINT ( 'NONE',  ( -209.7635453488294388, 190.4394023073949427, 1.009236362141464394 ) ) ;
#2211 = CARTESIAN_POINT ( 'NONE',  ( 197.7730273387461182, 177.4926374796382333, 14.08609020432478154 ) ) ;
#2212 = CARTESIAN_POINT ( 'NONE',  ( 214.7262805542843012, 187.6903445603808507, -8.748614880762977229E-13 ) ) ;
#2213 = CARTESIAN_POINT ( 'NONE',  ( 47.00678018093425692, -41.28748643321672063, 46.87403718883085446 ) ) ;
#2214 = FACE_OUTER_BOUND ( 'NONE', #5078, .T. ) ;
#2215 = DIRECTION ( 'NONE',  ( -0.000000000000000000, -0.000000000000000000, -1.000000000000000000 ) ) ;
#2216 = CARTESIAN_POINT ( 'NONE',  ( 205.0839530355492855, -179.7012091276179433, 11.95013666169712963 ) ) ;
#2217 = CARTESIAN_POINT ( 'NONE',  ( -215.1197287729828815, -187.1039270180447147, -3.624053467244067485E-12 ) ) ;
#2218 = CARTESIAN_POINT ( 'NONE',  ( -194.0008871699543533, 171.1591551252694501, 16.86473728388651594 ) ) ;
#2219 = CARTESIAN_POINT ( 'NONE',  ( -91.41179233186842623, 109.4502229970679110, 34.14623512106970793 ) ) ;
#2220 = CARTESIAN_POINT ( 'NONE',  ( -210.1041810386965096, 189.4445637433013871, 3.845596879064620222 ) ) ;
#2221 = CARTESIAN_POINT ( 'NONE',  ( 26.27603838358755439, -23.12177690438466016, 58.93602718363797521 ) ) ;
#2222 = AXIS2_PLACEMENT_3D ( 'NONE', #1365, #3101, #652 ) ;
#2223 = LINE ( 'NONE', #4647, #6898 ) ;
#2224 = CARTESIAN_POINT ( 'NONE',  ( 215.1058952054730753, -187.1047108874608682, -1.522155223678407839E-12 ) ) ;
#2225 = EDGE_LOOP ( 'NONE', ( #2997, #277, #719, #5968, #6652, #2307, #5551, #334 ) ) ;
#2226 = DIRECTION ( 'NONE',  ( 0.000000000000000000, 0.000000000000000000, 1.000000000000000000 ) ) ;
#2227 = CARTESIAN_POINT ( 'NONE',  ( 215.8999999999999488, -184.4162978572970246, -0.1014346312125887634 ) ) ;
#2228 = CARTESIAN_POINT ( 'NONE',  ( 185.8586797455433555, -165.1613997216673226, 19.45717446756290059 ) ) ;
#2229 = CARTESIAN_POINT ( 'NONE',  ( -33.01262735031749429, 28.90003036334078246, 48.99633025722246060 ) ) ;
#2230 = AXIS2_PLACEMENT_3D ( 'NONE', #328, #3927, #6323 ) ;
#2231 = EDGE_LOOP ( 'NONE', ( #1658, #7494, #4594, #1641 ) ) ;
#2232 = CARTESIAN_POINT ( 'NONE',  ( 12.22846795542966269, 32.88657680608343981, 50.02092376997082823 ) ) ;
#2233 = CARTESIAN_POINT ( 'NONE',  ( -217.6836110407055287, 183.4969353407484789, 0.000000000000000000 ) ) ;
#2234 = CARTESIAN_POINT ( 'NONE',  ( -215.9000000000000341, 183.5000000000000000, -0.3446432234953641371 ) ) ;
#2235 = CARTESIAN_POINT ( 'NONE',  ( 204.7099892891561979, 184.5104477146441866, 9.636367273190812099 ) ) ;
#2236 = VECTOR ( 'NONE', #2042, 1000.000000000000000 ) ;
#2237 = CARTESIAN_POINT ( 'NONE',  ( 215.8994763942391728, -184.4162611816323931, 0.08762032369176271651 ) ) ;
#2238 = CARTESIAN_POINT ( 'NONE',  ( 92.74949042015970235, -80.71286493491604119, 39.74797282166315426 ) ) ;
#2239 = CARTESIAN_POINT ( 'NONE',  ( -215.8997484078434184, -183.4999972113907063, 0.06239944474430104970 ) ) ;
#2240 = CARTESIAN_POINT ( 'NONE',  ( 213.6670024859286343, -186.3298191864632827, 4.580209782759888881 ) ) ;
#2241 = AXIS2_PLACEMENT_3D ( 'NONE', #2271, #6487, #1090 ) ;
#2242 = CARTESIAN_POINT ( 'NONE',  ( -209.1490570352264911, 188.0827794482034676, 6.036591461155370375 ) ) ;
#2243 = CARTESIAN_POINT ( 'NONE',  ( -34.95220419285891467, 2.106250056901769252, 58.54892052048702311 ) ) ;
#2244 = CARTESIAN_POINT ( 'NONE',  ( -212.4253015354494494, 189.6164907560856250, 0.02104539912693034753 ) ) ;
#2245 = CARTESIAN_POINT ( 'NONE',  ( 215.6750586252437927, -184.3942264866464598, 1.812342890174186927 ) ) ;
#2246 = CARTESIAN_POINT ( 'NONE',  ( -92.74941342190149385, -80.71279788167453262, 39.74798539380795859 ) ) ;
#2247 = CARTESIAN_POINT ( 'NONE',  ( 212.6457787124965648, -183.2286191469815435, 6.788099857145866167 ) ) ;
#2248 = CARTESIAN_POINT ( 'NONE',  ( -54.80243177292827284, 47.65979386247396121, 45.71118959058212994 ) ) ;
#2249 = VERTEX_POINT ( 'NONE', #838 ) ;
#2250 = CARTESIAN_POINT ( 'NONE',  ( -205.9744429197040176, 185.2020824156448384, 9.086716947283068890 ) ) ;
#2251 = EDGE_CURVE ( 'NONE', #4672, #3473, #5653, .T. ) ;
#2252 = CARTESIAN_POINT ( 'NONE',  ( -209.8088821033269937, 190.4935666085711716, 0.3324438900996755653 ) ) ;
#2253 = CARTESIAN_POINT ( 'NONE',  ( 91.63262790993276496, 81.96960162457112631, 39.68101343489428245 ) ) ;
#2254 = CARTESIAN_POINT ( 'NONE',  ( 210.0032770357388756, 192.2430109678352892, -0.000000000000000000 ) ) ;
#2255 = CARTESIAN_POINT ( 'NONE',  ( 31.85434157462083249, -28.04171700863437877, 49.15990708805760079 ) ) ;
#2256 = CARTESIAN_POINT ( 'NONE',  ( -215.5069751644174403, 185.2860619256935024, 1.572928128597571584 ) ) ;
#2257 = CARTESIAN_POINT ( 'NONE',  ( 205.1265332556871783, -177.4862031897274051, 12.19171518418159650 ) ) ;
#2258 = CARTESIAN_POINT ( 'NONE',  ( -215.6943684133122190, -185.8118372515065460, 6.505213034913025815E-15 ) ) ;
#2259 = ORIENTED_EDGE ( 'NONE', *, *, #1103, .T. ) ;
#2260 = CARTESIAN_POINT ( 'NONE',  ( -195.6520607231870201, 173.0875751075887763, 16.06690378462079138 ) ) ;
#2261 = CARTESIAN_POINT ( 'NONE',  ( -4.351359444829492773, -34.73420301914442376, 50.00415228958065939 ) ) ;
#2262 = FACE_OUTER_BOUND ( 'NONE', #6026, .T. ) ;
#2263 = CARTESIAN_POINT ( 'NONE',  ( -214.2748092083120071, 186.7039387154141821, 3.369397164876138273 ) ) ;
#2264 = PLANE ( 'NONE',  #7264 ) ;
#2265 = CARTESIAN_POINT ( 'NONE',  ( 40.31593350892155314, -16.61080639363717282, 48.79169790031401277 ) ) ;
#2266 = FACE_OUTER_BOUND ( 'NONE', #153, .T. ) ;
#2267 = ORIENTED_EDGE ( 'NONE', *, *, #861, .F. ) ;
#2268 = CARTESIAN_POINT ( 'NONE',  ( 208.9000000000000341, 190.5000000000000284, -0.05044827241376433069 ) ) ;
#2269 = CARTESIAN_POINT ( 'NONE',  ( 212.4253328625962354, -189.6165047184798027, -0.06089986583223843536 ) ) ;
#2270 = CARTESIAN_POINT ( 'NONE',  ( 188.1418101475461810, -166.4008520939299274, 18.91028338316052171 ) ) ;
#2271 = CARTESIAN_POINT ( 'NONE',  ( -225.8999999999999204, 150.0000000000000000, 50.00000000000000000 ) ) ;
#2272 = CARTESIAN_POINT ( 'NONE',  ( -157.0333672790143851, 137.1081196676612421, 27.63233405583700630 ) ) ;
#2273 = CARTESIAN_POINT ( 'NONE',  ( 16.67205713386974253, 30.78161819828180157, 50.02563566673340745 ) ) ;
#2274 = CARTESIAN_POINT ( 'NONE',  ( 215.7293584012457188, 183.4967789686988908, 1.574680594478582440 ) ) ;
#2275 = CARTESIAN_POINT ( 'NONE',  ( -213.2018270398244226, 189.0976678967872715, -0.4257127542561995881 ) ) ;
#2276 = CARTESIAN_POINT ( 'NONE',  ( 210.8240108706134777, 186.0968140915709625, 8.580660997732675099 ) ) ;
#2277 = CARTESIAN_POINT ( 'NONE',  ( 214.4968180896223089, -187.8015944778526318, 0.1131757481920779296 ) ) ;
#2278 = CARTESIAN_POINT ( 'NONE',  ( 122.0357187521013032, -108.3622477802771158, 34.48524290137287807 ) ) ;
#2279 = CARTESIAN_POINT ( 'NONE',  ( -215.8990630883651534, -183.4999898038037145, 0.1207173164312389385 ) ) ;
#2280 = CARTESIAN_POINT ( 'NONE',  ( -34.80808383272303530, 190.7324130677469896, -6.790940709864337035E-11 ) ) ;
#2281 = CARTESIAN_POINT ( 'NONE',  ( 214.7882828182094670, -183.3728392783714867, 3.999856285263760913 ) ) ;
#2282 = VERTEX_POINT ( 'NONE', #951 ) ;
#2283 = CARTESIAN_POINT ( 'NONE',  ( -210.0978472588736565, 188.1852971245838546, 5.568922635356940098 ) ) ;
#2284 = CARTESIAN_POINT ( 'NONE',  ( 202.2962695642674475, 175.2837275849322509, 13.64472878177163651 ) ) ;
#2285 = CARTESIAN_POINT ( 'NONE',  ( -213.2018136608649286, 189.0976627943661015, 0.01377395100494540649 ) ) ;
#2286 = CARTESIAN_POINT ( 'NONE',  ( 212.2888145294528215, -189.5405542473200455, 1.401154529960188189 ) ) ;
#2287 = CARTESIAN_POINT ( 'NONE',  ( -69.56091968922677893, -61.37895880876668997, 43.41845755894775749 ) ) ;
#2288 = CARTESIAN_POINT ( 'NONE',  ( 210.7668393689675952, -185.0812740276866180, 7.660480850053849267 ) ) ;
#2289 = CARTESIAN_POINT ( 'NONE',  ( -106.9759055994056638, 95.01264132592692135, 37.18974522890972167 ) ) ;
#2290 = EDGE_LOOP ( 'NONE', ( #3534, #2951, #1467, #1489 ) ) ;
#2291 = CARTESIAN_POINT ( 'NONE',  ( 7.560844771109487716, -42.12593028766531944, 48.24351268767484413 ) ) ;
#2292 = CARTESIAN_POINT ( 'NONE',  ( -208.2151713956309607, 179.7569102247060755, 10.33560849134082815 ) ) ;
#2293 = CARTESIAN_POINT ( 'NONE',  ( -213.1564150616128188, 189.0803039366252563, 0.8034785956521626193 ) ) ;
#2294 = FACE_OUTER_BOUND ( 'NONE', #2322, .T. ) ;
#2295 = CARTESIAN_POINT ( 'NONE',  ( 40.33923043168002920, -36.03024559849708197, 47.82660553709848017 ) ) ;
#2296 = CARTESIAN_POINT ( 'NONE',  ( 46.62984124259492802, -41.71396092861625959, 46.85094385797047778 ) ) ;
#2297 = CARTESIAN_POINT ( 'NONE',  ( -215.8999999999999204, -190.5000000000000284, 85.00000000000000000 ) ) ;
#2298 = CARTESIAN_POINT ( 'NONE',  ( 204.4760678685343294, -180.3917743406452985, 11.94000100341469839 ) ) ;
#2299 = CARTESIAN_POINT ( 'NONE',  ( -212.7560416980416846, -191.4006256880076080, 0.000000000000000000 ) ) ;
#2300 = CARTESIAN_POINT ( 'NONE',  ( -197.1461569735151329, 176.8920594116594316, 14.39245866155562048 ) ) ;
#2301 = EDGE_CURVE ( 'NONE', #3392, #2513, #916, .T. ) ;
#2302 = CARTESIAN_POINT ( 'NONE',  ( 66.25624233614325931, 111.0081597814495069, 33.09579546016317408 ) ) ;
#2303 = CARTESIAN_POINT ( 'NONE',  ( -214.4643593503206489, 185.8398890772986078, 3.688292624984690349 ) ) ;
#2304 = CARTESIAN_POINT ( 'NONE',  ( 32.86089634026752293, -29.07146713040354058, 48.99739629609626945 ) ) ;
#2305 = CARTESIAN_POINT ( 'NONE',  ( 36.86890639355046773, 23.57952414813679098, 48.90075348777493502 ) ) ;
#2306 = LINE ( 'NONE', #3407, #1847 ) ;
#2307 = ORIENTED_EDGE ( 'NONE', *, *, #4629, .T. ) ;
#2308 = CARTESIAN_POINT ( 'NONE',  ( 34.80743159247109730, -192.1448330180865582, -3.903127820947815962E-15 ) ) ;
#2309 = CARTESIAN_POINT ( 'NONE',  ( 214.4976678967872488, -187.8018270398243601, -0.02036510045189748180 ) ) ;
#2310 = CARTESIAN_POINT ( 'NONE',  ( 183.7931906842217984, -163.6894289838837153, 20.01429794601065026 ) ) ;
#2311 = CARTESIAN_POINT ( 'NONE',  ( -94.92157134161590193, 82.61056135902445874, 39.39155621209345526 ) ) ;
#2312 = CARTESIAN_POINT ( 'NONE',  ( -160.6791718485378908, 140.5786776076814988, 26.79351513424260745 ) ) ;
#2313 = CARTESIAN_POINT ( 'NONE',  ( -14.76539345945266213, 31.73883959916980757, 58.30219010004771718 ) ) ;
#2314 = CARTESIAN_POINT ( 'NONE',  ( -213.2650761403516526, 191.1465853415006961, 0.000000000000000000 ) ) ;
#2315 = CARTESIAN_POINT ( 'NONE',  ( -215.0165047184798368, 187.0253328625962865, -0.7499908772995507178 ) ) ;
#2316 = CARTESIAN_POINT ( 'NONE',  ( 208.8676001224841343, 190.4061461666888704, 1.228242460426845373 ) ) ;
#2317 = CARTESIAN_POINT ( 'NONE',  ( 213.2011344850679109, -189.0974068393706204, 0.09960140316082324863 ) ) ;
#2318 = CARTESIAN_POINT ( 'NONE',  ( 129.2018398296594910, -115.4296551141994485, 33.01045530114743798 ) ) ;
#2319 = CARTESIAN_POINT ( 'NONE',  ( -208.8850298192888033, -190.4598219073287169, 0.8037094981206671651 ) ) ;
#2320 = FACE_OUTER_BOUND ( 'NONE', #5220, .T. ) ;
#2321 = AXIS2_PLACEMENT_3D ( 'NONE', #1165, #1759, #5418 ) ;
#2322 = EDGE_LOOP ( 'NONE', ( #393, #2817, #7114, #7439 ) ) ;
#2323 = CARTESIAN_POINT ( 'NONE',  ( 207.0143674764358650, 178.8967516821614083, 11.10144348235352751 ) ) ;
#2324 = CARTESIAN_POINT ( 'NONE',  ( -215.3671080876218866, 186.1787754757365576, 0.02758461271165461859 ) ) ;
#2325 = CARTESIAN_POINT ( 'NONE',  ( 215.6955190000478524, -183.4956663791209621, 1.726580420007654881 ) ) ;
#2326 = CARTESIAN_POINT ( 'NONE',  ( -47.19388071929490991, -41.07275212607859061, 46.86813133223542849 ) ) ;
#2327 = CARTESIAN_POINT ( 'NONE',  ( 208.4423355419548898, -187.1963174796676981, 7.100695924800729308 ) ) ;
#2328 = CARTESIAN_POINT ( 'NONE',  ( -114.9445821933489924, 101.2001258310545495, 35.91937262130779374 ) ) ;
#2329 = ORIENTED_EDGE ( 'NONE', *, *, #4427, .T. ) ;
#2330 = CARTESIAN_POINT ( 'NONE',  ( -207.2519733845843746, 185.0317688979230581, 9.019892543080370473 ) ) ;
#2331 = CARTESIAN_POINT ( 'NONE',  ( -215.5991420646437575, 185.3153712124535559, 1.314917790514151363 ) ) ;
#2332 = CARTESIAN_POINT ( 'NONE',  ( 217.3833151468642484, -185.7931259140454472, -0.000000000000000000 ) ) ;
#2333 = CARTESIAN_POINT ( 'NONE',  ( -41.66168690183393863, 12.90317383625897740, 48.74276895606890747 ) ) ;
#2334 = CARTESIAN_POINT ( 'NONE',  ( 35.43937404294920412, -31.58485863395361193, 48.58457753762426279 ) ) ;
#2335 = FACE_OUTER_BOUND ( 'NONE', #1114, .T. ) ;
#2336 = CARTESIAN_POINT ( 'NONE',  ( 206.3704124675860214, -180.1526989653897886, 11.31066406905866728 ) ) ;
#2337 = CARTESIAN_POINT ( 'NONE',  ( -210.8582336650628690, -192.0746376574902854, 0.000000000000000000 ) ) ;
#2338 = CARTESIAN_POINT ( 'NONE',  ( -4.864871220165196242, -34.66571876936341567, 57.97197168515245380 ) ) ;
#2339 = CARTESIAN_POINT ( 'NONE',  ( -25.60798536298742079, 112.5480374337882239, 31.96278130598213707 ) ) ;
#2340 = CARTESIAN_POINT ( 'NONE',  ( -212.0406868581946753, 189.3256888892481697, 2.557069890717339256 ) ) ;
#2341 = CARTESIAN_POINT ( 'NONE',  ( 215.8999999999999204, 198.5000000000000568, 2.000000000000000000 ) ) ;
#2342 = DIRECTION ( 'NONE',  ( -1.000000000000000000, 0.000000000000000000, 0.000000000000000000 ) ) ;
#2343 = CARTESIAN_POINT ( 'NONE',  ( -216.4992273488416288, 187.9135583667798244, 0.000000000000000000 ) ) ;
#2344 = CARTESIAN_POINT ( 'NONE',  ( 209.8162978572969450, -190.4999999999999716, -0.7499908772981371818 ) ) ;
#2345 = CARTESIAN_POINT ( 'NONE',  ( 23.26238686450327009, -36.62198199752712213, 48.63404902273769892 ) ) ;
#2346 = CARTESIAN_POINT ( 'NONE',  ( 189.3682637928017130, -168.7478639293694869, 18.08347034526052255 ) ) ;
#2347 = CARTESIAN_POINT ( 'NONE',  ( -197.7730272585270939, 177.4926374990979241, 14.08609013759346595 ) ) ;
#2348 = CARTESIAN_POINT ( 'NONE',  ( -155.7395901612983948, 138.5590602251976975, 27.56654326877783134 ) ) ;
#2349 = CARTESIAN_POINT ( 'NONE',  ( -4.247038762271827750, 34.74672831053921129, 57.96176839531818814 ) ) ;
#2350 = CARTESIAN_POINT ( 'NONE',  ( 26.32429621422937771, 23.06624773174130638, 50.00097781202111946 ) ) ;
#2351 = CARTESIAN_POINT ( 'NONE',  ( -208.9000000000000909, 190.5000000000000284, -0.2635736927345287417 ) ) ;
#2352 = CARTESIAN_POINT ( 'NONE',  ( 214.4652304834213510, 189.4326678567240663, 4.775875273563547907 ) ) ;
#2353 = CARTESIAN_POINT ( 'NONE',  ( 211.5787595308741231, -189.9671441347494465, 0.01841251284526394111 ) ) ;
#2354 = CARTESIAN_POINT ( 'NONE',  ( 148.5078846721049501, -131.5750975294450882, 29.30228318645261609 ) ) ;
#2355 = CARTESIAN_POINT ( 'NONE',  ( -215.8999437036395648, -190.4999744808493176, 0.02992559558096798134 ) ) ;
#2356 = CARTESIAN_POINT ( 'NONE',  ( -121.0721624688891325, -106.8283786490197969, 35.74265220146897093 ) ) ;
#2357 = CIRCLE ( 'NONE', #5629, 2.000000000000003553 ) ;
#2358 = ORIENTED_EDGE ( 'NONE', *, *, #3753, .T. ) ;
#2359 = EDGE_CURVE ( 'NONE', #3182, #2771, #5217, .T. ) ;
#2360 = CARTESIAN_POINT ( 'NONE',  ( 212.0529612825529853, 182.2256708827007685, 7.374694000196451604 ) ) ;
#2361 = CARTESIAN_POINT ( 'NONE',  ( -215.7176820893974423, 185.3322191589024612, 0.04304190444323449660 ) ) ;
#2362 = CARTESIAN_POINT ( 'NONE',  ( 215.7949770231167292, -183.4984848359959813, 1.236464630172123158 ) ) ;
#2363 = CARTESIAN_POINT ( 'NONE',  ( -31.72540531255967622, -28.18906118204603217, 49.15708386490735649 ) ) ;
#2364 = CARTESIAN_POINT ( 'NONE',  ( 213.7119999542002518, -183.0228345745387912, 5.579099963401071172 ) ) ;
#2365 = CARTESIAN_POINT ( 'NONE',  ( -107.1847358426002330, 94.78112079817185531, 37.21878916515630920 ) ) ;
#2366 = AXIS2_PLACEMENT_3D ( 'NONE', #1950, #1360, #212 ) ;
#2367 = ORIENTED_EDGE ( 'NONE', *, *, #3567, .T. ) ;
#2368 = CARTESIAN_POINT ( 'NONE',  ( -207.7876052260522499, 182.6063400239352745, 10.07419172735681379 ) ) ;
#2369 = CARTESIAN_POINT ( 'NONE',  ( -213.8364823652377424, 188.4455820516706979, 0.4394085020729903701 ) ) ;
#2370 = CIRCLE ( 'NONE', #6149, 10.00000000000000888 ) ;
#2371 = CARTESIAN_POINT ( 'NONE',  ( 39.16498828963626977, 34.96622865182557405, 48.00835495728627222 ) ) ;
#2372 = CARTESIAN_POINT ( 'NONE',  ( 116.4363594867540712, -104.0575981209227052, 35.39429357709187940 ) ) ;
#2373 = CARTESIAN_POINT ( 'NONE',  ( 62.34073641816853950, -54.32822300542891725, 44.55650110908510442 ) ) ;
#2374 = CARTESIAN_POINT ( 'NONE',  ( -209.7479808598151010, -190.2972267114102181, 1.593355679429021343 ) ) ;
#2375 = CARTESIAN_POINT ( 'NONE',  ( 204.9612655889285122, -180.8192253856329330, 11.65758281811120156 ) ) ;
#2376 = CARTESIAN_POINT ( 'NONE',  ( -32.93755291272873365, 28.98645775336876795, 48.99815613044175677 ) ) ;
#2377 = B_SPLINE_CURVE_WITH_KNOTS ( 'NONE', 3,
 ( #507, #2910, #5324, #7722 ),
 .UNSPECIFIED., .F., .F.,
 ( 4, 4 ),
 ( 3.469446951953614189E-18, 0.0003434099066419917662 ),
 .UNSPECIFIED. ) ;
#2378 = CARTESIAN_POINT ( 'NONE',  ( -8.351521835850086006, -41.99258812598264257, 48.25464495125009279 ) ) ;
#2379 = CARTESIAN_POINT ( 'NONE',  ( -116.9458333333334537, 190.5000000000001137, 16.19159260670817702 ) ) ;
#2380 = CARTESIAN_POINT ( 'NONE',  ( -209.6446946750140512, 190.2253661466857579, 2.121237910401485571 ) ) ;
#2381 = CARTESIAN_POINT ( 'NONE',  ( 34.66406188981250125, 26.84483455794809714, 48.95850016874128130 ) ) ;
#2382 = CARTESIAN_POINT ( 'NONE',  ( 215.1172184268553735, -186.3344395875683119, 1.572877911698882913 ) ) ;
#2383 = CARTESIAN_POINT ( 'NONE',  ( -210.0000360322604251, 192.2430111814466045, 0.000000000000000000 ) ) ;
#2384 = CARTESIAN_POINT ( 'NONE',  ( 213.2018270398243374, -189.0976678967872147, -0.3446432234946718021 ) ) ;
#2385 = CARTESIAN_POINT ( 'NONE',  ( 28.33295658648075843, -33.30604450936169769, 48.81697621693795952 ) ) ;
#2386 = CARTESIAN_POINT ( 'NONE',  ( 185.2472123880713468, -165.7773556950357090, 19.24762987497254230 ) ) ;
#2387 = DIRECTION ( 'NONE',  ( -0.000000000000000000, -0.000000000000000000, -1.000000000000000000 ) ) ;
#2388 = CARTESIAN_POINT ( 'NONE',  ( -184.1883648168650325, 163.2767326272527839, 20.11351906405817758 ) ) ;
#2389 = CARTESIAN_POINT ( 'NONE',  ( 2.426066364319348523, -34.93714453321225477, 57.93768809425893096 ) ) ;
#2390 = CARTESIAN_POINT ( 'NONE',  ( -15.01431548107732361, 31.62316204012700283, 50.02450542708483283 ) ) ;
#2391 = CARTESIAN_POINT ( 'NONE',  ( 27.10775060354443866, 22.16474483571042953, 58.90998353177179325 ) ) ;
#2392 = CARTESIAN_POINT ( 'NONE',  ( -33.41304621532667340, 30.14246742740953167, 58.92519609199869279 ) ) ;
#2393 = CARTESIAN_POINT ( 'NONE',  ( 208.8989119004268957, 190.4974241848513259, 0.2070088317760978847 ) ) ;
#2394 = CARTESIAN_POINT ( 'NONE',  ( 210.7322288389615608, -190.3178046950893076, 0.009360363926835793894 ) ) ;
#2395 = CARTESIAN_POINT ( 'NONE',  ( 129.6851251237264648, -114.9045524827892137, 33.11954610874950333 ) ) ;
#2396 = CARTESIAN_POINT ( 'NONE',  ( -208.8999999999998352, -190.4999999999999432, -0.01244699024032773493 ) ) ;
#2397 = CARTESIAN_POINT ( 'NONE',  ( -225.8999999999999204, -200.5000000000000284, 70.00000000000000000 ) ) ;
#2398 = ORIENTED_EDGE ( 'NONE', *, *, #4290, .T. ) ;
#2399 = VERTEX_POINT ( 'NONE', #320 ) ;
#2400 = CARTESIAN_POINT ( 'NONE',  ( 94.92157122561644655, 82.61056146967791847, 39.39155622701002812 ) ) ;
#2401 = CARTESIAN_POINT ( 'NONE',  ( -212.4253293557624147, 189.6165031520763762, 0.006780656937809425092 ) ) ;
#2402 = EDGE_CURVE ( 'NONE', #7362, #4750, #6257, .T. ) ;
#2403 = CARTESIAN_POINT ( 'NONE',  ( 214.4634221974828847, -187.7924665658180459, 0.6931405761380056152 ) ) ;
#2404 = CARTESIAN_POINT ( 'NONE',  ( -61.59935453402385974, -55.16563775159482930, 44.51552103974823638 ) ) ;
#2405 = CARTESIAN_POINT ( 'NONE',  ( 213.1514883485379528, -183.4931599948763790, 6.249229045333821730 ) ) ;
#2406 = CARTESIAN_POINT ( 'NONE',  ( -114.2876511402887019, 101.9281678164812348, 35.83005035273677663 ) ) ;
#2407 = ORIENTED_EDGE ( 'NONE', *, *, #4387, .F. ) ;
#2408 = CARTESIAN_POINT ( 'NONE',  ( -208.6881228761112084, 186.5536561769414732, 7.566446893235954541 ) ) ;
#2409 = CARTESIAN_POINT ( 'NONE',  ( -212.4018481734552211, 189.6061519351226252, 0.5523881498433856896 ) ) ;
#2410 = CARTESIAN_POINT ( 'NONE',  ( 26.13271786849673362, 23.28363767334479917, 58.93389689722047109 ) ) ;
#2411 = CARTESIAN_POINT ( 'NONE',  ( -41.59630552540854609, -12.87109096220611804, 48.74433581336789700 ) ) ;
#2412 = CARTESIAN_POINT ( 'NONE',  ( 50.36914609222081651, -45.08012619885441552, 46.26960720655918635 ) ) ;
#2413 = PRODUCT_CONTEXT ( 'NONE', #2481, 'mechanical' ) ;
#2414 = CARTESIAN_POINT ( 'NONE',  ( 205.7389349591955181, -182.8326297858657199, 10.62856393782481312 ) ) ;
#2415 = CARTESIAN_POINT ( 'NONE',  ( -217.6835644251394513, -184.0795089230222743, -0.000000000000000000 ) ) ;
#2416 = ORIENTED_EDGE ( 'NONE', *, *, #6687, .T. ) ;
#2417 = CARTESIAN_POINT ( 'NONE',  ( -201.9588975028148070, 179.3065678064105271, 12.93599104562391311 ) ) ;
#2418 = CARTESIAN_POINT ( 'NONE',  ( -213.2713797199807289, 188.1128199923675766, 3.048666701096950593 ) ) ;
#2419 = CARTESIAN_POINT ( 'NONE',  ( -217.6933995717870687, -61.16564530790698484, 1.734723475976807094E-15 ) ) ;
#2420 = CARTESIAN_POINT ( 'NONE',  ( 217.6836110407054434, -183.4969353407483936, 0.000000000000000000 ) ) ;
#2421 = ORIENTED_EDGE ( 'NONE', *, *, #2209, .F. ) ;
#2422 = CARTESIAN_POINT ( 'NONE',  ( -211.2719934841028362, 189.9109157350088708, 1.583362535240284474 ) ) ;
#2423 = CARTESIAN_POINT ( 'NONE',  ( 215.7178087366781654, -185.3322351905149503, -0.1825041619732894471 ) ) ;
#2424 = CARTESIAN_POINT ( 'NONE',  ( 194.6696008587296944, -170.3909073539164467, 16.84690042783594421 ) ) ;
#2425 = CARTESIAN_POINT ( 'NONE',  ( -204.7730853499479622, 184.5813364950674895, 9.577132599583901396 ) ) ;
#2426 = CARTESIAN_POINT ( 'NONE',  ( -175.6676244869989603, 153.9634135667824637, 22.98385289077759808 ) ) ;
#2427 = CARTESIAN_POINT ( 'NONE',  ( -212.0580665036031860, 186.1184093574003384, 6.247966821419218775 ) ) ;
#2428 = CARTESIAN_POINT ( 'NONE',  ( -7.578497316934980077, 42.12314224969435372, 48.24374615610413741 ) ) ;
#2429 = CARTESIAN_POINT ( 'NONE',  ( -133.4192339914859815, -116.2508131324859590, 32.58036206864900919 ) ) ;
#2430 = CARTESIAN_POINT ( 'NONE',  ( 215.6943684133440797, 185.8118372515145893, 3.097006025607302915E-12 ) ) ;
#2431 = CARTESIAN_POINT ( 'NONE',  ( 208.8315775943405015, 190.2930275873870585, 1.815567168854662405 ) ) ;
#2432 = CARTESIAN_POINT ( 'NONE',  ( 208.8999964626507051, -190.4999914724916721, 0.01195144122874635534 ) ) ;
#2433 = CARTESIAN_POINT ( 'NONE',  ( 122.4952847341801174, -107.8509989293506806, 34.53551811463471211 ) ) ;
#2434 = CARTESIAN_POINT ( 'NONE',  ( -215.8999999999996930, -190.4999999999994031, -0.04031459716647255859 ) ) ;
#2435 = CARTESIAN_POINT ( 'NONE',  ( -205.8612330879765011, -185.8081857245780100, 8.544109349673075116 ) ) ;
#2436 = ORIENTED_EDGE ( 'NONE', *, *, #3119, .F. ) ;
#2437 = CARTESIAN_POINT ( 'NONE',  ( 64.04941879955150341, 55.67923214215165473, 44.29780522487787664 ) ) ;
#2438 = CARTESIAN_POINT ( 'NONE',  ( -215.7178078600130391, 185.3322350785024923, 0.005198966229220854281 ) ) ;
#2439 = CIRCLE ( 'NONE', #3823, 35.00000000000000711 ) ;
#2440 = CARTESIAN_POINT ( 'NONE',  ( 215.5699325966807862, -185.3104094716768486, 1.476988383436400376 ) ) ;
#2441 = CARTESIAN_POINT ( 'NONE',  ( -204.2772596456708811, -184.0415312767203488, 9.997651261997281935 ) ) ;
#2442 = CARTESIAN_POINT ( 'NONE',  ( 211.2372010726189728, -186.3509677233991226, 6.613622880666101267 ) ) ;
#2443 = CARTESIAN_POINT ( 'NONE',  ( -99.93854167668202138, 87.78324959095895963, 38.50274429573394741 ) ) ;
#2444 = ORIENTED_EDGE ( 'NONE', *, *, #3074, .F. ) ;
#2445 = CARTESIAN_POINT ( 'NONE',  ( -212.0961877837526401, 182.2462755945748825, 7.328070276575684439 ) ) ;
#2446 = CARTESIAN_POINT ( 'NONE',  ( 32.78265962694512581, -29.15505980491358073, 48.99405119645790307 ) ) ;
#2447 = CARTESIAN_POINT ( 'NONE',  ( -208.8999368031747110, 190.4998486080966700, 0.05024800547846526577 ) ) ;
#2448 = CARTESIAN_POINT ( 'NONE',  ( 171.4162021329372578, 151.2507828216978680, 24.15230736673248657 ) ) ;
#2449 = CARTESIAN_POINT ( 'NONE',  ( 225.8999999999999488, -200.5000000000000284, 2.000000000000001776 ) ) ;
#2450 = CARTESIAN_POINT ( 'NONE',  ( 69.10219756856213280, -61.87253263211603382, 43.33289696862237150 ) ) ;
#2451 = CARTESIAN_POINT ( 'NONE',  ( 205.0900706843124510, -184.2452420942379092, 9.857680604180297124 ) ) ;
#2452 = CARTESIAN_POINT ( 'NONE',  ( -26.17504677236997424, 23.23671591229979327, 50.00190764222934092 ) ) ;
#2453 = ADVANCED_FACE ( 'NONE', ( #5842 ), #5101, .F. ) ;
#2454 = CARTESIAN_POINT ( 'NONE',  ( -201.6416531686299720, 181.2965124766853648, 11.90496623872587278 ) ) ;
#2455 = CARTESIAN_POINT ( 'NONE',  ( 4.853920243070215967, -34.66722968196828703, 57.97178474534324977 ) ) ;
#2456 = CARTESIAN_POINT ( 'NONE',  ( -215.4266930192055725, 185.2789132845786639, 2.062700459170739187 ) ) ;
#2457 = CARTESIAN_POINT ( 'NONE',  ( 215.7324518993362688, 99.49677959137197547, 1.584550848241970344 ) ) ;
#2458 = CARTESIAN_POINT ( 'NONE',  ( 225.8999999999999488, 198.5000000000000568, 0.000000000000000000 ) ) ;
#2459 = CARTESIAN_POINT ( 'NONE',  ( -209.3011414720681103, 190.3396805091255430, 1.597393675363877996 ) ) ;
#2460 = CARTESIAN_POINT ( 'NONE',  ( 213.2018270398243374, -189.0976678967872431, -0.1825041619732894471 ) ) ;
#2461 = CARTESIAN_POINT ( 'NONE',  ( 192.3357490482134153, -169.2546191139618657, 17.59608141789706792 ) ) ;
#2462 = CARTESIAN_POINT ( 'NONE',  ( -108.8227463879211570, 97.27934254211109533, 36.74566100170135741 ) ) ;
#2463 = CARTESIAN_POINT ( 'NONE',  ( -175.3304728913243196, 154.3508142714692042, 22.99940620349209297 ) ) ;
#2464 = B_SPLINE_CURVE_WITH_KNOTS ( 'NONE', 3,
 ( #6117, #3085, #5490, #91, #4909, #6548, #1154, #1711, #4751, #4162, #1115, #7692, #5293, #1071, #5922, #3474, #3519, #517, #5879, #2291, #2919, #7105, #7731, #6485, #5899, #1204, #496, #2345, #5271, #2385, #4137, #6525 ),
 .UNSPECIFIED., .F., .F.,
 ( 4, 2, 2, 2, 2, 2, 2, 2, 2, 2, 2, 2, 2, 2, 2, 4 ),
 ( 1.339555768531722597E-13, 0.009066869794068670163, 0.01360030469103602757, 0.01586702213951970281, 0.01813373958800337457, 0.02720060938193807204, 0.03173404427890542251, 0.03626747917587277298, 0.04080091407284012345, 0.04306763152132379174, 0.04533434896980746004, 0.05440121876374214710, 0.05666793621222582233, 0.05893465366070949063, 0.06346808855767686885, 0.07253495835161159755 ),
 .UNSPECIFIED. ) ;
#2465 = CARTESIAN_POINT ( 'NONE',  ( -209.1136092184317761, 189.2282296283818255, 4.492910078330732304 ) ) ;
#2466 = CARTESIAN_POINT ( 'NONE',  ( 187.0990296943994622, -162.7218057862866374, 19.59945949943905674 ) ) ;
#2467 = CARTESIAN_POINT ( 'NONE',  ( -201.3501377399385888, -174.5312466947079315, 14.09436868703956058 ) ) ;
#2468 = CARTESIAN_POINT ( 'NONE',  ( -215.9000000000000341, 183.5000000000000000, -1.074269000342903180 ) ) ;
#2469 = CARTESIAN_POINT ( 'NONE',  ( 208.8850298192899686, 190.4598219073298537, 0.8037094981100925128 ) ) ;
#2470 = CARTESIAN_POINT ( 'NONE',  ( 215.8999561005766452, -183.4999995069304646, 0.02635056303843177905 ) ) ;
#2471 = CARTESIAN_POINT ( 'NONE',  ( 151.8459869215496099, -135.3665758776499501, 28.38933192132930117 ) ) ;
#2472 = CARTESIAN_POINT ( 'NONE',  ( -215.8999999999999773, -183.5000000000000853, -0.02511408429768374403 ) ) ;
#2473 = DIRECTION ( 'NONE',  ( 1.000000000000000000, 0.000000000000000000, 0.000000000000000000 ) ) ;
#2474 = ORIENTED_EDGE ( 'NONE', *, *, #5015, .F. ) ;
#2475 = B_SPLINE_CURVE_WITH_KNOTS ( 'NONE', 3,
 ( #7438, #4964, #5000, #6327, #7475, #7397, #4416, #1408, #4492, #5665, #3812, #812, #3218, #2036, #1449, #5315, #1603, #3497, #3412, #4692, #2149, #412, #5230, #6363, #3539, #2187, #5776, #1134, #2816, #4012, #7713, #5901, #1562, #498, #374, #7628, #4569, #2311, #2901, #4732, #6405, #2775, #6527, #7588, #7085, #2229 ),
 .UNSPECIFIED., .F., .F.,
 ( 4, 2, 2, 2, 2, 2, 2, 2, 2, 2, 2, 2, 2, 2, 2, 2, 2, 2, 2, 2, 2, 2, 4 ),
 ( 0.001590621133919263228, 0.002569450262429421109, 0.003548279390939578989, 0.005505937647959857455, 0.007463595904980135920, 0.009421254162000413518, 0.01137891241902069112, 0.01333657067604096871, 0.01725188719008146493, 0.02116720370412195767, 0.02508252021816245042, 0.03291315324624344979, 0.04074378627432444916, 0.04857441930240544853, 0.06423568535856744033, 0.07989695141472945294, 0.09555821747089145168, 0.1268807495832154908, 0.1582032816955395715, 0.1895258138078636245, 0.2208483459201876775, 0.2365096119763497040, 0.2521708780325117583 ),
 .UNSPECIFIED. ) ;
#2476 = CARTESIAN_POINT ( 'NONE',  ( -215.8999999999999204, -150.0000000000000000, 37.49999999999999289 ) ) ;
#2477 = CARTESIAN_POINT ( 'NONE',  ( -215.7177986230285853, 185.3322339037473228, 0.01273517067626312761 ) ) ;
#2478 = VECTOR ( 'NONE', #4210, 1000.000000000000000 ) ;
#2479 = CARTESIAN_POINT ( 'NONE',  ( 208.8984127891570211, -190.4962199323572065, 0.2457029356975919399 ) ) ;
#2480 = CARTESIAN_POINT ( 'NONE',  ( -208.7494408886722113, -184.2325471378278792, 10.05601635673085426 ) ) ;
#2481 = APPLICATION_CONTEXT ( 'automotive_design' ) ;
#2482 = CARTESIAN_POINT ( 'NONE',  ( 213.5104580291769309, -183.6664539974857462, 5.831397295310915219 ) ) ;
#2483 = CARTESIAN_POINT ( 'NONE',  ( -148.6450435126546665, 131.4240208753947456, 29.32106450941359199 ) ) ;
#2484 = CARTESIAN_POINT ( 'NONE',  ( -208.9103669902599734, 185.9262457963990016, 8.000173438186468644 ) ) ;
#2485 = DIRECTION ( 'NONE',  ( 0.6558751247191384470, -0.7547003787748520764, 0.01597369874981086416 ) ) ;
#2486 = CARTESIAN_POINT ( 'NONE',  ( -214.4889521927844100, 187.7994837143162670, 0.3495536180190043640 ) ) ;
#2487 = CARTESIAN_POINT ( 'NONE',  ( 163.8780884945328182, 144.5993908053199561, 26.03986204149797246 ) ) ;
#2488 = CARTESIAN_POINT ( 'NONE',  ( 206.2056704772710702, -186.2127285635620240, 8.174870125357070805 ) ) ;
#2489 = CARTESIAN_POINT ( 'NONE',  ( 62.00511403234044394, -54.71105818743289717, 44.55906601533325784 ) ) ;
#2490 = AXIS2_PLACEMENT_3D ( 'NONE', #3548, #5949, #7759 ) ;
#2491 = CARTESIAN_POINT ( 'NONE',  ( 207.4303715673164845, -182.9942363091246023, 10.04282510563272268 ) ) ;
#2492 = CARTESIAN_POINT ( 'NONE',  ( -215.5011391683620445, -189.3231948919965646, 0.000000000000000000 ) ) ;
#2493 = CARTESIAN_POINT ( 'NONE',  ( -200.8995424376699930, 176.7064207440560892, 14.00546310802040750 ) ) ;
#2494 = AXIS2_PLACEMENT_3D ( 'NONE', #5145, #2181, #7470 ) ;
#2495 = CARTESIAN_POINT ( 'NONE',  ( -212.8806749800661464, 188.9115761486768577, 2.234750728689178789 ) ) ;
#2496 = CARTESIAN_POINT ( 'NONE',  ( 208.4977143875284753, 189.4782319128544259, 4.021243952331107430 ) ) ;
#2497 = FACE_BOUND ( 'NONE', #2988, .T. ) ;
#2498 = DIRECTION ( 'NONE',  ( -1.000000000000000000, 0.000000000000000000, 0.000000000000000000 ) ) ;
#2499 = CARTESIAN_POINT ( 'NONE',  ( 215.8999999999999773, -183.4999999999999716, -1.398547123383684143 ) ) ;
#2500 = EDGE_CURVE ( 'NONE', #6349, #5095, #5955, .T. ) ;
#2501 = CARTESIAN_POINT ( 'NONE',  ( 192.8364442790180817, -172.3613746916393268, 16.58783761723191574 ) ) ;
#2502 = CARTESIAN_POINT ( 'NONE',  ( 215.8999999999999204, 190.5000000000000568, 0.000000000000000000 ) ) ;
#2503 = CARTESIAN_POINT ( 'NONE',  ( -179.6903842824953017, 160.7042335525246699, 21.06423914292163957 ) ) ;
#2504 = CARTESIAN_POINT ( 'NONE',  ( -210.6159114161154093, 188.8444577934202755, 4.481056313880392494 ) ) ;
#2505 = CARTESIAN_POINT ( 'NONE',  ( 133.4192341052275310, -116.2508130397119430, 32.58036204900714239 ) ) ;
#2506 = CARTESIAN_POINT ( 'NONE',  ( -175.6303502034930659, -152.9201194329415898, 23.03918420776515319 ) ) ;
#2507 = CARTESIAN_POINT ( 'NONE',  ( 215.7294825909344524, 183.9499278505246878, 1.573943364696825054 ) ) ;
#2508 = CARTESIAN_POINT ( 'NONE',  ( 215.8999898177509920, 183.4999999002147320, 0.01259074040607425712 ) ) ;
#2509 = CARTESIAN_POINT ( 'NONE',  ( 213.2017311033305305, -189.0976314508453981, 0.03588061127193007543 ) ) ;
#2510 = CARTESIAN_POINT ( 'NONE',  ( 153.3777690579678108, -133.6473703266900088, 28.46457804367223332 ) ) ;
#2511 = CARTESIAN_POINT ( 'NONE',  ( -208.8999999999999488, -190.4999999999999716, -0.002313314994376652542 ) ) ;
#2512 = LINE ( 'NONE', #4, #4654 ) ;
#2513 = VERTEX_POINT ( 'NONE', #6351 ) ;
#2514 = CARTESIAN_POINT ( 'NONE',  ( 215.3591702213330734, 183.4723229192145197, 2.811240941398578386 ) ) ;
#2515 = CARTESIAN_POINT ( 'NONE',  ( -210.7322332127765208, 190.3178074772271771, 0.005086365895522923855 ) ) ;
#2516 = CARTESIAN_POINT ( 'NONE',  ( 215.8135869861972083, -184.4098524594464266, 1.133673482789384179 ) ) ;
#2517 = CARTESIAN_POINT ( 'NONE',  ( -197.8561868611816408, -174.5852096938589000, 15.63981627258258555 ) ) ;
#2518 = CARTESIAN_POINT ( 'NONE',  ( -215.2912571673008131, -185.9166097033613028, 1.572841737537997053 ) ) ;
#2519 = CARTESIAN_POINT ( 'NONE',  ( 210.2371970043666920, -188.3583391097156721, 5.313049643203694217 ) ) ;
#2520 = CARTESIAN_POINT ( 'NONE',  ( -129.8057577502237621, 114.7709210661010246, 33.13484995462517446 ) ) ;
#2521 = CARTESIAN_POINT ( 'NONE',  ( -210.0629415206543058, 183.0031976301199563, 8.779264013614852757 ) ) ;
#2522 = CARTESIAN_POINT ( 'NONE',  ( 214.3118242446316799, -187.6901027234139008, 1.573753941585570137 ) ) ;
#2523 = CARTESIAN_POINT ( 'NONE',  ( -214.4941200869826048, 187.8008664824652953, 0.2308810194185567932 ) ) ;
#2524 = CARTESIAN_POINT ( 'NONE',  ( 160.9653489582937027, 140.2400375031116369, 26.74221798944153505 ) ) ;
#2525 = CARTESIAN_POINT ( 'NONE',  ( 208.8256032336059889, -190.2740071844768579, 1.919915479479312737 ) ) ;
#2526 = CARTESIAN_POINT ( 'NONE',  ( 77.01828003050778193, -68.12047676691852871, 42.18413579011182435 ) ) ;
#2527 = CARTESIAN_POINT ( 'NONE',  ( 206.5798105419864896, -182.9280462524178006, 10.37322435389030773 ) ) ;
#2528 = CARTESIAN_POINT ( 'NONE',  ( 22.77360228108287998, -26.69193059739445673, 50.01804590265250994 ) ) ;
#2529 = CARTESIAN_POINT ( 'NONE',  ( -39.46818994918131551, 34.62131404155704217, 48.01962692298811675 ) ) ;
#2530 = CARTESIAN_POINT ( 'NONE',  ( -201.5862467265128259, 177.8455290089899847, 13.50148676117570190 ) ) ;
#2531 = CARTESIAN_POINT ( 'NONE',  ( -213.5949818767681165, 188.3359411516408954, 1.943064652941775661 ) ) ;
#2532 = DIRECTION ( 'NONE',  ( -0.000000000000000000, -1.000000000000000000, -0.000000000000000000 ) ) ;
#2533 = CARTESIAN_POINT ( 'NONE',  ( 210.8999999999999773, 150.0000000000000000, 50.00000000000000000 ) ) ;
#2534 = DIRECTION ( 'NONE',  ( -8.001661463903635043E-05, 0.9999999967986707983, 0.000000000000000000 ) ) ;
#2535 = CARTESIAN_POINT ( 'NONE',  ( 213.2018270398243658, -189.0976678967872431, -1.074269000340911884 ) ) ;
#2536 = CARTESIAN_POINT ( 'NONE',  ( 197.3170831686423696, -173.1149493647156703, 15.70756427601639693 ) ) ;
#2537 = ADVANCED_FACE ( 'NONE', ( #1036 ), #361, .T. ) ;
#2538 = FACE_OUTER_BOUND ( 'NONE', #3956, .T. ) ;
#2539 = CARTESIAN_POINT ( 'NONE',  ( -179.2841110831189155, 157.4623067267256147, 21.89842931890100530 ) ) ;
#2540 = CARTESIAN_POINT ( 'NONE',  ( 24.57246964504905762, -35.83588635745643103, 48.67991036540882277 ) ) ;
#2541 = CARTESIAN_POINT ( 'NONE',  ( -214.4658168605141384, 183.2873351384859859, 4.532810645346521561 ) ) ;
#2542 = CARTESIAN_POINT ( 'NONE',  ( 87.21128094299508859, -75.87406379271644141, 40.64662005237655507 ) ) ;
#2543 = DIRECTION ( 'NONE',  ( -0.000000000000000000, -0.000000000000000000, -1.000000000000000000 ) ) ;
#2544 = CARTESIAN_POINT ( 'NONE',  ( 215.4995912949222259, 185.2701944483104910, 1.572978436443048800 ) ) ;
#2545 = CARTESIAN_POINT ( 'NONE',  ( 215.8995908313843870, 190.4998153164058579, 0.08180475416749094508 ) ) ;
#2546 = CARTESIAN_POINT ( 'NONE',  ( 213.8497325752067582, -188.4497426450572561, 0.01470303962991145741 ) ) ;
#2547 = CARTESIAN_POINT ( 'NONE',  ( 159.4916281646430036, -141.9026717882633477, 26.70562737929346042 ) ) ;
#2548 = CARTESIAN_POINT ( 'NONE',  ( -207.9472888409478344, -188.5144408056366956, 5.603034706110412877 ) ) ;
#2549 = ORIENTED_EDGE ( 'NONE', *, *, #6880, .F. ) ;
#2550 = CARTESIAN_POINT ( 'NONE',  ( 36.19640723057519693, -24.74857280496000911, 48.92037656505781484 ) ) ;
#2551 = CARTESIAN_POINT ( 'NONE',  ( -215.0164947962996393, 187.0253306197325287, 0.01249410904159494254 ) ) ;
#2552 = CARTESIAN_POINT ( 'NONE',  ( 212.4153169901999547, -189.6121682180198604, 0.3716573264857668812 ) ) ;
#2553 = CARTESIAN_POINT ( 'NONE',  ( -199.1833010059795583, -172.7872562875303686, 15.07332756801122287 ) ) ;
#2554 = FACE_OUTER_BOUND ( 'NONE', #659, .T. ) ;
#2555 = CARTESIAN_POINT ( 'NONE',  ( 208.6295340906184208, -189.7616208796757178, 3.419196319289574681 ) ) ;
#2556 = CARTESIAN_POINT ( 'NONE',  ( -137.0907250524567189, 121.7113278263901321, 31.63958217254236871 ) ) ;
#2557 = CARTESIAN_POINT ( 'NONE',  ( -209.6238982770303778, 185.7620109308377607, 7.850995209515069462 ) ) ;
#2558 = DIRECTION ( 'NONE',  ( 1.000000000000000000, 0.000000000000000000, 0.000000000000000000 ) ) ;
#2559 = CARTESIAN_POINT ( 'NONE',  ( -215.3633705270143821, 186.1781335262693062, 0.2419804360721934666 ) ) ;
#2560 = CARTESIAN_POINT ( 'NONE',  ( 188.3892537790577535, 166.2283055545414641, 19.16504414861457306 ) ) ;
#2561 = CARTESIAN_POINT ( 'NONE',  ( 215.8999999999999488, -190.5000000000000284, 0.000000000000000000 ) ) ;
#2562 = CARTESIAN_POINT ( 'NONE',  ( 99.93854167668189348, -87.78324959095897384, 38.50274429573394741 ) ) ;
#2563 = CARTESIAN_POINT ( 'NONE',  ( 207.0926438479733918, -181.3595800579499269, 10.74480387886195487 ) ) ;
#2564 = CARTESIAN_POINT ( 'NONE',  ( -47.14725670138778924, 41.12651966268376214, 46.87092806346937834 ) ) ;
#2565 = AXIS2_PLACEMENT_3D ( 'NONE', #5853, #1046, #4009 ) ;
#2566 = CARTESIAN_POINT ( 'NONE',  ( -199.9456647191437355, 173.8740564008373894, 14.72855859023547787 ) ) ;
#2567 = CARTESIAN_POINT ( 'NONE',  ( -214.0618920917773380, 187.6088587076251883, 2.576463683685433992 ) ) ;
#2568 = CARTESIAN_POINT ( 'NONE',  ( 215.7293584012457188, 183.4967789686988908, 1.574680594478582440 ) ) ;
#2569 = DIRECTION ( 'NONE',  ( 0.000000000000000000, 0.000000000000000000, 1.000000000000000000 ) ) ;
#2570 = CARTESIAN_POINT ( 'NONE',  ( 0.000000000000000000, 0.000000000000000000, 70.00000000000000000 ) ) ;
#2571 = CARTESIAN_POINT ( 'NONE',  ( -33.46421275540094342, -10.26752364078909352, 58.63622897976534887 ) ) ;
#2572 = CARTESIAN_POINT ( 'NONE',  ( 192.6011161860250809, -172.5803516287039372, 16.47739016464369399 ) ) ;
#2573 = DIRECTION ( 'NONE',  ( 1.000000000000000000, 0.000000000000000000, 0.000000000000000000 ) ) ;
#2574 = CARTESIAN_POINT ( 'NONE',  ( -186.2640757280295816, 164.7330603286054043, 19.54275926270277708 ) ) ;
#2575 = CARTESIAN_POINT ( 'NONE',  ( -211.9800070158428014, 188.0651763749754366, 4.659219088752092119 ) ) ;
#2576 = CARTESIAN_POINT ( 'NONE',  ( 33.14123022136857344, 11.26651838267474659, 58.65379319159706029 ) ) ;
#2577 = CARTESIAN_POINT ( 'NONE',  ( -40.80008214624908192, -35.56373865189235062, 47.83211745923670577 ) ) ;
#2578 = CARTESIAN_POINT ( 'NONE',  ( 216.7877232001171421, 187.4064363920173548, 0.000000000000000000 ) ) ;
#2579 = CARTESIAN_POINT ( 'NONE',  ( 208.9000000641140957, 190.5000000000000284, -0.0003705209317264798199 ) ) ;
#2580 = CARTESIAN_POINT ( 'NONE',  ( 212.4253293557621873, -189.6165031520762909, 0.006780656939120177813 ) ) ;
#2581 = CARTESIAN_POINT ( 'NONE',  ( 149.4550988033626311, -130.5021605098168891, 29.30974018255653490 ) ) ;
#2582 = DIRECTION ( 'NONE',  ( 0.000000000000000000, 0.000000000000000000, 1.000000000000000000 ) ) ;
#2583 = ORIENTED_EDGE ( 'NONE', *, *, #4048, .T. ) ;
#2584 = ORIENTED_EDGE ( 'NONE', *, *, #4387, .T. ) ;
#2585 = EDGE_CURVE ( 'NONE', #4833, #4672, #972, .T. ) ;
#2586 = CARTESIAN_POINT ( 'NONE',  ( 215.8999999999999488, -190.4999999999999716, 0.000000000000000000 ) ) ;
#2587 = CARTESIAN_POINT ( 'NONE',  ( -215.9000000000000625, 183.5000000000000000, -0.04063248314221953178 ) ) ;
#2588 = CARTESIAN_POINT ( 'NONE',  ( 211.5756999388196959, -189.9656124716286172, 0.2015182770671656298 ) ) ;
#2589 = CARTESIAN_POINT ( 'NONE',  ( -203.4054511449504048, -183.1150539666750774, 10.67757480244096513 ) ) ;
#2590 = PRESENTATION_STYLE_ASSIGNMENT (( #5709 ) ) ;
#2591 = EDGE_CURVE ( 'NONE', #3518, #261, #224, .T. ) ;
#2592 = CARTESIAN_POINT ( 'NONE',  ( 213.5569162181989213, -185.3446213266856262, 5.217527795973055937 ) ) ;
#2593 = CARTESIAN_POINT ( 'NONE',  ( -145.4069694021859505, 127.4965840924203491, 30.12057147637059273 ) ) ;
#2594 = CARTESIAN_POINT ( 'NONE',  ( -212.1629069351655232, 182.9613196290521273, 7.269784390733112112 ) ) ;
#2595 = CARTESIAN_POINT ( 'NONE',  ( -18.55443378854840830, -29.70249228659008622, 58.49298023585689776 ) ) ;
#2596 = CARTESIAN_POINT ( 'NONE',  ( -215.7163203395811308, 185.3320491988293668, 0.1507703668830699395 ) ) ;
#2597 = CARTESIAN_POINT ( 'NONE',  ( 208.0082284633405152, 188.6196542377026049, 5.434261924980991587 ) ) ;
#2598 = CARTESIAN_POINT ( 'NONE',  ( 213.9614092231128950, -187.5492635792835472, 2.893179807777801926 ) ) ;
#2599 = CARTESIAN_POINT ( 'NONE',  ( 211.0643098590871318, 189.9842858923311439, 1.584448399075567560 ) ) ;
#2600 = CARTESIAN_POINT ( 'NONE',  ( 99.44488397442977146, -88.33643152570040513, 38.46253383174336449 ) ) ;
#2601 = CARTESIAN_POINT ( 'NONE',  ( 211.2618400358006454, -183.1205687009444318, 7.973921310709411792 ) ) ;
#2602 = CARTESIAN_POINT ( 'NONE',  ( -35.62075275739216096, 31.37811893223554804, 48.59064979826711550 ) ) ;
#2603 = CARTESIAN_POINT ( 'NONE',  ( -204.5594479172055173, 183.0217010808691782, 10.70705268868230320 ) ) ;
#2604 = CARTESIAN_POINT ( 'NONE',  ( -210.6178955886912831, 190.2160800428044922, 1.380096804183032155 ) ) ;
#2605 = CARTESIAN_POINT ( 'NONE',  ( 215.7298445211686726, -172.8929018557100505, 1.576239701244708691 ) ) ;
#2606 = CARTESIAN_POINT ( 'NONE',  ( 24.33781930782740943, 25.27328992394740581, 58.82603906110554703 ) ) ;
#2607 = ORIENTED_EDGE ( 'NONE', *, *, #2014, .T. ) ;
#2608 = CARTESIAN_POINT ( 'NONE',  ( -32.40490891920457273, 13.23619685854559513, 58.69215383345394343 ) ) ;
#2609 = CARTESIAN_POINT ( 'NONE',  ( 215.8999999999999773, -183.4999999999999716, -1.074269000340911884 ) ) ;
#2610 = CARTESIAN_POINT ( 'NONE',  ( 201.1619477632854682, -176.4011042157694078, 13.99471154884965962 ) ) ;
#2611 = DIRECTION ( 'NONE',  ( -1.000000000000000000, 0.000000000000000000, 0.000000000000000000 ) ) ;
#2612 = CARTESIAN_POINT ( 'NONE',  ( -184.9645676755903310, 162.4169119371838406, 20.17280643160335529 ) ) ;
#2613 = CIRCLE ( 'NONE', #6764, 12.50000000000000355 ) ;
#2614 = CARTESIAN_POINT ( 'NONE',  ( -208.5468067381364676, 189.5814740644346728, 3.809954391295895082 ) ) ;
#2615 = CARTESIAN_POINT ( 'NONE',  ( 211.7239451322534194, -188.9804954070312704, 3.586937611445987883 ) ) ;
#2616 = CARTESIAN_POINT ( 'NONE',  ( 175.6303503045035939, -152.9201193709521078, 23.03918418101534726 ) ) ;
#2617 = CARTESIAN_POINT ( 'NONE',  ( 210.8457447533796767, -192.0774083065436457, 0.000000000000000000 ) ) ;
#2618 = CARTESIAN_POINT ( 'NONE',  ( 211.8317163115011112, 190.0473319209050089, 5.966606520013616097E-12 ) ) ;
#2619 = CARTESIAN_POINT ( 'NONE',  ( 215.8997484078435889, 183.4999972113908200, 0.06239944470844935309 ) ) ;
#2620 = CARTESIAN_POINT ( 'NONE',  ( 209.8162978572970019, -190.4999999999999716, -9.771776172705226994E-05 ) ) ;
#2621 = CARTESIAN_POINT ( 'NONE',  ( 149.0534300808576802, -130.9657166871348863, 29.34198113578069922 ) ) ;
#2622 = CARTESIAN_POINT ( 'NONE',  ( -225.8999999999999204, 190.5000000000000853, 70.00000000000000000 ) ) ;
#2623 = EDGE_LOOP ( 'NONE', ( #3932, #854, #3374, #4493 ) ) ;
#2624 = DIRECTION ( 'NONE',  ( -0.9999996929497251275, 0.0007836456187033820613, -3.262580283866700659E-17 ) ) ;
#2625 = CARTESIAN_POINT ( 'NONE',  ( -209.8162978572971156, 190.5000000000000284, -0.1419693965932708468 ) ) ;
#2626 = CARTESIAN_POINT ( 'NONE',  ( 215.6924168693450099, -185.3291221899411880, 0.6190281339678328498 ) ) ;
#2627 = CARTESIAN_POINT ( 'NONE',  ( -212.8723229788670039, -182.6483482559353604, 6.548488064793314578 ) ) ;
#2628 = DIRECTION ( 'NONE',  ( 1.000000000000000000, 0.000000000000000000, 0.000000000000000000 ) ) ;
#2629 = CARTESIAN_POINT ( 'NONE',  ( 209.1675484259471602, -189.3194025820965010, 4.334033849726472987 ) ) ;
#2630 = EDGE_CURVE ( 'NONE', #6863, #547, #1903, .T. ) ;
#2631 = CARTESIAN_POINT ( 'NONE',  ( -130.6375053595483564, 113.8217581820179873, 33.11093817551525831 ) ) ;
#2632 = CARTESIAN_POINT ( 'NONE',  ( -211.5158706158931636, 184.0420677723373615, 7.534873942534366265 ) ) ;
#2633 = ADVANCED_FACE ( 'NONE', ( #283 ), #7499, .T. ) ;
#2634 = CARTESIAN_POINT ( 'NONE',  ( -22.52642853013430368, -26.89729298296199289, 58.71630972926926262 ) ) ;
#2635 = CARTESIAN_POINT ( 'NONE',  ( -213.8492915621638417, 188.4496012456067149, 0.07908406805145806739 ) ) ;
#2636 = CARTESIAN_POINT ( 'NONE',  ( 210.3675441890014213, 181.2164779120033700, 8.811358631211779979 ) ) ;
#2637 = CARTESIAN_POINT ( 'NONE',  ( 215.2686977656560146, -185.2347043572854375, 2.565261581559775905 ) ) ;
#2638 = CARTESIAN_POINT ( 'NONE',  ( -116.9458333333333542, -190.5000000000001137, 16.19159092032637659 ) ) ;
#2639 = CARTESIAN_POINT ( 'NONE',  ( 92.38068668841509634, -81.13641686045438917, 39.77164897587173442 ) ) ;
#2640 = CARTESIAN_POINT ( 'NONE',  ( 207.5240782872394050, -186.1361181369449298, 8.176408297492541166 ) ) ;
#2641 = CARTESIAN_POINT ( 'NONE',  ( -47.00678018093423560, 41.28748643321679168, 46.87403718883086867 ) ) ;
#2642 = CARTESIAN_POINT ( 'NONE',  ( -205.9400762163601541, 181.6814637002421478, 11.04862113512033162 ) ) ;
#2643 = CARTESIAN_POINT ( 'NONE',  ( -211.4870916519563195, 189.9105929862808466, 1.144125839490383489 ) ) ;
#2644 = CARTESIAN_POINT ( 'NONE',  ( 32.78265958801134161, 29.15505984842926779, 48.99405119429582101 ) ) ;
#2645 = CARTESIAN_POINT ( 'NONE',  ( -6.068730730453757438, 34.47532482371827456, 57.99569059447842534 ) ) ;
#2646 = ORIENTED_EDGE ( 'NONE', *, *, #1000, .T. ) ;
#2647 = CARTESIAN_POINT ( 'NONE',  ( -216.8960851708269217, 187.1451628609615909, 0.000000000000000000 ) ) ;
#2648 = CARTESIAN_POINT ( 'NONE',  ( 215.8999999999999488, -184.4162978572970246, -0.7499908772981371818 ) ) ;
#2649 = B_SPLINE_CURVE_WITH_KNOTS ( 'NONE', 3,
 ( #3881, #3721, #1434, #3760, #4363, #3205, #5029, #721, #3134, #2571, #4952, #6280, #7426, #4987, #7384, #3838 ),
 .UNSPECIFIED., .F., .F.,
 ( 4, 2, 2, 2, 2, 2, 2, 4 ),
 ( 0.000000000000000000, 0.003155788076851422010, 0.006311576153702844021, 0.01262315230740567416, 0.01420104634583138105, 0.01577894038425708273, 0.01893472846110849303, 0.02524630461481130322 ),
 .UNSPECIFIED. ) ;
#2650 = CARTESIAN_POINT ( 'NONE',  ( 199.6784988771543681, -176.1642419689441965, 14.43382331088795567 ) ) ;
#2651 = CARTESIAN_POINT ( 'NONE',  ( -225.8999999999999204, -190.5000000000000284, 85.00000000000000000 ) ) ;
#2652 = CARTESIAN_POINT ( 'NONE',  ( -192.3357490482135290, 169.2546191139618941, 17.59608141789706792 ) ) ;
#2653 = CARTESIAN_POINT ( 'NONE',  ( 19.57104568557361191, -29.04228478474920649, 58.54878760038369023 ) ) ;
#2654 = CARTESIAN_POINT ( 'NONE',  ( -214.6544817146327944, 184.1348614300046336, 4.237065711018207281 ) ) ;
#2655 = CARTESIAN_POINT ( 'NONE',  ( 211.0081148561568227, -189.3605226619717712, 3.366432253652027473 ) ) ;
#2656 = DIRECTION ( 'NONE',  ( 0.000000000000000000, 0.000000000000000000, 1.000000000000000000 ) ) ;
#2657 = CARTESIAN_POINT ( 'NONE',  ( 211.3897609798161739, -190.2271231503428623, 3.134524064352740612E-14 ) ) ;
#2658 = CARTESIAN_POINT ( 'NONE',  ( 208.9000000736884317, 190.5000000000000568, -0.0008286679036076590203 ) ) ;
#2659 = CARTESIAN_POINT ( 'NONE',  ( 214.4976584955039414, -187.8018244348583323, 0.01205924182601109292 ) ) ;
#2660 = CARTESIAN_POINT ( 'NONE',  ( 174.2920497400778288, -155.4708043406834577, 22.81200854544469081 ) ) ;
#2661 = DIRECTION ( 'NONE',  ( -0.000000000000000000, 1.000000000000000000, 0.000000000000000000 ) ) ;
#2662 = ORIENTED_EDGE ( 'NONE', *, *, #6880, .T. ) ;
#2663 = CARTESIAN_POINT ( 'NONE',  ( 41.77334229404485910, 12.25282990850406684, 48.73744138263781878 ) ) ;
#2664 = CARTESIAN_POINT ( 'NONE',  ( -215.3671567275790153, 186.1787840265556326, -0.02036510045201299704 ) ) ;
#2665 = CARTESIAN_POINT ( 'NONE',  ( 208.8996075596532194, -190.4990678634653136, 0.1220458013506057482 ) ) ;
#2666 = CARTESIAN_POINT ( 'NONE',  ( -214.8709950070219179, -189.7871195096657573, 4.049165428498758601 ) ) ;
#2667 = DIRECTION ( 'NONE',  ( 0.000000000000000000, 0.000000000000000000, -1.000000000000000000 ) ) ;
#2668 = CARTESIAN_POINT ( 'NONE',  ( 212.1092135027102756, -187.1208850195420155, 5.423373607246123385 ) ) ;
#2669 = CARTESIAN_POINT ( 'NONE',  ( -160.2393135870679828, 141.0828752152385448, 26.81294319210549304 ) ) ;
#2670 = CARTESIAN_POINT ( 'NONE',  ( -211.6396357898433109, 184.9212880701923041, 7.164132650185242923 ) ) ;
#2671 = CARTESIAN_POINT ( 'NONE',  ( -34.61532994850209377, 5.280323522992431684, 50.00264397636287583 ) ) ;
#2672 = CARTESIAN_POINT ( 'NONE',  ( -215.3656832547767692, 186.1785288286951925, 0.1492504959703565004 ) ) ;
#2673 = ADVANCED_FACE ( 'NONE', ( #7331, #2554 ), #5376, .T. ) ;
#2674 = CARTESIAN_POINT ( 'NONE',  ( 215.3714545513985286, -185.2650893312953428, 2.259458977296175508 ) ) ;
#2675 = CARTESIAN_POINT ( 'NONE',  ( 15.56651361928605581, -31.51636941686287940, 50.00000000000000000 ) ) ;
#2676 = CARTESIAN_POINT ( 'NONE',  ( 208.2117720918218424, -186.9233401459104016, 7.391797829987724278 ) ) ;
#2677 = CARTESIAN_POINT ( 'NONE',  ( -50.89561282692198319, 44.48411407782300131, 46.29711191945490611 ) ) ;
#2678 = ORIENTED_EDGE ( 'NONE', *, *, #1690, .T. ) ;
#2679 = CARTESIAN_POINT ( 'NONE',  ( -205.6448395406330576, 178.9822369120853125, 11.83632090341828480 ) ) ;
#2680 = CARTESIAN_POINT ( 'NONE',  ( -210.6771590116534867, 190.2775442609288064, 0.8973067124737285072 ) ) ;
#2681 = CARTESIAN_POINT ( 'NONE',  ( -225.8999999999999204, -150.0000000000000000, 37.50000000000000000 ) ) ;
#2682 = CARTESIAN_POINT ( 'NONE',  ( 16.96051343355512486, 30.62216924684370767, 58.40996092200914092 ) ) ;
#2683 = ORIENTED_EDGE ( 'NONE', *, *, #6724, .T. ) ;
#2684 = CARTESIAN_POINT ( 'NONE',  ( -213.0360700750847798, 188.9538720551852862, 1.576535332454172433 ) ) ;
#2685 = CARTESIAN_POINT ( 'NONE',  ( 198.7298791107113232, -175.3280817073962510, 14.86195788713146371 ) ) ;
#2686 = DIRECTION ( 'NONE',  ( -0.000000000000000000, -0.000000000000000000, -1.000000000000000000 ) ) ;
#2687 = EDGE_CURVE ( 'NONE', #2794, #1317, #3526, .T. ) ;
#2688 = CARTESIAN_POINT ( 'NONE',  ( -184.7730433039780849, 162.6353549794687012, 20.17550359727106013 ) ) ;
#2689 = CARTESIAN_POINT ( 'NONE',  ( -214.9062123467892889, 183.3976754439526360, 3.777925328150645967 ) ) ;
#2690 = CARTESIAN_POINT ( 'NONE',  ( 213.6973325121639675, -187.3701976882965710, 3.564265291105032318 ) ) ;
#2691 = CARTESIAN_POINT ( 'NONE',  ( 139.2307349148979085, 190.3012669018446843, 1.486699765075625512 ) ) ;
#2692 = CARTESIAN_POINT ( 'NONE',  ( 212.0457755419181467, -189.9605975085937644, -6.265201824046038504E-14 ) ) ;
#2693 = CARTESIAN_POINT ( 'NONE',  ( -174.0389508864088555, -190.3212143442753472, 1.552118193937248147 ) ) ;
#2694 = CARTESIAN_POINT ( 'NONE',  ( 215.7177910853755520, -185.3322329459367097, 0.01650945159433726134 ) ) ;
#2695 = CARTESIAN_POINT ( 'NONE',  ( 180.9939962910060558, -159.3217765594069988, 21.35023102644069937 ) ) ;
#2696 = CARTESIAN_POINT ( 'NONE',  ( -182.4468988339951920, -163.2154382207478420, 20.18696171064112121 ) ) ;
#2697 = ORIENTED_EDGE ( 'NONE', *, *, #7790, .F. ) ;
#2698 = CARTESIAN_POINT ( 'NONE',  ( 19.83189695198798574, 28.86624282887994397, 50.02409356495051895 ) ) ;
#2699 = CARTESIAN_POINT ( 'NONE',  ( 38.13379826550940521, -21.37131856475167879, 48.86374693789915113 ) ) ;
#2700 = CARTESIAN_POINT ( 'NONE',  ( -215.9000000000000909, 183.5000000000000000, -0.1419693965932708468 ) ) ;
#2701 = CARTESIAN_POINT ( 'NONE',  ( 215.3420364374358655, -186.1745104630660705, 0.6124756191388500692 ) ) ;
#2702 = CARTESIAN_POINT ( 'NONE',  ( -213.6509832471401467, -188.6903157699788380, 5.921596245446323792 ) ) ;
#2703 = CARTESIAN_POINT ( 'NONE',  ( 209.8970997085284864, -189.1280619799115925, 4.455381620797020048 ) ) ;
#2704 = CARTESIAN_POINT ( 'NONE',  ( -152.8308438937658593, 134.2832508041681479, 28.52623814756773868 ) ) ;
#2705 = CARTESIAN_POINT ( 'NONE',  ( -212.8109928603986134, 183.3173980000556185, 6.617553660754341927 ) ) ;
#2706 = CARTESIAN_POINT ( 'NONE',  ( -17.21554900768146723, -30.48096750598878302, 50.02572171543369706 ) ) ;
#2707 = CARTESIAN_POINT ( 'NONE',  ( -32.96987523074727733, -11.75839160901002600, 58.66293694425011296 ) ) ;
#2708 = CARTESIAN_POINT ( 'NONE',  ( -215.8997907988563725, 184.4162831154538083, 0.05738176443000132104 ) ) ;
#2709 = CARTESIAN_POINT ( 'NONE',  ( 214.1121335261090906, -187.6386562717957247, 2.418105621640066705 ) ) ;
#2710 = CARTESIAN_POINT ( 'NONE',  ( -161.9249999999999829, -190.5000000000000284, 18.29247163712370750 ) ) ;
#2711 = CARTESIAN_POINT ( 'NONE',  ( 210.0499716029808894, -185.3028628454021032, 7.892216591025649208 ) ) ;
#2712 = CARTESIAN_POINT ( 'NONE',  ( -61.73487067188830935, 55.01499612947514350, 44.53649598048185254 ) ) ;
#2713 = ORIENTED_EDGE ( 'NONE', *, *, #2301, .F. ) ;
#2714 = CARTESIAN_POINT ( 'NONE',  ( -204.2774655220947579, 184.0417530591442983, 9.997482854890209936 ) ) ;
#2715 = CARTESIAN_POINT ( 'NONE',  ( -215.5403755067961811, 185.3047263391189574, 1.613148103388818866 ) ) ;
#2716 = CARTESIAN_POINT ( 'NONE',  ( -26.27602145750314833, -23.12179638088718647, 58.93602771368173876 ) ) ;
#2717 = CARTESIAN_POINT ( 'NONE',  ( -215.7325228079443775, 100.9849290137336197, 1.584782044823033198 ) ) ;
#2718 = ORIENTED_EDGE ( 'NONE', *, *, #3077, .F. ) ;
#2719 = FACE_OUTER_BOUND ( 'NONE', #3051, .T. ) ;
#2720 = CIRCLE ( 'NONE', #2222, 10.00000000000000888 ) ;
#2721 = CARTESIAN_POINT ( 'NONE',  ( -210.4038611501243565, 190.1696680601383207, 1.588485104617512134 ) ) ;
#2722 = CARTESIAN_POINT ( 'NONE',  ( 201.6640269762851290, -175.7809965387642421, 13.90863759190262172 ) ) ;
#2723 = CARTESIAN_POINT ( 'NONE',  ( -210.8582336650418370, -192.0746376573059138, 0.000000000000000000 ) ) ;
#2724 = CARTESIAN_POINT ( 'NONE',  ( -185.5231304349495929, 161.7543662573892504, 20.09472206204102207 ) ) ;
#2725 = EDGE_CURVE ( 'NONE', #6254, #2249, #4717, .T. ) ;
#2726 = AXIS2_PLACEMENT_3D ( 'NONE', #2965, #7698, #5556 ) ;
#2727 = CARTESIAN_POINT ( 'NONE',  ( -209.5279459002149736, 189.9910424973407430, 2.860539961506000317 ) ) ;
#2728 = CARTESIAN_POINT ( 'NONE',  ( 215.0598502809702950, -184.2603403047874053, 3.484841772821713146 ) ) ;
#2729 = ADVANCED_FACE ( 'NONE', ( #2335 ), #5885, .T. ) ;
#2730 = CARTESIAN_POINT ( 'NONE',  ( 208.8460603981854433, 190.3381654414763773, 1.603115284326944723 ) ) ;
#2731 = CARTESIAN_POINT ( 'NONE',  ( -215.8999999999999204, -200.5000000000000284, 85.00000000000000000 ) ) ;
#2732 = CARTESIAN_POINT ( 'NONE',  ( -208.8458060418408309, -190.6627464050829417, -2.276824562219559311E-14 ) ) ;
#2733 = CARTESIAN_POINT ( 'NONE',  ( 215.7178087366781654, -185.3322351905149787, -0.04063248314206800715 ) ) ;
#2734 = CARTESIAN_POINT ( 'NONE',  ( 179.6337435991315488, -157.0544341007738751, 21.86508078714985359 ) ) ;
#2735 = CARTESIAN_POINT ( 'NONE',  ( -32.93753752405429935, 28.98647546915096029, 48.99815650470716122 ) ) ;
#2736 = CIRCLE ( 'NONE', #7649, 8.000000000000007105 ) ;
#2737 = CARTESIAN_POINT ( 'NONE',  ( 30.65823172807970920, 31.36596497711883202, 48.90908072635656367 ) ) ;
#2738 = AXIS2_PLACEMENT_3D ( 'NONE', #2392, #6092, #1326 ) ;
#2739 = CARTESIAN_POINT ( 'NONE',  ( 15.57553871318904015, 31.35061271752368128, 50.02502779798155785 ) ) ;
#2740 = CARTESIAN_POINT ( 'NONE',  ( 39.55120789553159000, -18.43988316695321217, 48.81805602572501357 ) ) ;
#2741 = CARTESIAN_POINT ( 'NONE',  ( -215.3671567275790437, 186.1787840265556326, -0.1014346312128484584 ) ) ;
#2742 = CARTESIAN_POINT ( 'NONE',  ( 209.8161891355998421, -190.4999053702825051, 0.04034651295818874467 ) ) ;
#2743 = CARTESIAN_POINT ( 'NONE',  ( -208.7990309100522097, -190.1950271349867023, 2.206786557748401822 ) ) ;
#2744 = CARTESIAN_POINT ( 'NONE',  ( -225.8999999999999204, -150.0000000000000000, 62.50000000000001421 ) ) ;
#2745 = CARTESIAN_POINT ( 'NONE',  ( 211.6118811856154025, -188.8532662256596666, 3.895536339523073988 ) ) ;
#2746 = CARTESIAN_POINT ( 'NONE',  ( -209.6909107245159589, 186.7303341554668066, 7.140162028530734339 ) ) ;
#2747 = CARTESIAN_POINT ( 'NONE',  ( -18.50088060551499680, -38.97758053494587216, 48.48277935257898008 ) ) ;
#2748 = CARTESIAN_POINT ( 'NONE',  ( -31.03473354759131198, 16.21615054881823070, 50.00885523264261678 ) ) ;
#2749 = CARTESIAN_POINT ( 'NONE',  ( -213.2017311033305589, 189.0976314508454550, 0.03588061127046399124 ) ) ;
#2750 = CARTESIAN_POINT ( 'NONE',  ( 212.1516002643318757, -189.4302768989264223, 2.089797404071337628 ) ) ;
#2751 = CARTESIAN_POINT ( 'NONE',  ( 7.671513331791030010E-05, -112.8849116609285090, 31.70124353946638607 ) ) ;
#2752 = CARTESIAN_POINT ( 'NONE',  ( 208.8343097763135745, -185.0167627912030923, 8.596709756161729388 ) ) ;
#2753 = CARTESIAN_POINT ( 'NONE',  ( -50.99998978399736416, 44.36400683752199114, 46.29138202170039307 ) ) ;
#2754 = VERTEX_POINT ( 'NONE', #7774 ) ;
#2755 = CARTESIAN_POINT ( 'NONE',  ( -204.1662071003391645, 180.7300589030484161, 11.91417378028363316 ) ) ;
#2756 = CARTESIAN_POINT ( 'NONE',  ( -212.3088149058506247, 189.5545027233421251, 1.286347607509077173 ) ) ;
#2757 = CARTESIAN_POINT ( 'NONE',  ( 210.8999999999999488, -150.0000000000000000, 62.50000000000001421 ) ) ;
#2758 = CARTESIAN_POINT ( 'NONE',  ( 215.3417276407063810, 186.6905385526997634, 1.251028140431099261E-13 ) ) ;
#2759 = CARTESIAN_POINT ( 'NONE',  ( -215.7300270885249631, -168.8301124736280485, 1.576824781232593953 ) ) ;
#2760 = ORIENTED_EDGE ( 'NONE', *, *, #2725, .F. ) ;
#2761 = CARTESIAN_POINT ( 'NONE',  ( 215.8999999999999204, 190.5000000000000568, 2.000000000000001776 ) ) ;
#2762 = DIRECTION ( 'NONE',  ( 0.000000000000000000, 0.000000000000000000, -1.000000000000000000 ) ) ;
#2763 = CARTESIAN_POINT ( 'NONE',  ( 200.0822769493489091, -177.5854916698720558, 13.90794837361915093 ) ) ;
#2764 = CARTESIAN_POINT ( 'NONE',  ( -216.5161505480073174, -187.9125367764259238, 0.000000000000000000 ) ) ;
#2765 = CARTESIAN_POINT ( 'NONE',  ( -194.6696195660310309, 174.0747568477170262, 15.78747204890574807 ) ) ;
#2766 = CARTESIAN_POINT ( 'NONE',  ( -214.0261570342112236, 186.5556176384889682, 3.909350962020199383 ) ) ;
#2767 = CARTESIAN_POINT ( 'NONE',  ( 19.57181637459038726, -29.04175828488664735, 58.54883050200844252 ) ) ;
#2768 = FACE_OUTER_BOUND ( 'NONE', #2776, .T. ) ;
#2769 = EDGE_CURVE ( 'NONE', #3913, #3951, #4892, .T. ) ;
#2770 = DIRECTION ( 'NONE',  ( 0.000000000000000000, 0.000000000000000000, 1.000000000000000000 ) ) ;
#2771 = VERTEX_POINT ( 'NONE', #7292 ) ;
#2772 = CARTESIAN_POINT ( 'NONE',  ( 208.9000000000010004, 190.5000000000000284, -0.3443248545433638119 ) ) ;
#2773 = CARTESIAN_POINT ( 'NONE',  ( 214.4976678967872203, -187.8018270398243885, -0.06089986583223843536 ) ) ;
#2774 = CARTESIAN_POINT ( 'NONE',  ( 175.5003843740214222, -154.1577451034295052, 22.99853042837253625 ) ) ;
#2775 = CARTESIAN_POINT ( 'NONE',  ( -52.43740831146135406, 45.60822857387089613, 46.07295230259352081 ) ) ;
#2776 = EDGE_LOOP ( 'NONE', ( #3735, #2436, #6858, #1960 ) ) ;
#2777 = B_SPLINE_CURVE_WITH_KNOTS ( 'NONE', 3,
 ( #1556, #367, #3888, #1519 ),
 .UNSPECIFIED., .F., .F.,
 ( 4, 4 ),
 ( 0.000000000000000000, 0.3669938714041429684 ),
 .UNSPECIFIED. ) ;
#2778 = CARTESIAN_POINT ( 'NONE',  ( 30.65917780280608440, 31.36498039117500269, 48.90911856640187949 ) ) ;
#2779 = CARTESIAN_POINT ( 'NONE',  ( 34.81421100923426337, 4.158241076281036896, 58.55778976090989119 ) ) ;
#2780 = CARTESIAN_POINT ( 'NONE',  ( -213.2018270398244226, 189.0976678967872715, -0.7499908772995507178 ) ) ;
#2781 = CARTESIAN_POINT ( 'NONE',  ( 214.0711210524606827, 183.1614189976279761, 5.115336727617933121 ) ) ;
#2782 = CARTESIAN_POINT ( 'NONE',  ( 213.2007014622142549, -189.0972449789404095, 0.1253549209877974080 ) ) ;
#2783 = CARTESIAN_POINT ( 'NONE',  ( 92.10109466779761078, -81.45183794283768464, 39.75905220728829192 ) ) ;
#2784 = CARTESIAN_POINT ( 'NONE',  ( -215.3574842385786212, -190.1771388523437736, 2.936161196615739488 ) ) ;
#2785 = CARTESIAN_POINT ( 'NONE',  ( 208.8445242774670874, 192.2983899599431652, 6.505213034913026604E-15 ) ) ;
#2786 = CARTESIAN_POINT ( 'NONE',  ( 210.8688109646932958, -189.1769707005940688, 3.805019640439392781 ) ) ;
#2787 = CARTESIAN_POINT ( 'NONE',  ( -209.3909659841025075, 188.4068321344845742, 5.593395146265265794 ) ) ;
#2788 = CARTESIAN_POINT ( 'NONE',  ( -31.77753632881974255, 14.67856033427422879, 58.72303814037028502 ) ) ;
#2789 = CARTESIAN_POINT ( 'NONE',  ( -211.5787699898120024, 189.9671495070814160, 0.01341782894720546654 ) ) ;
#2790 = CARTESIAN_POINT ( 'NONE',  ( 213.0877415486817767, -189.0480331680668939, 1.270234465241916633 ) ) ;
#2791 = CARTESIAN_POINT ( 'NONE',  ( 25.60798536298735328, -112.5480374337882239, 31.96278130598215128 ) ) ;
#2792 = CARTESIAN_POINT ( 'NONE',  ( 211.8018365776862026, -185.0399636940799439, 6.997815683931245978 ) ) ;
#2793 = CARTESIAN_POINT ( 'NONE',  ( -69.25244900355862399, 61.70611833644894517, 43.35900779452093445 ) ) ;
#2794 = VERTEX_POINT ( 'NONE', #4935 ) ;
#2795 = CARTESIAN_POINT ( 'NONE',  ( -208.4454009204149543, 183.8884025835839395, 9.293792226646278465 ) ) ;
#2796 = CARTESIAN_POINT ( 'NONE',  ( -214.7819570880039350, 186.9566376787985291, 1.857387148999575466 ) ) ;
#2797 = CARTESIAN_POINT ( 'NONE',  ( 184.2911571725350655, 164.9007845611940866, 19.57586017384553756 ) ) ;
#2798 = CARTESIAN_POINT ( 'NONE',  ( 214.6858000943334162, 190.1347895873619223, 0.000000000000000000 ) ) ;
#2799 = CARTESIAN_POINT ( 'NONE',  ( 43.09973100385253275, -38.11146367480544228, 47.44457233357885428 ) ) ;
#2800 = EDGE_LOOP ( 'NONE', ( #5185, #7399, #4161, #3260 ) ) ;
#2801 = DIRECTION ( 'NONE',  ( -1.000000000000000000, 0.000000000000000000, 0.000000000000000000 ) ) ;
#2802 = CARTESIAN_POINT ( 'NONE',  ( -174.0383856325676959, -190.3212140693464960, 1.552117364033512414 ) ) ;
#2803 = CARTESIAN_POINT ( 'NONE',  ( 204.7859286367294658, -180.0534897782421808, 11.96582822654578315 ) ) ;
#2804 = CARTESIAN_POINT ( 'NONE',  ( -210.6376784847990677, -190.1121691197629673, 1.586956836447251051 ) ) ;
#2805 = EDGE_LOOP ( 'NONE', ( #5444, #3896, #3333, #7723 ) ) ;
#2806 = CARTESIAN_POINT ( 'NONE',  ( -197.0189848206525767, 175.2894191189605522, 15.14732989624551074 ) ) ;
#2807 = CARTESIAN_POINT ( 'NONE',  ( -210.9596868601017547, 189.2970517144177904, 3.529248915297344968 ) ) ;
#2808 = FACE_OUTER_BOUND ( 'NONE', #5867, .T. ) ;
#2809 = AXIS2_PLACEMENT_3D ( 'NONE', #3090, #6823, #1868 ) ;
#2810 = CARTESIAN_POINT ( 'NONE',  ( 36.91230832940668449, -32.22513249195589680, 48.41531176901771261 ) ) ;
#2811 = CARTESIAN_POINT ( 'NONE',  ( 213.0393231713888724, -188.9513912853262809, 1.576526349747044309 ) ) ;
#2812 = ORIENTED_EDGE ( 'NONE', *, *, #3662, .F. ) ;
#2813 = CARTESIAN_POINT ( 'NONE',  ( 215.8999999999992951, 190.5000000000000000, -0.1011166486430243316 ) ) ;
#2814 = CARTESIAN_POINT ( 'NONE',  ( 213.2018270398243374, -189.0976678967872147, -0.1014346312125887634 ) ) ;
#2815 = CARTESIAN_POINT ( 'NONE',  ( 178.1992122066986894, -158.6466006279182182, 21.75639619107462863 ) ) ;
#2816 = CARTESIAN_POINT ( 'NONE',  ( -175.6303503045041623, 152.9201193709524773, 23.03918418101526200 ) ) ;
#2817 = ORIENTED_EDGE ( 'NONE', *, *, #3903, .T. ) ;
#2818 = CARTESIAN_POINT ( 'NONE',  ( 17.21554900768659380, 30.48096750598762483, 50.02572171544463231 ) ) ;
#2819 = CARTESIAN_POINT ( 'NONE',  ( 43.21737231101643317, 5.218163292095290728, 48.67825951123175088 ) ) ;
#2820 = CARTESIAN_POINT ( 'NONE',  ( -215.3671567275790153, 186.1787840265556326, -0.7499908772995507178 ) ) ;
#2821 = CARTESIAN_POINT ( 'NONE',  ( 214.7878422695080474, 183.3727354494241695, 4.000632761503055690 ) ) ;
#2822 = CARTESIAN_POINT ( 'NONE',  ( 212.4249882542092962, -189.6163523759690293, 0.06705479157665791834 ) ) ;
#2823 = CARTESIAN_POINT ( 'NONE',  ( 99.84020818892693683, -87.89468569968660461, 38.50126244774272521 ) ) ;
#2824 = CARTESIAN_POINT ( 'NONE',  ( -215.7676560778697024, -190.4379832974588282, 1.444804171952678518 ) ) ;
#2825 = CARTESIAN_POINT ( 'NONE',  ( -174.0371035094832735, 192.2711132655192330, 9.629649721936185834E-32 ) ) ;
#2826 = CARTESIAN_POINT ( 'NONE',  ( 208.6696715848760846, -189.8544488817610443, 3.203226229953285653 ) ) ;
#2827 = EDGE_CURVE ( 'NONE', #3913, #736, #6769, .T. ) ;
#2828 = CARTESIAN_POINT ( 'NONE',  ( -209.6952639832842635, 187.6989394458565812, 6.236171451955655698 ) ) ;
#2829 = CARTESIAN_POINT ( 'NONE',  ( -34.76418594429487285, 4.188584829270419085, 58.56054985726425599 ) ) ;
#2830 = CARTESIAN_POINT ( 'NONE',  ( -209.8162813579974113, 190.4999855277358449, 0.01614595016275384778 ) ) ;
#2831 = EDGE_CURVE ( 'NONE', #4517, #4641, #1930, .T. ) ;
#2832 = CARTESIAN_POINT ( 'NONE',  ( 210.6416893072106973, -190.2428230695208811, 1.199298753043273491 ) ) ;
#2833 = CARTESIAN_POINT ( 'NONE',  ( -164.7604678461704850, -143.5316823154600741, 25.84011999028239259 ) ) ;
#2834 = CARTESIAN_POINT ( 'NONE',  ( 208.7932267790588412, -187.6285037389488366, 6.600703019196481058 ) ) ;
#2835 = CARTESIAN_POINT ( 'NONE',  ( -62.00511403234037289, 54.71105818743308902, 44.55906601533325073 ) ) ;
#2836 = EDGE_LOOP ( 'NONE', ( #4076, #4555 ) ) ;
#2837 = CARTESIAN_POINT ( 'NONE',  ( -207.6040082140766003, 181.7763915054026995, 10.41312714774163162 ) ) ;
#2838 = CARTESIAN_POINT ( 'NONE',  ( -210.7106551833717276, 190.3040349832450033, 0.5475676865609689914 ) ) ;
#2839 = CARTESIAN_POINT ( 'NONE',  ( 69.10215070013749994, 61.87249036972747263, 43.33290447915771892 ) ) ;
#2840 = CARTESIAN_POINT ( 'NONE',  ( 213.5164598749669267, 190.9806094292082435, -0.000000000000000000 ) ) ;
#2841 = CARTESIAN_POINT ( 'NONE',  ( 39.53527340603019269, -34.54435640162238030, 48.01840022916064754 ) ) ;
#2842 = CARTESIAN_POINT ( 'NONE',  ( 174.0383914297169952, -190.3212140580144194, 1.552117329857267025 ) ) ;
#2843 = CARTESIAN_POINT ( 'NONE',  ( 202.5880495573411224, -180.4699586103731974, 12.31671383564685662 ) ) ;
#2844 = CARTESIAN_POINT ( 'NONE',  ( -215.4995912949248691, -185.2701944483081604, 1.572978436435766403 ) ) ;
#2845 = ORIENTED_EDGE ( 'NONE', *, *, #2251, .F. ) ;
#2846 = CARTESIAN_POINT ( 'NONE',  ( -195.3331521762931118, 175.1599738284073169, 15.26343373410091786 ) ) ;
#2847 = CARTESIAN_POINT ( 'NONE',  ( -197.9083333333334167, 190.5000000000000284, 0.000000000000000000 ) ) ;
#2848 = CARTESIAN_POINT ( 'NONE',  ( -213.1112982694204447, 187.9854537459946187, 3.479499639580097003 ) ) ;
#2849 = CARTESIAN_POINT ( 'NONE',  ( -30.65832199291440219, 31.36587096135763630, 48.90908437309965251 ) ) ;
#2850 = AXIS2_PLACEMENT_3D ( 'NONE', #2533, #3091, #4285 ) ;
#2851 = DIRECTION ( 'NONE',  ( 1.000000000000000000, -0.000000000000000000, -0.000000000000000000 ) ) ;
#2852 = CARTESIAN_POINT ( 'NONE',  ( 217.2145958877593159, -186.3446648841701005, 0.000000000000000000 ) ) ;
#2853 = VERTEX_POINT ( 'NONE', #483 ) ;
#2854 = CARTESIAN_POINT ( 'NONE',  ( 208.8999999999998920, 190.5000000000000568, -0.04031459716785617403 ) ) ;
#2855 = CARTESIAN_POINT ( 'NONE',  ( 210.7322351905148707, -190.3178087366781881, -0.04063248314206800715 ) ) ;
#2856 = CARTESIAN_POINT ( 'NONE',  ( 189.1494187853085407, -168.9648128838592243, 18.00526725398276895 ) ) ;
#2857 = CARTESIAN_POINT ( 'NONE',  ( -217.6836110407054150, -183.4969353413795261, 0.000000000000000000 ) ) ;
#2858 = UNCERTAINTY_MEASURE_WITH_UNIT (LENGTH_MEASURE( 1.000000000000000082E-05 ), #7575, 'distance_accuracy_value', 'NONE');
#2859 = CARTESIAN_POINT ( 'NONE',  ( -153.1066945474075283, 133.9660813252272931, 28.50938976923013257 ) ) ;
#2860 = AXIS2_PLACEMENT_3D ( 'NONE', #4596, #5177, #6392 ) ;
#2861 = CARTESIAN_POINT ( 'NONE',  ( 25.98792475563364235, 23.44414141945750885, 58.92519608697404010 ) ) ;
#2862 = CARTESIAN_POINT ( 'NONE',  ( -223.8999999999999204, 190.5000000000000853, 2.000000000000000000 ) ) ;
#2863 = CARTESIAN_POINT ( 'NONE',  ( -215.0165047184799221, 187.0253328625963150, -0.2635736927345287417 ) ) ;
#2864 = CARTESIAN_POINT ( 'NONE',  ( 208.5466424470639026, 189.5811304898477658, 3.810657692176912192 ) ) ;
#2865 = AXIS2_PLACEMENT_3D ( 'NONE', #6957, #965, #5856 ) ;
#2866 = CARTESIAN_POINT ( 'NONE',  ( 214.4971655322817981, -187.8016892622150351, 0.08411875902506982250 ) ) ;
#2867 = CARTESIAN_POINT ( 'NONE',  ( 145.7958711107552574, -127.0441935865419509, 30.07360180372471703 ) ) ;
#2868 = CARTESIAN_POINT ( 'NONE',  ( -208.8823877598908894, -190.4519358751022367, 0.8778987876671270341 ) ) ;
#2869 = CARTESIAN_POINT ( 'NONE',  ( -139.2316259693665188, 190.3012674237170074, 1.486701558482534935 ) ) ;
#2870 = CARTESIAN_POINT ( 'NONE',  ( 214.3112563478094046, -185.7616183830513421, 3.991190341575438616 ) ) ;
#2871 = VERTEX_POINT ( 'NONE', #524 ) ;
#2872 = AXIS2_PLACEMENT_3D ( 'NONE', #749, #1347, #709 ) ;
#2873 = CARTESIAN_POINT ( 'NONE',  ( -212.2361734162709297, 186.2594432545474774, 6.027386922941420089 ) ) ;
#2874 = CARTESIAN_POINT ( 'NONE',  ( -15.32394168781110366, -31.47304700386237997, 58.32872202458982969 ) ) ;
#2875 = CARTESIAN_POINT ( 'NONE',  ( -27.76290518294188914, -21.33837913463165847, 58.88776007008180358 ) ) ;
#2876 = CARTESIAN_POINT ( 'NONE',  ( -215.0164771168770415, 187.0253266318579790, 0.01990379995989384823 ) ) ;
#2877 = CARTESIAN_POINT ( 'NONE',  ( 215.1037038369627510, -186.1155922059215584, 1.967346504476891633 ) ) ;
#2878 = CARTESIAN_POINT ( 'NONE',  ( 215.8999999999999488, -190.4999999999999716, 21.48530440293794186 ) ) ;
#2879 = ADVANCED_FACE ( 'NONE', ( #2888 ), #5300, .F. ) ;
#2880 = CARTESIAN_POINT ( 'NONE',  ( 211.8348389129550924, -184.2573091998448263, 7.220367246527159111 ) ) ;
#2881 = CARTESIAN_POINT ( 'NONE',  ( -92.74949042015980183, 80.71286493491602698, 39.74797282166315426 ) ) ;
#2882 = ORIENTED_EDGE ( 'NONE', *, *, #2018, .T. ) ;
#2883 = CARTESIAN_POINT ( 'NONE',  ( -206.3118965295545877, 184.0838233646034325, 9.792478124920018345 ) ) ;
#2884 = CARTESIAN_POINT ( 'NONE',  ( -208.8973584255627429, 190.4936780467366475, 0.3282677415201294413 ) ) ;
#2885 = CARTESIAN_POINT ( 'NONE',  ( 25.98792475563364590, 23.44414141945754437, 58.92519608697405431 ) ) ;
#2886 = CARTESIAN_POINT ( 'NONE',  ( -40.55245520156836392, 15.99454351674254049, 48.78325282222382953 ) ) ;
#2887 = CARTESIAN_POINT ( 'NONE',  ( 35.72406698784587320, -31.25963927590258606, 48.58992915471250029 ) ) ;
#2888 = FACE_OUTER_BOUND ( 'NONE', #7533, .T. ) ;
#2889 = CARTESIAN_POINT ( 'NONE',  ( 204.8900910895409311, -177.8364444939836631, 12.31932413814723049 ) ) ;
#2890 = CARTESIAN_POINT ( 'NONE',  ( -213.2590578411341369, -189.2145653801372021, -5.419578372933630620E-12 ) ) ;
#2891 = CARTESIAN_POINT ( 'NONE',  ( -195.8399396507014387, 174.6900610827880485, 15.48600780704923530 ) ) ;
#2892 = CARTESIAN_POINT ( 'NONE',  ( -2.433327234101515302, -34.93670173920205713, 57.93774180811632135 ) ) ;
#2893 = CARTESIAN_POINT ( 'NONE',  ( 197.9083333333332178, 190.5000000000000284, 20.42102681433319589 ) ) ;
#2894 = CARTESIAN_POINT ( 'NONE',  ( -208.8319693457042092, 190.2936680725056533, 1.819786651351250839 ) ) ;
#2895 = CARTESIAN_POINT ( 'NONE',  ( 32.93755291272202612, -28.98645775336330388, 48.99815613044273732 ) ) ;
#2896 = CARTESIAN_POINT ( 'NONE',  ( -215.7293584012460599, 183.4967789680677015, 1.574680594478692131 ) ) ;
#2897 = CARTESIAN_POINT ( 'NONE',  ( 213.6188393880904357, -188.9213999029485649, -9.171734639320715797E-12 ) ) ;
#2898 = CARTESIAN_POINT ( 'NONE',  ( -214.3136766343935165, 187.6876776630814732, 1.573751006930075080 ) ) ;
#2899 = CARTESIAN_POINT ( 'NONE',  ( 215.3671567275789869, -186.1787840265556042, -9.771776172708920058E-05 ) ) ;
#2900 = CARTESIAN_POINT ( 'NONE',  ( 185.4510473820337495, -165.5786804773991605, 19.33526294546661362 ) ) ;
#2901 = CARTESIAN_POINT ( 'NONE',  ( -87.21128094299518807, 75.87406379271664036, 40.64662005237651954 ) ) ;
#2902 = CARTESIAN_POINT ( 'NONE',  ( -155.4478439045455218, 138.8668611600327836, 27.47647258187746999 ) ) ;
#2903 = CARTESIAN_POINT ( 'NONE',  ( -25.98792483414294807, 23.44414133242965548, 58.92519609199868569 ) ) ;
#2904 = CARTESIAN_POINT ( 'NONE',  ( 225.8999999999999488, 150.0000000000000000, 37.49999999999999289 ) ) ;
#2905 = CARTESIAN_POINT ( 'NONE',  ( -215.3671567275790153, 186.1787840265556326, -0.4257127542561995881 ) ) ;
#2906 = CARTESIAN_POINT ( 'NONE',  ( 214.5914393375871612, 189.5452827160860068, 4.568378625078764799 ) ) ;
#2907 = CARTESIAN_POINT ( 'NONE',  ( 213.8495651697947153, -188.4496887316413165, 0.05183659261598722728 ) ) ;
#2908 = CARTESIAN_POINT ( 'NONE',  ( 148.0954238358495161, -132.0209338283919465, 29.21080000179665248 ) ) ;
#2909 = CARTESIAN_POINT ( 'NONE',  ( -215.6779581651913702, -190.3886896928416377, 1.867971752480568570 ) ) ;
#2910 = CARTESIAN_POINT ( 'NONE',  ( 32.86088039309132824, -29.07148416928217571, 48.99739561425817413 ) ) ;
#2911 = CARTESIAN_POINT ( 'NONE',  ( 14.98812667875689364, -40.40940086412485499, 48.38251551554955654 ) ) ;
#2912 = CARTESIAN_POINT ( 'NONE',  ( 40.80008214624907481, 35.56373865189238614, 47.83211745923670577 ) ) ;
#2913 = CARTESIAN_POINT ( 'NONE',  ( -213.8497060411908137, 188.4497340712384812, 0.02479714082033539213 ) ) ;
#2914 = CARTESIAN_POINT ( 'NONE',  ( 215.6224790848264092, -184.3864556212288619, 2.007986951049448798 ) ) ;
#2915 = CARTESIAN_POINT ( 'NONE',  ( -115.4832860148883213, -100.5818251607538087, 35.88733907443070592 ) ) ;
#2916 = CARTESIAN_POINT ( 'NONE',  ( 212.3281144284618733, -184.5846398644608826, 6.714288678975614211 ) ) ;
#2917 = CARTESIAN_POINT ( 'NONE',  ( -99.64291525519898585, 88.11647937050474866, 38.48892068622230056 ) ) ;
#2918 = EDGE_LOOP ( 'NONE', ( #7538, #4396, #6433, #3996 ) ) ;
#2919 = CARTESIAN_POINT ( 'NONE',  ( 8.317207795009830207, -41.99865942956849807, 48.25414163507234377 ) ) ;
#2920 = CARTESIAN_POINT ( 'NONE',  ( -205.1386943664513751, 184.9894278423523701, 9.240810483412335685 ) ) ;
#2921 = CARTESIAN_POINT ( 'NONE',  ( -208.8993420627735986, 190.4984396023703539, 0.1631637859591313633 ) ) ;
#2922 = CARTESIAN_POINT ( 'NONE',  ( 26.17504674781964980, 23.23671594091056036, 50.00190764041921199 ) ) ;
#2923 = CARTESIAN_POINT ( 'NONE',  ( -33.86150374944265451, -27.89159244065399790, 48.97762547858371818 ) ) ;
#2924 = CARTESIAN_POINT ( 'NONE',  ( 43.30112590545247997, -37.88153851602491784, 47.44597508145283626 ) ) ;
#2925 = CARTESIAN_POINT ( 'NONE',  ( -225.8999999999999204, -198.5000000000000284, 2.000000000000001776 ) ) ;
#2926 = CARTESIAN_POINT ( 'NONE',  ( 205.9076876167651733, -178.6155633316978992, 11.73819955699913109 ) ) ;
#2927 = CARTESIAN_POINT ( 'NONE',  ( -215.8999999999999204, 200.5000000000000568, 85.00000000000000000 ) ) ;
#2928 = VERTEX_POINT ( 'NONE', #1717 ) ;
#2929 = CARTESIAN_POINT ( 'NONE',  ( 25.60813520224247597, 112.5480210578140827, 31.96277954046267666 ) ) ;
#2930 = CARTESIAN_POINT ( 'NONE',  ( -214.7201278564853908, 185.9633629492362275, 3.117373393600992415 ) ) ;
#2931 = CARTESIAN_POINT ( 'NONE',  ( -215.7293584012458894, -183.4967789686987203, 1.574680594478592655 ) ) ;
#2932 = FACE_OUTER_BOUND ( 'NONE', #76, .T. ) ;
#2933 = VERTEX_POINT ( 'NONE', #6692 ) ;
#2934 = CARTESIAN_POINT ( 'NONE',  ( 139.6141447770803268, -190.6970936567718411, 2.136595398481561430E-10 ) ) ;
#2935 = CARTESIAN_POINT ( 'NONE',  ( 215.8999999999999488, -184.4162978572970246, -0.4257127542553629795 ) ) ;
#2936 = ADVANCED_FACE ( 'NONE', ( #4125 ), #742, .T. ) ;
#2937 = CARTESIAN_POINT ( 'NONE',  ( 187.2439888343406835, -163.6143495263021066, 19.52699504778474804 ) ) ;
#2938 = CARTESIAN_POINT ( 'NONE',  ( -195.1508531662673249, 174.9795543153010726, 15.37036845399212481 ) ) ;
#2939 = CARTESIAN_POINT ( 'NONE',  ( -156.7509443626333336, 137.4358473607511826, 27.66065150519511207 ) ) ;
#2940 = B_SPLINE_CURVE_WITH_KNOTS ( 'NONE', 3,
 ( #1182, #4744, #2912, #6028, #5402, #2437, #5914, #1808, #2400, #4817, #6578, #7208, #4226, #7247, #4154, #625, #4070, #5326, #5286, #3511, #1218, #1742, #1106, #1146, #40, #468, #2284, #7097, #4114, #2323, #3550, #5952, #2953, #5364, #7760, #2360, #4783, #1963, #4263, #6653, #5515, #5004, #2514, #3222, #3184, #4967 ),
 .UNSPECIFIED., .F., .F.,
 ( 4, 2, 2, 2, 2, 2, 2, 2, 2, 2, 2, 2, 2, 2, 2, 2, 2, 2, 2, 2, 2, 2, 4 ),
 ( 0.008851136640282676604, 0.02432403607347024405, 0.03979693550665780455, 0.07074273437303295331, 0.1016885332394080743, 0.1326343321057832092, 0.1635801309721583718, 0.1790530304053458976, 0.1945259298385334512, 0.2099988292717210048, 0.2177352789883148232, 0.2254717287049086416, 0.2332081784215024600, 0.2370764032797993415, 0.2409446281380962229, 0.2448128529963931321, 0.2467469654255415867, 0.2486810778546900136, 0.2506151902838384959, 0.2525493027129869228, 0.2544834151421353496, 0.2554504713567095631, 0.2564175275712837765 ),
 .UNSPECIFIED. ) ;
#2941 = CIRCLE ( 'NONE', #7349, 35.00000000000000711 ) ;
#2942 = CARTESIAN_POINT ( 'NONE',  ( -1.238720946400547973, 35.00011573688210831, 50.00106308224778928 ) ) ;
#2943 = FACE_BOUND ( 'NONE', #5215, .T. ) ;
#2944 = CARTESIAN_POINT ( 'NONE',  ( -212.4253328625963206, 189.6165047184798027, -0.4257127542561995881 ) ) ;
#2945 = CARTESIAN_POINT ( 'NONE',  ( 215.8993675376376871, 190.4997148335090174, 0.1007999433836918868 ) ) ;
#2946 = CARTESIAN_POINT ( 'NONE',  ( 215.8999748493529864, -183.4999997170385768, 0.01919600670215954735 ) ) ;
#2947 = CARTESIAN_POINT ( 'NONE',  ( 144.2088756622476353, -128.8178401122346486, 29.95889040543454129 ) ) ;
#2948 = CARTESIAN_POINT ( 'NONE',  ( -208.8999298652290122, -190.4998320580691313, 0.05281498815147365328 ) ) ;
#2949 = CARTESIAN_POINT ( 'NONE',  ( -69.61644831140581857, 190.2704840246755680, 1.374876356340668071 ) ) ;
#2950 = AXIS2_PLACEMENT_3D ( 'NONE', #207, #6744, #7345 ) ;
#2951 = ORIENTED_EDGE ( 'NONE', *, *, #1438, .F. ) ;
#2952 = CIRCLE ( 'NONE', #5094, 35.00000000000000711 ) ;
#2953 = CARTESIAN_POINT ( 'NONE',  ( 209.8013032612657298, 180.8447987417081038, 9.234741294317888816 ) ) ;
#2954 = CARTESIAN_POINT ( 'NONE',  ( -211.5787595308742368, 189.9671441347495033, 0.01841251284404221006 ) ) ;
#2955 = CARTESIAN_POINT ( 'NONE',  ( 214.3301450050160213, -187.7464690761489123, 1.560137694950565868 ) ) ;
#2956 = CARTESIAN_POINT ( 'NONE',  ( -84.11856598659281303, -75.27477222690373537, 40.91561960489783445 ) ) ;
#2957 = CARTESIAN_POINT ( 'NONE',  ( 207.4261434630475378, -187.7632122867406395, 6.549981732409263735 ) ) ;
#2958 = CARTESIAN_POINT ( 'NONE',  ( -92.19438343469364838, 81.34685296044565916, 39.76464652804730093 ) ) ;
#2959 = ORIENTED_EDGE ( 'NONE', *, *, #2209, .T. ) ;
#2960 = CARTESIAN_POINT ( 'NONE',  ( -206.3825414548414585, 184.8941654942363186, 9.280325928788576206 ) ) ;
#2961 = CARTESIAN_POINT ( 'NONE',  ( -215.7856710363202524, 184.4071065141483814, 1.290804252231648075 ) ) ;
#2962 = CARTESIAN_POINT ( 'NONE',  ( 215.4969472019330112, -189.3279654728009120, -0.000000000000000000 ) ) ;
#2963 = CARTESIAN_POINT ( 'NONE',  ( 85.96861732026613367, -76.92393475863943308, 40.61324095328218675 ) ) ;
#2964 = CARTESIAN_POINT ( 'NONE',  ( 39.30000710038119394, -34.81328557168561133, 48.01709515024108299 ) ) ;
#2965 = CARTESIAN_POINT ( 'NONE',  ( -225.8999999999999204, -150.0000000000000000, 50.00000000000000000 ) ) ;
#2966 = CARTESIAN_POINT ( 'NONE',  ( 206.0809653743215790, -180.5286973177311722, 11.37221590444612218 ) ) ;
#2967 = CARTESIAN_POINT ( 'NONE',  ( -31.74154546194190374, 28.17067182126350389, 49.15777176593338282 ) ) ;
#2968 = CARTESIAN_POINT ( 'NONE',  ( -7.671513340247806956E-05, 112.8849116609284380, 31.70124353946637186 ) ) ;
#2969 = CARTESIAN_POINT ( 'NONE',  ( -209.6152390400377499, 190.1662849411740694, 2.323718228572885458 ) ) ;
#2970 = CARTESIAN_POINT ( 'NONE',  ( -216.0662222327098334, -60.69229503522227986, -5.858362974519048385E-10 ) ) ;
#2971 = CARTESIAN_POINT ( 'NONE',  ( 217.6262127638707398, -184.6558125624478350, 0.000000000000000000 ) ) ;
#2972 = CARTESIAN_POINT ( 'NONE',  ( 208.8460604039521513, -190.3381654394181339, 1.603115278390397913 ) ) ;
#2973 = CARTESIAN_POINT ( 'NONE',  ( 212.4253328625962638, -189.6165047184798027, -0.1419693965929391122 ) ) ;
#2974 = CARTESIAN_POINT ( 'NONE',  ( 184.7730433039778859, -162.6353549794686444, 20.17550359727106368 ) ) ;
#2975 = EDGE_CURVE ( 'NONE', #547, #1070, #960, .T. ) ;
#2976 = DIRECTION ( 'NONE',  ( -0.000000000000000000, 1.000000000000000000, 0.000000000000000000 ) ) ;
#2977 = CARTESIAN_POINT ( 'NONE',  ( -183.7931906842219689, 163.6894289838837722, 20.01429794601064671 ) ) ;
#2978 = EDGE_CURVE ( 'NONE', #4750, #2871, #3301, .T. ) ;
#2979 = CARTESIAN_POINT ( 'NONE',  ( -14.98812667873962212, 40.40940086414195065, 48.38251551554713359 ) ) ;
#2980 = CARTESIAN_POINT ( 'NONE',  ( -209.4270271588647745, 192.2988464326494693, 0.000000000000000000 ) ) ;
#2981 = CARTESIAN_POINT ( 'NONE',  ( -215.7178087366782222, 185.3322351905149787, -1.398547123386250313 ) ) ;
#2982 = CARTESIAN_POINT ( 'NONE',  ( 215.8116373994973571, 190.4597993634663453, 1.201121521636013822 ) ) ;
#2983 = CARTESIAN_POINT ( 'NONE',  ( 215.7177268641834189, -185.3322248080213228, 0.03543485787150980199 ) ) ;
#2984 = CARTESIAN_POINT ( 'NONE',  ( 130.2843072336642649, -114.2305467433966299, 33.14778165837194024 ) ) ;
#2985 = CARTESIAN_POINT ( 'NONE',  ( -208.9000000736884886, -190.4999999999999432, -0.0008286679029361790046 ) ) ;
#2986 = CARTESIAN_POINT ( 'NONE',  ( -205.1442556436007294, -184.9917481367224070, 9.245863973006633429 ) ) ;
#2987 = VECTOR ( 'NONE', #6358, 1000.000000000000000 ) ;
#2988 = EDGE_LOOP ( 'NONE', ( #4682, #2697 ) ) ;
#2989 = AXIS2_PLACEMENT_3D ( 'NONE', #3958, #2215, #3358 ) ;
#2990 = CARTESIAN_POINT ( 'NONE',  ( -26.32429621422912547, -23.06624773174161547, 50.00097781202111946 ) ) ;
#2991 = CARTESIAN_POINT ( 'NONE',  ( -209.8162978572970587, 190.5000000000000000, 6.062116545664508331E-05 ) ) ;
#2992 = CARTESIAN_POINT ( 'NONE',  ( 214.9577184757787336, -187.0120261435753832, 0.9438567845158472025 ) ) ;
#2993 = CARTESIAN_POINT ( 'NONE',  ( 215.8999999999999488, -190.5000000000000284, 85.00000000000000000 ) ) ;
#2994 = CARTESIAN_POINT ( 'NONE',  ( 213.6030536489497820, -184.5145348613722547, 5.553136941213074884 ) ) ;
#2995 = CARTESIAN_POINT ( 'NONE',  ( -99.54395586323512646, 88.22683687187888779, 38.47806077607167907 ) ) ;
#2996 = CIRCLE ( 'NONE', #1113, 10.00000000000000888 ) ;
#2997 = ORIENTED_EDGE ( 'NONE', *, *, #4100, .F. ) ;
#2998 = CARTESIAN_POINT ( 'NONE',  ( -211.5055228498200108, 181.9107117621772147, 7.864920163388550378 ) ) ;
#2999 = CARTESIAN_POINT ( 'NONE',  ( -215.3077896786245162, 186.1683148010800721, 0.9529273621782806680 ) ) ;
#3000 = CIRCLE ( 'NONE', #6027, 12.50000000000001066 ) ;
#3001 = CARTESIAN_POINT ( 'NONE',  ( 85.16921046977738285, 74.09107493534951061, 40.97535363801575414 ) ) ;
#3002 = CARTESIAN_POINT ( 'NONE',  ( 215.8744927477029592, 188.8701334380249079, -0.000000000000000000 ) ) ;
#3003 = CARTESIAN_POINT ( 'NONE',  ( 61.93770637731618933, -54.78734145148698076, 44.55612179422789154 ) ) ;
#3004 = CARTESIAN_POINT ( 'NONE',  ( 209.2805081824750175, -180.4921075202204577, 9.604479202867848286 ) ) ;
#3005 = CARTESIAN_POINT ( 'NONE',  ( -31.90257814019368965, 27.98635105838008386, 49.15954653027570487 ) ) ;
#3006 = ORIENTED_EDGE ( 'NONE', *, *, #145, .F. ) ;
#3007 = CARTESIAN_POINT ( 'NONE',  ( -161.9250000000000966, 190.5000000000000853, 0.000000000000000000 ) ) ;
#3008 = CARTESIAN_POINT ( 'NONE',  ( -210.4573207924072449, 189.9974529423267029, 2.385775343741924015 ) ) ;
#3009 = CARTESIAN_POINT ( 'NONE',  ( 208.8445242821260024, -192.2983899566820867, 0.000000000000000000 ) ) ;
#3010 = CARTESIAN_POINT ( 'NONE',  ( -215.7294833822709563, -180.8301123351288311, 1.575081754401965961 ) ) ;
#3011 = ORIENTED_EDGE ( 'NONE', *, *, #1004, .F. ) ;
#3012 = CARTESIAN_POINT ( 'NONE',  ( -211.1642468126163976, 190.3059319666649287, 9.096063345098118635E-13 ) ) ;
#3013 = CARTESIAN_POINT ( 'NONE',  ( 215.8999999999999488, -183.4999999999999716, -0.2635736927339806246 ) ) ;
#3014 = CARTESIAN_POINT ( 'NONE',  ( 183.7885339359178261, -159.9069155902022032, 20.65070537896815495 ) ) ;
#3015 = LINE ( 'NONE', #4880, #725 ) ;
#3016 = UNCERTAINTY_MEASURE_WITH_UNIT (LENGTH_MEASURE( 1.000000000000000082E-05 ), #6965, 'distance_accuracy_value', 'NONE');
#3017 = CARTESIAN_POINT ( 'NONE',  ( -178.7463266489557441, 158.0641578091507142, 21.87269434943441837 ) ) ;
#3018 = EDGE_CURVE ( 'NONE', #7045, #261, #1532, .T. ) ;
#3019 = CARTESIAN_POINT ( 'NONE',  ( -213.8885260479465842, 183.0936269697751868, 5.357287604840061057 ) ) ;
#3020 = CARTESIAN_POINT ( 'NONE',  ( -4.341282083338541042, 34.73544705898725482, 50.00414032571330125 ) ) ;
#3021 = CARTESIAN_POINT ( 'NONE',  ( -205.1345251657648703, -177.4910585523707311, 12.18487373469586110 ) ) ;
#3022 = CARTESIAN_POINT ( 'NONE',  ( -215.3671567275790153, 186.1787840265556326, -1.074269000342903180 ) ) ;
#3023 = CARTESIAN_POINT ( 'NONE',  ( 208.8898533952588537, 190.4737674796712099, 0.6511898075676084696 ) ) ;
#3024 = CARTESIAN_POINT ( 'NONE',  ( 215.7177805997475843, -185.3322316160377170, 0.02028973188068807637 ) ) ;
#3025 = CARTESIAN_POINT ( 'NONE',  ( 121.6899216136606583, -108.7381618800648369, 34.40526261272103881 ) ) ;
#3026 = CARTESIAN_POINT ( 'NONE',  ( -208.9000000000005741, -190.4999999999999432, -0.1011166486416488208 ) ) ;
#3027 = DIRECTION ( 'NONE',  ( 0.000000000000000000, 0.000000000000000000, 1.000000000000000000 ) ) ;
#3028 = ORIENTED_EDGE ( 'NONE', *, *, #6724, .F. ) ;
#3029 = CARTESIAN_POINT ( 'NONE',  ( -39.88992869596579993, -17.84025535086933445, 48.80743007670054112 ) ) ;
#3030 = CARTESIAN_POINT ( 'NONE',  ( -210.7322348747216267, 190.3178085348764341, 0.002950302658176113570 ) ) ;
#3031 = CARTESIAN_POINT ( 'NONE',  ( 215.5991420646434733, -185.3153712124534991, 1.314917790514636975 ) ) ;
#3032 = CARTESIAN_POINT ( 'NONE',  ( -206.8204736065254679, -186.9688962751246208, 7.424556849961181371 ) ) ;
#3033 = EDGE_CURVE ( 'NONE', #4261, #736, #3363, .T. ) ;
#3034 = CARTESIAN_POINT ( 'NONE',  ( 208.1938003784920852, -188.9250740819514363, 4.973294777851592130 ) ) ;
#3035 = B_SPLINE_CURVE_WITH_KNOTS ( 'NONE', 3,
 ( #6008, #607, #3010, #5419, #5608, #2759, #1431, #5026, #358, #2058, #3244, #6941, #5135, #795, #2717, #7423, #6862, #3796, #1547, #7537, #3955, #3835 ),
 .UNSPECIFIED., .F., .F.,
 ( 4, 3, 3, 3, 3, 3, 3, 4 ),
 ( 8.326672684688674053E-17, 0.004000000000005415023, 0.02000000000068770725, 0.08400000004756132121, 0.2254967788791400474, 0.3139741741694778154, 0.3563896825019388093, 0.3669935597400172389 ),
 .UNSPECIFIED. ) ;
#3036 = CARTESIAN_POINT ( 'NONE',  ( -122.3806575537631431, 107.9794928898673163, 34.52766736272810988 ) ) ;
#3037 = ORIENTED_EDGE ( 'NONE', *, *, #5976, .T. ) ;
#3038 = CARTESIAN_POINT ( 'NONE',  ( -208.8343097763137450, 185.0167627912032344, 8.596709756161654781 ) ) ;
#3039 = CARTESIAN_POINT ( 'NONE',  ( 24.33781897962577290, -25.27329030007614108, 58.82603906958313900 ) ) ;
#3040 = CARTESIAN_POINT ( 'NONE',  ( -214.4955643771914140, 187.8012556631546488, 0.1719533818931208158 ) ) ;
#3041 = CARTESIAN_POINT ( 'NONE',  ( 204.1196527389590472, 176.7108149989591368, 12.72696022215134981 ) ) ;
#3042 = CARTESIAN_POINT ( 'NONE',  ( 202.8329777556342322, -182.5147201630261122, 11.10321112773731045 ) ) ;
#3043 = CARTESIAN_POINT ( 'NONE',  ( 54.68837185388708377, -47.79107738610836265, 45.71808777413612290 ) ) ;
#3044 = CARTESIAN_POINT ( 'NONE',  ( 208.8243730958533888, -183.4778736859942967, 9.327945766980329623 ) ) ;
#3045 = CARTESIAN_POINT ( 'NONE',  ( -26.32429621090481930, 23.06624773553538077, 50.00097781201390745 ) ) ;
#3046 = CARTESIAN_POINT ( 'NONE',  ( -4.972270290720889108, -34.65086679204721776, 50.00513307194913892 ) ) ;
#3047 = CARTESIAN_POINT ( 'NONE',  ( -199.5205527659790334, 178.1323637744595203, 13.73638568884733857 ) ) ;
#3048 = CARTESIAN_POINT ( 'NONE',  ( -215.6489101952599015, 183.4936528164854792, 1.908445163899788799 ) ) ;
#3049 = CARTESIAN_POINT ( 'NONE',  ( 215.7294833822708711, 180.8301123351288879, 1.575081754401963297 ) ) ;
#3050 = DIRECTION ( 'NONE',  ( 1.000000000000000000, 0.000000000000000000, 0.000000000000000000 ) ) ;
#3051 = EDGE_LOOP ( 'NONE', ( #2130, #225 ) ) ;
#3052 = CARTESIAN_POINT ( 'NONE',  ( -214.2255203343370056, 190.5102215750152936, 0.000000000000000000 ) ) ;
#3053 = CARTESIAN_POINT ( 'NONE',  ( 208.8999999999999773, -190.4999999999999716, -0.2635736927339806246 ) ) ;
#3054 = CARTESIAN_POINT ( 'NONE',  ( 195.8399396507013819, -174.6900610827880200, 15.48600780704924418 ) ) ;
#3055 = CARTESIAN_POINT ( 'NONE',  ( -184.2911570637097611, 164.9007846124558796, 19.57586009744609257 ) ) ;
#3056 = MANIFOLD_SOLID_BREP ( 'Boss-Extrude6', #7008 ) ;
#3057 = CARTESIAN_POINT ( 'NONE',  ( -180.0655760395298728, 160.3250591287828968, 21.20157481601373561 ) ) ;
#3058 = CARTESIAN_POINT ( 'NONE',  ( -208.8989394773833794, 188.8761299352831031, 5.074377694079587720 ) ) ;
#3059 = CARTESIAN_POINT ( 'NONE',  ( -22.52508397169838972, 26.89871987751437743, 58.71622314969499001 ) ) ;
#3060 = CARTESIAN_POINT ( 'NONE',  ( -167.9722091196457541, -146.3124735133808940, 25.04843911204040552 ) ) ;
#3061 = CARTESIAN_POINT ( 'NONE',  ( -209.8162978572970587, 190.5000000000000000, -1.398547123386250313 ) ) ;
#3062 = CARTESIAN_POINT ( 'NONE',  ( 215.1531068777818518, 183.4437168140803749, 3.282298955756809633 ) ) ;
#3063 = CARTESIAN_POINT ( 'NONE',  ( 215.7175925398253185, -185.3322078606645675, 0.05825599759201312289 ) ) ;
#3064 = CARTESIAN_POINT ( 'NONE',  ( 163.2401628808027567, -145.2469714741700670, 25.80406750268735649 ) ) ;
#3065 = CARTESIAN_POINT ( 'NONE',  ( -215.8999999999999773, -183.5000000000000000, -0.002313314994376656879 ) ) ;
#3066 = CARTESIAN_POINT ( 'NONE',  ( -225.8999999999999204, 190.5000000000000853, 2.000000000000000000 ) ) ;
#3067 = ORIENTED_EDGE ( 'NONE', *, *, #1961, .T. ) ;
#3068 = MANIFOLD_SOLID_BREP ( 'Fillet9', #3484 ) ;
#3069 = CARTESIAN_POINT ( 'NONE',  ( 37.91288587616671890, 9.932388234532709248, 50.00000000000000000 ) ) ;
#3070 = CARTESIAN_POINT ( 'NONE',  ( -213.8497467282511195, 188.4497472276381700, 0.004631565447092616215 ) ) ;
#3071 = CARTESIAN_POINT ( 'NONE',  ( 213.1336879074765989, -189.0705900710416074, 0.9722746944782634237 ) ) ;
#3072 = CARTESIAN_POINT ( 'NONE',  ( -205.6241012606050163, -181.4538457683101740, 11.93437082966705276 ) ) ;
#3073 = CARTESIAN_POINT ( 'NONE',  ( 211.9146278949694704, -186.9494827491094213, 5.724975297354051307 ) ) ;
#3074 = EDGE_CURVE ( 'NONE', #1761, #5724, #3778, .T. ) ;
#3075 = CARTESIAN_POINT ( 'NONE',  ( -129.2018398296596047, 115.4296551141995053, 33.01045530114746640 ) ) ;
#3076 = CARTESIAN_POINT ( 'NONE',  ( -207.9338565217710482, 187.5137256520624476, 6.853987377531234770 ) ) ;
#3077 = EDGE_CURVE ( 'NONE', #7055, #2074, #4262, .T. ) ;
#3078 = CARTESIAN_POINT ( 'NONE',  ( 212.2879941543597795, -189.4482475241267423, 1.578929962107334273 ) ) ;
#3079 = CARTESIAN_POINT ( 'NONE',  ( -215.0072982211434862, 187.0233153976836320, 0.3626180382850759942 ) ) ;
#3080 = CARTESIAN_POINT ( 'NONE',  ( 192.6009146129390217, 172.5801629471961292, 16.47747397878163156 ) ) ;
#3081 = CARTESIAN_POINT ( 'NONE',  ( 214.3206484535894560, 187.6784110941746917, 1.573740156935313772 ) ) ;
#3082 = CARTESIAN_POINT ( 'NONE',  ( 54.74549776817927693, -47.72546665619069017, 45.71544382389495809 ) ) ;
#3083 = AXIS2_PLACEMENT_3D ( 'NONE', #482, #562, #4082 ) ;
#3084 = CARTESIAN_POINT ( 'NONE',  ( 207.1785718888054930, -184.2112172100573844, 9.561820564718242821 ) ) ;
#3085 = CARTESIAN_POINT ( 'NONE',  ( -30.65823172808383035, -31.36596497711457943, 48.90908072635668447 ) ) ;
#3086 = CARTESIAN_POINT ( 'NONE',  ( -211.6937744877832870, -191.8377166150328605, -0.000000000000000000 ) ) ;
#3087 = CARTESIAN_POINT ( 'NONE',  ( -200.6296227911574874, 177.0025197394014072, 13.98377215824611497 ) ) ;
#3088 = CARTESIAN_POINT ( 'NONE',  ( 7.578497316957629515, -42.12314224969107812, 48.24374615610442163 ) ) ;
#3089 = CARTESIAN_POINT ( 'NONE',  ( -213.6200670050997417, 188.3505761927114008, 1.839404875156081864 ) ) ;
#3090 = CARTESIAN_POINT ( 'NONE',  ( -215.8999999999999204, -198.5000000000000284, 2.000000000000001776 ) ) ;
#3091 = DIRECTION ( 'NONE',  ( 1.000000000000000000, -0.000000000000000000, -0.000000000000000000 ) ) ;
#3092 = ORIENTED_EDGE ( 'NONE', *, *, #6639, .T. ) ;
#3093 = CARTESIAN_POINT ( 'NONE',  ( -215.8864665906391735, 185.1419539918528017, -3.151066907067994640E-12 ) ) ;
#3094 = CARTESIAN_POINT ( 'NONE',  ( 211.5787840265556099, -189.9671567275789812, -0.1825041619732894471 ) ) ;
#3095 = CARTESIAN_POINT ( 'NONE',  ( 192.1160362116221165, -169.4971758237407755, 17.57904727869984285 ) ) ;
#3096 = CARTESIAN_POINT ( 'NONE',  ( -206.2056704772711271, 186.2127285635620808, 8.174870125357058370 ) ) ;
#3097 = CARTESIAN_POINT ( 'NONE',  ( -176.1603400214560509, 153.3778084321253914, 22.89858494491846130 ) ) ;
#3098 = B_SPLINE_SURFACE_WITH_KNOTS ( 'NONE', 3, 3, ( 
 ( #2586, #4895, #6725, #3664 ),
 ( #7402, #1411, #118, #189 ),
 ( #3814, #1845, #697, #3069 ),
 ( #4377, #4931, #5627, #2002 ) ),
 .UNSPECIFIED., .F., .F., .F.,
 ( 4, 4 ),
 ( 4, 4 ),
 ( 0.000000000000000000, 1.000000000000000000 ),
 ( 0.000000000000000000, 1.000000000000000000 ),
 .UNSPECIFIED. ) ;
#3099 = CARTESIAN_POINT ( 'NONE',  ( -208.5881704143775437, 189.6715474720552379, 3.614575355292633407 ) ) ;
#3100 = CARTESIAN_POINT ( 'NONE',  ( 192.8141101937628719, -167.5365874382697484, 17.62439193305279872 ) ) ;
#3101 = DIRECTION ( 'NONE',  ( 0.000000000000000000, 0.000000000000000000, 1.000000000000000000 ) ) ;
#3102 = CARTESIAN_POINT ( 'NONE',  ( 215.7293584012456904, 183.4967789686989192, 1.574680594478589546 ) ) ;
#3103 = CARTESIAN_POINT ( 'NONE',  ( 215.8999999999998352, 183.5000000000000284, -0.009913571430409683083 ) ) ;
#3104 = CARTESIAN_POINT ( 'NONE',  ( 212.4253015354493357, -189.6164907560855681, 0.02104539912832666462 ) ) ;
#3105 = CARTESIAN_POINT ( 'NONE',  ( 163.7051228347748975, -144.7441197109221207, 25.89388364359847117 ) ) ;
#3106 = CARTESIAN_POINT ( 'NONE',  ( -215.9000000000000057, -183.4999999977482901, -0.0001124550884971832617 ) ) ;
#3107 = CARTESIAN_POINT ( 'NONE',  ( -208.3395681614885007, -189.1769674915613280, 4.569503029971819785 ) ) ;
#3108 = ORIENTED_EDGE ( 'NONE', *, *, #5626, .T. ) ;
#3109 = CARTESIAN_POINT ( 'NONE',  ( 29.01692213755742955, -19.68062760767691799, 58.84330784212217935 ) ) ;
#3110 = CARTESIAN_POINT ( 'NONE',  ( -215.3671567275790153, 186.1787840265556326, -9.771776180651121099E-05 ) ) ;
#3111 = AXIS2_PLACEMENT_3D ( 'NONE', #3774, #6179, #7363 ) ;
#3112 = CARTESIAN_POINT ( 'NONE',  ( 209.7913606445208643, -190.4756192183150176, 0.6427107909181314360 ) ) ;
#3113 = CARTESIAN_POINT ( 'NONE',  ( -179.6901964752057097, -160.7040626096554945, 21.06429756242550866 ) ) ;
#3114 = CARTESIAN_POINT ( 'NONE',  ( -214.3206484535895981, -187.6784110941746349, 1.573740156935314438 ) ) ;
#3115 = CARTESIAN_POINT ( 'NONE',  ( 213.8885260479464421, -183.0936269697751300, 5.357287604840107242 ) ) ;
#3116 = CARTESIAN_POINT ( 'NONE',  ( -152.6915109923985483, 134.4411064637863262, 28.52531730161840784 ) ) ;
#3117 = CIRCLE ( 'NONE', #6885, 7.500000000000007105 ) ;
#3118 = CARTESIAN_POINT ( 'NONE',  ( -208.6562603201195429, 185.6685193848256290, 8.259250919888650344 ) ) ;
#3119 = EDGE_CURVE ( 'NONE', #1258, #6467, #1990, .T. ) ;
#3120 = CARTESIAN_POINT ( 'NONE',  ( 6.068730730453748556, -34.47532482371827456, 57.99569059447843244 ) ) ;
#3121 = CARTESIAN_POINT ( 'NONE',  ( -215.0127579155362696, 187.0245058579673127, 0.2394476345479193136 ) ) ;
#3122 = CARTESIAN_POINT ( 'NONE',  ( 180.8379606579048868, 159.5645284732004825, 21.52990503313499104 ) ) ;
#3123 = FACE_OUTER_BOUND ( 'NONE', #7254, .T. ) ;
#3124 = CARTESIAN_POINT ( 'NONE',  ( 50.79083219674559047, -44.60398523964126838, 46.29883012416944865 ) ) ;
#3125 = AXIS2_PLACEMENT_3D ( 'NONE', #6202, #5067, #7351 ) ;
#3126 = CARTESIAN_POINT ( 'NONE',  ( 208.2140717809831756, -180.9620356622010888, 10.27281436329874431 ) ) ;
#3127 = CARTESIAN_POINT ( 'NONE',  ( -46.67709810482006816, 41.66097280779165857, 46.85660419943896926 ) ) ;
#3128 = CARTESIAN_POINT ( 'NONE',  ( -198.3259377534722034, 177.5218752664266901, 14.08506050556251488 ) ) ;
#3129 = CIRCLE ( 'NONE', #5522, 8.000000000000007105 ) ;
#3130 = CARTESIAN_POINT ( 'NONE',  ( -215.5189034444680374, 183.4858168349129812, 2.348414559650323419 ) ) ;
#3131 = CARTESIAN_POINT ( 'NONE',  ( 208.6800401271005967, 189.8774558218224229, 3.149678477377759300 ) ) ;
#3132 = FACE_OUTER_BOUND ( 'NONE', #1700, .T. ) ;
#3133 = CARTESIAN_POINT ( 'NONE',  ( -215.4302608155389578, 186.4771108836035580, 2.997642114307146640E-12 ) ) ;
#3134 = CARTESIAN_POINT ( 'NONE',  ( -33.14123022136860897, -11.26651838267463646, 58.65379319159706739 ) ) ;
#3135 = CARTESIAN_POINT ( 'NONE',  ( 192.9715922275669300, -168.5067746977835839, 17.53652155152149916 ) ) ;
#3136 = CARTESIAN_POINT ( 'NONE',  ( -216.0261953960145433, -184.4406141361285734, 0.000000000000000000 ) ) ;
#3137 = CARTESIAN_POINT ( 'NONE',  ( -180.2525959534896742, 160.1282277109258985, 21.24701510569362028 ) ) ;
#3138 = CARTESIAN_POINT ( 'NONE',  ( -212.7322479111744258, 186.6469881768129540, 5.335682788712220237 ) ) ;
#3139 = CARTESIAN_POINT ( 'NONE',  ( 35.00000000000002842, 2.092865675588854835, 58.54591266636803226 ) ) ;
#3140 = CARTESIAN_POINT ( 'NONE',  ( -213.3310859814556295, -182.8700510632362466, 6.055689914288292286 ) ) ;
#3141 = CARTESIAN_POINT ( 'NONE',  ( 216.0726525630105641, 183.9725758257964685, 6.314953141270727773E-14 ) ) ;
#3142 = CARTESIAN_POINT ( 'NONE',  ( 215.8999999999998920, 190.4999999999999147, -0.01244699024190548675 ) ) ;
#3143 = CARTESIAN_POINT ( 'NONE',  ( 215.3671567275789869, -186.1787840265556042, 6.062116553579250598E-05 ) ) ;
#3144 = CARTESIAN_POINT ( 'NONE',  ( 152.5513343751005948, -134.5975942388392639, 28.51505520490218260 ) ) ;
#3145 = CARTESIAN_POINT ( 'NONE',  ( -215.9000000000000341, -190.4999999999999147, -0.004846733805790917268 ) ) ;
#3146 = DIRECTION ( 'NONE',  ( -0.000000000000000000, -0.000000000000000000, -1.000000000000000000 ) ) ;
#3147 = ORIENTED_EDGE ( 'NONE', *, *, #4486, .F. ) ;
#3148 = DIRECTION ( 'NONE',  ( -1.000000000000000000, 0.000000000000000000, 0.000000000000000000 ) ) ;
#3149 = CARTESIAN_POINT ( 'NONE',  ( -213.2018263749342566, 189.0976676421765035, 0.004339331250696409036 ) ) ;
#3150 = CARTESIAN_POINT ( 'NONE',  ( 215.3077896786244878, -186.1683148010799869, 0.9529273621783841408 ) ) ;
#3151 = CARTESIAN_POINT ( 'NONE',  ( -196.9040477799571249, -173.7444415075107145, 16.03074039485400348 ) ) ;
#3152 = CARTESIAN_POINT ( 'NONE',  ( -215.5538031236330880, -185.0538654177915987, 1.573075107301156628 ) ) ;
#3153 = CARTESIAN_POINT ( 'NONE',  ( 212.4978409701151918, -184.6952797969346136, 6.532819513689450908 ) ) ;
#3154 = CARTESIAN_POINT ( 'NONE',  ( -138.2149685503604815, 120.4383699558988496, 31.65222794603743495 ) ) ;
#3155 = CARTESIAN_POINT ( 'NONE',  ( -209.5017645320438646, 184.8194287533754618, 8.400829176406244159 ) ) ;
#3156 = CARTESIAN_POINT ( 'NONE',  ( -6.088496981304184708, -34.48808189533212953, 57.99436577085540989 ) ) ;
#3157 = CARTESIAN_POINT ( 'NONE',  ( -210.7308665355588460, 190.3169577227716331, 0.1371315395238562329 ) ) ;
#3158 = CARTESIAN_POINT ( 'NONE',  ( 164.7604678464447545, 143.5316823155119721, 25.84011999021558381 ) ) ;
#3159 = CARTESIAN_POINT ( 'NONE',  ( -225.8999999999999204, -150.0000000000000000, 50.00000000000000000 ) ) ;
#3160 = CARTESIAN_POINT ( 'NONE',  ( 84.11863229580498569, -75.27483172932844013, 40.91560869179460269 ) ) ;
#3161 = CARTESIAN_POINT ( 'NONE',  ( 207.9338434636661077, -183.4377482981334424, 9.682336346468039423 ) ) ;
#3162 = CARTESIAN_POINT ( 'NONE',  ( -43.05932878364694716, 38.15731431176600807, 47.44270041485861356 ) ) ;
#3163 = PRODUCT_DEFINITION_SHAPE ( 'NONE', 'NONE',  #5345 ) ;
#3164 = CARTESIAN_POINT ( 'NONE',  ( -202.1284679459114102, 175.1513221902488056, 13.72681405687727718 ) ) ;
#3165 = CARTESIAN_POINT ( 'NONE',  ( -215.5706157000880410, 184.3784718645263183, 2.194833400071171781 ) ) ;
#3166 = CARTESIAN_POINT ( 'NONE',  ( 0.000000000000000000, 0.000000000000000000, 85.00000000000000000 ) ) ;
#3167 = CARTESIAN_POINT ( 'NONE',  ( 217.6836110407052729, 183.4969353413797251, 6.071532165918824830E-15 ) ) ;
#3168 = CARTESIAN_POINT ( 'NONE',  ( -217.2145958877273131, 186.3446648841581634, 0.000000000000000000 ) ) ;
#3169 = CARTESIAN_POINT ( 'NONE',  ( 211.5787840265555531, -189.9671567275789812, -0.7499908772981371818 ) ) ;
#3170 = CARTESIAN_POINT ( 'NONE',  ( 195.5862072095374344, -174.9314479257558048, 15.38728926474267666 ) ) ;
#3171 = LINE ( 'NONE', #7428, #4146 ) ;
#3172 = CARTESIAN_POINT ( 'NONE',  ( -192.8364442790181670, 172.3613746916394120, 16.58783761723190509 ) ) ;
#3173 = CARTESIAN_POINT ( 'NONE',  ( -212.3081529698454233, 187.2960033028193436, 5.107768093796783759 ) ) ;
#3174 = EDGE_CURVE ( 'NONE', #6467, #2933, #5047, .T. ) ;
#3175 = CARTESIAN_POINT ( 'NONE',  ( 31.15870355304924288, 16.07681170297925632, 58.75384156307784167 ) ) ;
#3176 = CARTESIAN_POINT ( 'NONE',  ( -207.0143674764356092, -178.8967516821609820, 11.10144348235374423 ) ) ;
#3177 = CARTESIAN_POINT ( 'NONE',  ( 211.3972902658053670, 190.2242914383442667, -5.926951464333571783E-12 ) ) ;
#3178 = CARTESIAN_POINT ( 'NONE',  ( 215.8999999999998636, 183.4999999914385000, 0.0004587716872374143448 ) ) ;
#3179 = CARTESIAN_POINT ( 'NONE',  ( 213.2018270398243658, -189.0976678967872431, 6.062116553582942984E-05 ) ) ;
#3180 = CARTESIAN_POINT ( 'NONE',  ( 157.0333672790141861, -137.1081196676611000, 27.63233405583700630 ) ) ;
#3181 = CARTESIAN_POINT ( 'NONE',  ( -93.58886271711301674, -83.71231408111231076, 39.35542035984022391 ) ) ;
#3182 = VERTEX_POINT ( 'NONE', #7521 ) ;
#3183 = ORIENTED_EDGE ( 'NONE', *, *, #6151, .T. ) ;
#3184 = CARTESIAN_POINT ( 'NONE',  ( 215.6606496833749702, 183.4946183399152062, 1.890383403645032878 ) ) ;
#3185 = CARTESIAN_POINT ( 'NONE',  ( -213.2018270398244795, 189.0976678967872715, -0.1419693965932708468 ) ) ;
#3186 = CARTESIAN_POINT ( 'NONE',  ( 214.4889521927842679, -187.7994837143161533, 0.3495536180201885279 ) ) ;
#3187 = CARTESIAN_POINT ( 'NONE',  ( -207.1514567231909894, -182.8093564745400670, 11.05597549777553823 ) ) ;
#3188 = CARTESIAN_POINT ( 'NONE',  ( 214.4198561317026019, -184.0503149867271020, 4.606609647921567685 ) ) ;
#3189 = CARTESIAN_POINT ( 'NONE',  ( -148.9178163508451007, 131.1193303047602683, 29.34091349380897285 ) ) ;
#3190 = CARTESIAN_POINT ( 'NONE',  ( -213.0342568766706108, 182.7265905197123459, 6.374629066154867907 ) ) ;
#3191 = DIRECTION ( 'NONE',  ( -0.000000000000000000, 0.000000000000000000, 1.000000000000000000 ) ) ;
#3192 = CARTESIAN_POINT ( 'NONE',  ( -211.5741195106053283, 189.9648254816568169, 0.2424832770515822911 ) ) ;
#3193 = CARTESIAN_POINT ( 'NONE',  ( 195.3329482233144461, 175.1597802609576888, 15.26352739999018837 ) ) ;
#3194 = CARTESIAN_POINT ( 'NONE',  ( 215.3621034697934249, -183.4719204325095632, 2.792134527449708692 ) ) ;
#3195 = CARTESIAN_POINT ( 'NONE',  ( 200.3468715466468666, -180.0053266524324442, 12.68719768234177714 ) ) ;
#3196 = CARTESIAN_POINT ( 'NONE',  ( 92.65796513853216254, -80.81895619778734385, 39.75911846705255215 ) ) ;
#3197 = CARTESIAN_POINT ( 'NONE',  ( 209.5017645320437509, -184.8194287533752629, 8.400829176406322318 ) ) ;
#3198 = CARTESIAN_POINT ( 'NONE',  ( -43.30112590545245155, 37.88153851602499600, 47.44597508145286469 ) ) ;
#3199 = EDGE_LOOP ( 'NONE', ( #1676, #5292, #3277, #2646 ) ) ;
#3200 = CARTESIAN_POINT ( 'NONE',  ( -202.5428706618681645, 178.6885382785785623, 13.01920136410529061 ) ) ;
#3201 = CARTESIAN_POINT ( 'NONE',  ( -210.5941527980125159, 190.1886041862474883, 1.556264971730767499 ) ) ;
#3202 = CARTESIAN_POINT ( 'NONE',  ( 215.7318917982432538, 120.8301128512424327, 1.582774694318916930 ) ) ;
#3203 = CARTESIAN_POINT ( 'NONE',  ( -24.33781897962574448, 25.27329030007616595, 58.82603906958314610 ) ) ;
#3204 = CARTESIAN_POINT ( 'NONE',  ( -216.0726526076678624, 183.9726118168679818, -5.201681573944430666E-11 ) ) ;
#3205 = CARTESIAN_POINT ( 'NONE',  ( -31.15870355304932104, -16.07681170297912132, 58.75384156307787009 ) ) ;
#3206 = CARTESIAN_POINT ( 'NONE',  ( 198.5088845166248745, -173.6508615618722047, 15.26518455441018141 ) ) ;
#3207 = CARTESIAN_POINT ( 'NONE',  ( 210.8999999999999488, 150.0000000000000000, 62.50000000000001421 ) ) ;
#3208 = CARTESIAN_POINT ( 'NONE',  ( -191.2592548156086139, 166.6334802312964314, 18.16816212997450819 ) ) ;
#3209 = CARTESIAN_POINT ( 'NONE',  ( -212.6292554136492754, 186.5668887284286370, 5.484860269500034136 ) ) ;
#3210 = CARTESIAN_POINT ( 'NONE',  ( 215.1351020095501099, -184.2811906872116765, 3.328879897278413047 ) ) ;
#3211 = CARTESIAN_POINT ( 'NONE',  ( 34.81378179686620200, 4.161700548733293203, 58.55781645694725768 ) ) ;
#3212 = ADVANCED_FACE ( 'NONE', ( #4540 ), #7249, .F. ) ;
#3213 = CARTESIAN_POINT ( 'NONE',  ( 210.4821151760200735, -190.4945893127007253, -6.226776550184891101E-13 ) ) ;
#3214 = CARTESIAN_POINT ( 'NONE',  ( 211.1757116997488311, 190.3021054764781184, 2.189377979701108698E-12 ) ) ;
#3215 = CARTESIAN_POINT ( 'NONE',  ( 215.8999999999998636, 183.5000000148834260, -0.0009341114842328365015 ) ) ;
#3216 = CARTESIAN_POINT ( 'NONE',  ( 215.0165047184797800, -187.0253328625962581, 6.062116553579250598E-05 ) ) ;
#3217 = CARTESIAN_POINT ( 'NONE',  ( 155.8853144379041566, -138.4015525611334567, 27.59692377865059854 ) ) ;
#3218 = CARTESIAN_POINT ( 'NONE',  ( -210.7158722209349548, 181.4338585927821725, 8.530486250463084730 ) ) ;
#3219 = VERTEX_POINT ( 'NONE', #384 ) ;
#3220 = ADVANCED_FACE ( 'NONE', ( #2320 ), #4623, .T. ) ;
#3221 = ORIENTED_EDGE ( 'NONE', *, *, #6204, .F. ) ;
#3222 = CARTESIAN_POINT ( 'NONE',  ( 215.5722117807671054, 183.4907493367263953, 2.200685516685241705 ) ) ;
#3223 = CARTESIAN_POINT ( 'NONE',  ( -213.2018270398244226, 189.0976678967872715, -0.04063248314221953178 ) ) ;
#3224 = CARTESIAN_POINT ( 'NONE',  ( 215.3633705270142684, -186.1781335262692494, 0.2419804360737194959 ) ) ;
#3225 = CARTESIAN_POINT ( 'NONE',  ( -212.3984325611343991, -182.4102703015124973, 7.039186780249900188 ) ) ;
#3226 = DIRECTION ( 'NONE',  ( 0.7547966815211289981, 0.6559588169730561358, 0.000000000000000000 ) ) ;
#3227 = CARTESIAN_POINT ( 'NONE',  ( 212.3081529698451391, -187.2960033028192299, 5.107768093796957842 ) ) ;
#3228 = CARTESIAN_POINT ( 'NONE',  ( -123.0604488396837297, 107.2018380288912169, 34.49912926104671840 ) ) ;
#3229 = CARTESIAN_POINT ( 'NONE',  ( -209.8249371845210476, 186.8707958093458217, 6.979696717856088028 ) ) ;
#3230 = AXIS2_PLACEMENT_3D ( 'NONE', #3290, #2770, #807 ) ;
#3231 = CARTESIAN_POINT ( 'NONE',  ( -4.865799187423204941, -34.68167905534012618, 57.96999054156476916 ) ) ;
#3232 = CARTESIAN_POINT ( 'NONE',  ( -215.8994763942392865, 184.4162611816324215, 0.08762032369017240530 ) ) ;
#3233 = CARTESIAN_POINT ( 'NONE',  ( 208.7421255836378293, 180.1271047351035293, 9.985924418301344474 ) ) ;
#3234 = CARTESIAN_POINT ( 'NONE',  ( 210.5706215653412983, -190.1582627746194873, 1.713993760898251173 ) ) ;
#3235 = CARTESIAN_POINT ( 'NONE',  ( 215.2912571673007562, 185.9166097033615017, 1.572841737537998386 ) ) ;
#3236 = CARTESIAN_POINT ( 'NONE',  ( 99.64291525519885795, -88.11647937050477708, 38.48892068622230056 ) ) ;
#3237 = CARTESIAN_POINT ( 'NONE',  ( 209.6351504367598295, -184.1513210639927820, 8.671173798009927935 ) ) ;
#3238 = CARTESIAN_POINT ( 'NONE',  ( -35.64660616922266456, 31.34851911719432138, 48.59075171662678372 ) ) ;
#3239 = AXIS2_PLACEMENT_3D ( 'NONE', #6556, #159, #3741 ) ;
#3240 = CARTESIAN_POINT ( 'NONE',  ( -203.5056724277459068, 179.5368722506700010, 12.50483737402171691 ) ) ;
#3241 = CARTESIAN_POINT ( 'NONE',  ( -211.5030536346644112, 189.9224598139215630, 1.029820245179306148 ) ) ;
#3242 = COLOUR_RGB ( '',0.7921568627450980005, 0.8196078431372548767, 0.9333333333333333481 ) ;
#3243 = DIRECTION ( 'NONE',  ( 1.000000000000000000, -0.000000000000000000, -0.000000000000000000 ) ) ;
#3244 = CARTESIAN_POINT ( 'NONE',  ( -215.7336902196535675, -52.33118691741919548, 1.588477724152098203 ) ) ;
#3245 = DIRECTION ( 'NONE',  ( 1.000000000000000000, 0.000000000000000000, 0.000000000000000000 ) ) ;
#3246 = CARTESIAN_POINT ( 'NONE',  ( 215.0165047184798084, -187.0253328625962581, -1.398547123383684143 ) ) ;
#3247 = CARTESIAN_POINT ( 'NONE',  ( 201.6416531686300289, -181.2965124766853933, 11.90496623872587101 ) ) ;
#3248 = CARTESIAN_POINT ( 'NONE',  ( 215.8999999999999204, 190.5000000000000568, 70.00000000000000000 ) ) ;
#3249 = CARTESIAN_POINT ( 'NONE',  ( -189.5292309605286505, 164.7772924132168271, 18.78736941272646277 ) ) ;
#3250 = AXIS2_PLACEMENT_3D ( 'NONE', #2502, #7314, #27 ) ;
#3251 = CARTESIAN_POINT ( 'NONE',  ( 18.80581538523141560, -29.54602543704486095, 50.02530206498070697 ) ) ;
#3252 = CARTESIAN_POINT ( 'NONE',  ( -213.4504042415507570, 185.2819898960585476, 5.363879025356269814 ) ) ;
#3253 = CARTESIAN_POINT ( 'NONE',  ( 211.9071301881184297, -189.1834574778316949, 3.021840911403530949 ) ) ;
#3254 = CARTESIAN_POINT ( 'NONE',  ( 27.76265904747129198, 21.33868962787200019, 58.88776842454134908 ) ) ;
#3255 = CARTESIAN_POINT ( 'NONE',  ( 209.7506812223274721, 190.2969218257760531, 1.593331770805425762 ) ) ;
#3256 = CARTESIAN_POINT ( 'NONE',  ( 215.8999999999998352, 183.4999999977483753, -0.0001124550927005523869 ) ) ;
#3257 = CARTESIAN_POINT ( 'NONE',  ( 215.8999909612129215, -183.4999998979386078, 0.01204755151616169855 ) ) ;
#3258 = CARTESIAN_POINT ( 'NONE',  ( 179.1061551577787156, -157.6647891300943627, 21.89995608545783412 ) ) ;
#3259 = LINE ( 'NONE', #2622, #1617 ) ;
#3260 = ORIENTED_EDGE ( 'NONE', *, *, #7078, .F. ) ;
#3261 = VERTEX_POINT ( 'NONE', #1100 ) ;
#3262 = CARTESIAN_POINT ( 'NONE',  ( 32.92961973955792843, 11.87139379942148842, 50.00783932130229203 ) ) ;
#3263 = CARTESIAN_POINT ( 'NONE',  ( -209.8162978572970587, 190.5000000000000000, -0.06089986583242601448 ) ) ;
#3264 = CARTESIAN_POINT ( 'NONE',  ( 210.7288762271766700, -190.3157348041889634, 0.2072026010924901407 ) ) ;
#3265 = CARTESIAN_POINT ( 'NONE',  ( -213.3294820692137250, -188.3933925690174362, 6.299727764480351766 ) ) ;
#3266 =( NAMED_UNIT ( * ) PLANE_ANGLE_UNIT ( ) SI_UNIT ( $, .RADIAN. ) );
#3267 = CARTESIAN_POINT ( 'NONE',  ( 210.3853661787219949, -188.5471492672770069, 5.001487156161735115 ) ) ;
#3268 = CARTESIAN_POINT ( 'NONE',  ( -168.2548480360578367, 147.1789780617698398, 24.93889335480086089 ) ) ;
#3269 = CARTESIAN_POINT ( 'NONE',  ( -207.8175044067147894, 188.3268227492473841, 5.837972745103031436 ) ) ;
#3270 = CARTESIAN_POINT ( 'NONE',  ( -33.43314464385304063, -10.36899581044060525, 50.00680299582291610 ) ) ;
#3271 = CARTESIAN_POINT ( 'NONE',  ( -215.0150461699723792, 187.0250084585610466, 0.1477306250576430890 ) ) ;
#3272 = EDGE_CURVE ( 'NONE', #187, #2037, #2377, .T. ) ;
#3273 = CARTESIAN_POINT ( 'NONE',  ( 212.0406868581945048, -189.3256888892479992, 2.557069890717837524 ) ) ;
#3274 = CARTESIAN_POINT ( 'NONE',  ( -215.9000000000000057, -190.4999999999999716, 21.48530440293794186 ) ) ;
#3275 = CARTESIAN_POINT ( 'NONE',  ( 209.7758680675123060, -185.0611457993886688, 8.146522883715988428 ) ) ;
#3276 = CARTESIAN_POINT ( 'NONE',  ( -50.58039222084140363, 44.84287194725415304, 46.29156650309898424 ) ) ;
#3277 = ORIENTED_EDGE ( 'NONE', *, *, #6110, .F. ) ;
#3278 = CARTESIAN_POINT ( 'NONE',  ( -204.6337206424573196, 178.1865693844692942, 12.41017853605297283 ) ) ;
#3279 = CARTESIAN_POINT ( 'NONE',  ( -214.3020705469925247, 187.7342400257276154, 1.686663236824432310 ) ) ;
#3280 = CARTESIAN_POINT ( 'NONE',  ( 116.4363596695452827, 104.0575979644799247, 35.39429366261997245 ) ) ;
#3281 = CARTESIAN_POINT ( 'NONE',  ( 1.218299533045743566, 34.99988897906336405, 57.92965743284358382 ) ) ;
#3282 = DIRECTION ( 'NONE',  ( -0.000000000000000000, 0.000000000000000000, 1.000000000000000000 ) ) ;
#3283 = CARTESIAN_POINT ( 'NONE',  ( 215.7178087366781938, -185.3322351905149503, -1.398547123383684143 ) ) ;
#3284 = CARTESIAN_POINT ( 'NONE',  ( 201.9036936291602160, -175.4662143151079476, 13.83331642689424967 ) ) ;
#3285 = DIRECTION ( 'NONE',  ( 0.000000000000000000, 0.000000000000000000, 1.000000000000000000 ) ) ;
#3286 = CARTESIAN_POINT ( 'NONE',  ( -190.9957639998735885, 170.6605690262786084, 17.31819502961532109 ) ) ;
#3287 = CARTESIAN_POINT ( 'NONE',  ( -214.0321965204880996, 185.6132278442469214, 4.492373854509671638 ) ) ;
#3288 = CARTESIAN_POINT ( 'NONE',  ( 210.4148559293098231, -189.9321592061572233, 2.595043958238659076 ) ) ;
#3289 = DIRECTION ( 'NONE',  ( 1.000000000000000000, 0.000000000000000000, 0.000000000000000000 ) ) ;
#3290 = CARTESIAN_POINT ( 'NONE',  ( -215.8999999999999204, -190.5000000000000284, 70.00000000000000000 ) ) ;
#3291 = CARTESIAN_POINT ( 'NONE',  ( 208.8999999999996646, 190.5000000000000284, -0.02004724667629806736 ) ) ;
#3292 = CARTESIAN_POINT ( 'NONE',  ( 215.3671558590964139, -186.1787838729445070, 0.005150018376950970568 ) ) ;
#3293 = CARTESIAN_POINT ( 'NONE',  ( 181.5331830987092872, -158.6971101360932437, 21.31303350413345399 ) ) ;
#3294 = CARTESIAN_POINT ( 'NONE',  ( 215.8999999999999204, -200.5000000000000284, 2.000000000000001776 ) ) ;
#3295 = ORIENTED_EDGE ( 'NONE', *, *, #2062, .T. ) ;
#3296 = CARTESIAN_POINT ( 'NONE',  ( 9.677557039547895812, 33.72437613776083509, 58.08719434171857898 ) ) ;
#3297 = CARTESIAN_POINT ( 'NONE',  ( 31.09146300222574055, 16.20691038558795327, 50.00917079998867365 ) ) ;
#3298 = CARTESIAN_POINT ( 'NONE',  ( -215.9000000000000625, 184.4162978572970246, -0.06089986583242601448 ) ) ;
#3299 = CARTESIAN_POINT ( 'NONE',  ( 215.7139831384923809, -185.3317611945712713, 0.2445132375980186012 ) ) ;
#3300 = CARTESIAN_POINT ( 'NONE',  ( -211.3410135758356887, -186.5663874095501455, 8.168123111887213739 ) ) ;
#3301 = LINE ( 'NONE', #1455, #7149 ) ;
#3302 = CARTESIAN_POINT ( 'NONE',  ( 211.9800070158425171, -188.0651763749753229, 4.659219088752299953 ) ) ;
#3303 = CARTESIAN_POINT ( 'NONE',  ( -170.5600668060447163, 152.1155627012638263, 23.83323130526346745 ) ) ;
#3304 = CARTESIAN_POINT ( 'NONE',  ( -211.9943230614862557, 184.3649299135985302, 7.063113898523457834 ) ) ;
#3305 = CARTESIAN_POINT ( 'NONE',  ( -43.44062785360922163, 1.318306935347452802, 48.66822667007740222 ) ) ;
#3306 = CARTESIAN_POINT ( 'NONE',  ( -214.4968180896223942, 187.8015944778526602, 0.1131757481906404961 ) ) ;
#3307 = CARTESIAN_POINT ( 'NONE',  ( 208.8473446528779789, -190.3421052241355085, 1.603538426445138887 ) ) ;
#3308 = CARTESIAN_POINT ( 'NONE',  ( -197.9083333333333599, -190.4999999999999432, 0.000000000000000000 ) ) ;
#3309 = EDGE_CURVE ( 'NONE', #4473, #6977, #227, .T. ) ;
#3310 = CARTESIAN_POINT ( 'NONE',  ( 211.8567105246904134, -182.7813242893401480, 7.552788111257103587 ) ) ;
#3311 = CARTESIAN_POINT ( 'NONE',  ( -69.85017826419304754, 61.03088433191748408, 43.38832657571251161 ) ) ;
#3312 = EDGE_CURVE ( 'NONE', #432, #7072, #3783, .T. ) ;
#3313 = ORIENTED_EDGE ( 'NONE', *, *, #2301, .T. ) ;
#3314 = CARTESIAN_POINT ( 'NONE',  ( -205.8656111200243402, 179.7473931336054704, 11.60850552269787528 ) ) ;
#3315 = CARTESIAN_POINT ( 'NONE',  ( -211.4552517301333694, 189.8847144204096935, 1.357630102726335553 ) ) ;
#3316 = CARTESIAN_POINT ( 'NONE',  ( 207.1537471335608700, 187.3936708984499830, 6.978108302303101418 ) ) ;
#3317 = DIRECTION ( 'NONE',  ( -0.9999996929501684395, -0.0007836450530228380963, -2.175051952498889524E-17 ) ) ;
#3318 = ORIENTED_EDGE ( 'NONE', *, *, #3309, .F. ) ;
#3319 = CARTESIAN_POINT ( 'NONE',  ( -174.0371040111682532, -192.2711132888674115, -5.416677968589099085E-31 ) ) ;
#3320 = CARTESIAN_POINT ( 'NONE',  ( -215.6849165117128564, 184.3987822863064139, 1.573493597499187269 ) ) ;
#3321 = CARTESIAN_POINT ( 'NONE',  ( 199.4159709119737158, -176.4524910126240229, 14.41284716866267779 ) ) ;
#3322 = CARTESIAN_POINT ( 'NONE',  ( -211.0681686211426609, -189.9829950033001751, 1.584427351906829706 ) ) ;
#3323 = CARTESIAN_POINT ( 'NONE',  ( -185.8586797455435544, 165.1613997216673511, 19.45717446756290059 ) ) ;
#3324 = CARTESIAN_POINT ( 'NONE',  ( -214.7882828182095238, 183.3728392783715151, 3.999856285263702738 ) ) ;
#3325 = CARTESIAN_POINT ( 'NONE',  ( 212.9665018769444771, -187.8648411001129261, 3.823053294657174916 ) ) ;
#3326 = DIRECTION ( 'NONE',  ( 0.000000000000000000, 0.000000000000000000, 1.000000000000000000 ) ) ;
#3327 = CARTESIAN_POINT ( 'NONE',  ( 215.8999999999999204, 200.5000000000000568, 70.00000000000000000 ) ) ;
#3328 = CARTESIAN_POINT ( 'NONE',  ( 215.9000000000009720, 190.5000000000000284, -0.3443248545433638674 ) ) ;
#3329 = CARTESIAN_POINT ( 'NONE',  ( 209.8162978572969450, -190.4999999999999716, -0.1014346312125887634 ) ) ;
#3330 = CARTESIAN_POINT ( 'NONE',  ( 168.0989794209262129, -147.3592950266401544, 24.95096139986062056 ) ) ;
#3331 = CARTESIAN_POINT ( 'NONE',  ( -131.6431059908039458, -117.6053455768231686, 32.53870676217027125 ) ) ;
#3332 =( GEOMETRIC_REPRESENTATION_CONTEXT ( 3 ) GLOBAL_UNCERTAINTY_ASSIGNED_CONTEXT ( ( #2858 ) ) GLOBAL_UNIT_ASSIGNED_CONTEXT ( ( #7575, #4038, #5841 ) ) REPRESENTATION_CONTEXT ( 'NONE', 'WORKASPACE' ) );
#3333 = ORIENTED_EDGE ( 'NONE', *, *, #6642, .T. ) ;
#3334 = CARTESIAN_POINT ( 'NONE',  ( -197.9083333333334451, 190.5000000000000284, 20.42102634933841898 ) ) ;
#3335 = CARTESIAN_POINT ( 'NONE',  ( 42.27466693341073523, 10.34776756747686122, 48.71760168644343736 ) ) ;
#3336 = CARTESIAN_POINT ( 'NONE',  ( -211.5787840265556667, 189.9671567275789812, -0.06089986583242601448 ) ) ;
#3337 = CARTESIAN_POINT ( 'NONE',  ( 213.8465286670926275, -188.4487282040977050, 0.2169259826848661254 ) ) ;
#3338 = CARTESIAN_POINT ( 'NONE',  ( -207.8173167822158405, -188.3265425367594332, 5.838344657692368322 ) ) ;
#3339 = FILL_AREA_STYLE ('',( #4423 ) ) ;
#3340 = CARTESIAN_POINT ( 'NONE',  ( 213.4211460658869726, -186.1684896715732691, 4.971224421300409979 ) ) ;
#3341 = CARTESIAN_POINT ( 'NONE',  ( -209.5658505489540744, 187.5474910176427841, 6.425961488169598113 ) ) ;
#3342 = CARTESIAN_POINT ( 'NONE',  ( -14.77221628242927842, -31.73567491108426353, 58.30250718608734672 ) ) ;
#3343 = CARTESIAN_POINT ( 'NONE',  ( -41.65707429521144434, 12.91883128850968987, 48.74294954370741095 ) ) ;
#3344 = CARTESIAN_POINT ( 'NONE',  ( -215.8991806899548180, 183.4999910602460318, 0.1133497488037135265 ) ) ;
#3345 = CARTESIAN_POINT ( 'NONE',  ( 211.3611109148365870, -189.7942698367729406, 1.901895582484794289 ) ) ;
#3346 = CARTESIAN_POINT ( 'NONE',  ( -15.56665133895333497, -31.51631956289876157, 49.99999999999993605 ) ) ;
#3347 = CARTESIAN_POINT ( 'NONE',  ( 209.9100250539822525, -184.3786116278476470, 8.439225898604407305 ) ) ;
#3348 = CARTESIAN_POINT ( 'NONE',  ( -69.10219756856213280, 61.87253263211612619, 43.33289696862235729 ) ) ;
#3349 = VERTEX_POINT ( 'NONE', #4259 ) ;
#3350 = EDGE_CURVE ( 'NONE', #5724, #2513, #6721, .T. ) ;
#3351 = CARTESIAN_POINT ( 'NONE',  ( -203.6471180984755449, 182.1110288019299333, 11.33948080393987468 ) ) ;
#3352 = CARTESIAN_POINT ( 'NONE',  ( -211.5184289743740749, 189.9327257749750402, 0.9036399527264212805 ) ) ;
#3353 = DIRECTION ( 'NONE',  ( 1.000000000000000000, 0.000000000000000000, 0.000000000000000000 ) ) ;
#3354 = CARTESIAN_POINT ( 'NONE',  ( -25.98792483414297294, 23.44414133242963771, 58.92519609199868569 ) ) ;
#3355 = ORIENTED_EDGE ( 'NONE', *, *, #3272, .F. ) ;
#3356 = CARTESIAN_POINT ( 'NONE',  ( -26.41788384992439376, 22.95855859787161890, 58.93158553443242198 ) ) ;
#3357 = AXIS2_PLACEMENT_3D ( 'NONE', #7666, #7743, #1682 ) ;
#3358 = DIRECTION ( 'NONE',  ( -1.000000000000000000, 0.000000000000000000, 0.000000000000000000 ) ) ;
#3359 = CARTESIAN_POINT ( 'NONE',  ( 199.4753961582963484, -174.4644984639913332, 14.83476701096154748 ) ) ;
#3360 = CARTESIAN_POINT ( 'NONE',  ( -210.4171612829226774, -190.1667209364306075, 1.588392663060322230 ) ) ;
#3361 = CARTESIAN_POINT ( 'NONE',  ( -198.4739326826322952, 175.6093291533331069, 14.84160714574496254 ) ) ;
#3362 = CARTESIAN_POINT ( 'NONE',  ( 15.31650376482352094, -31.47664870803262005, 58.32836753927878704 ) ) ;
#3363 = CIRCLE ( 'NONE', #4644, 12.50000000000001066 ) ;
#3364 = CARTESIAN_POINT ( 'NONE',  ( -208.7456509950368115, 190.0468273797251300, 2.681895919767893322 ) ) ;
#3365 = CARTESIAN_POINT ( 'NONE',  ( 208.7816967399370469, -190.1453349495354530, 2.374920652293997403 ) ) ;
#3366 = CARTESIAN_POINT ( 'NONE',  ( 215.8999999999999204, 190.5000000000000568, 85.00000000000000000 ) ) ;
#3367 = CARTESIAN_POINT ( 'NONE',  ( 208.8445242821260024, -192.2983899566819730, 0.000000000000000000 ) ) ;
#3368 = ORIENTED_EDGE ( 'NONE', *, *, #7078, .T. ) ;
#3369 = CARTESIAN_POINT ( 'NONE',  ( 215.8999999999997215, 190.4999999999998863, -0.04031459716785629893 ) ) ;
#3370 = CARTESIAN_POINT ( 'NONE',  ( 215.8999999999999773, -184.4162978572969962, -0.02036510045189748180 ) ) ;
#3371 = CARTESIAN_POINT ( 'NONE',  ( 182.1228757555432765, -161.8047618894691482, 20.67064254250592370 ) ) ;
#3372 = LINE ( 'NONE', #5273, #3750 ) ;
#3373 = CIRCLE ( 'NONE', #7023, 12.50000000000001066 ) ;
#3374 = ORIENTED_EDGE ( 'NONE', *, *, #7368, .F. ) ;
#3375 = AXIS2_PLACEMENT_3D ( 'NONE', #2993, #589, #4194 ) ;
#3376 = FACE_OUTER_BOUND ( 'NONE', #3773, .T. ) ;
#3377 = CARTESIAN_POINT ( 'NONE',  ( 31.03473354758678582, -16.21615054880973972, 50.00885523264259547 ) ) ;
#3378 = CARTESIAN_POINT ( 'NONE',  ( -215.0165047184798368, 187.0253328625962865, -0.4257127542561995881 ) ) ;
#3379 = CARTESIAN_POINT ( 'NONE',  ( 212.5412662332623199, 187.6652797094322693, 7.116649145062051041 ) ) ;
#3380 = CARTESIAN_POINT ( 'NONE',  ( 215.0161577945024476, -187.0252550419303077, 0.07212399469178201739 ) ) ;
#3381 = CARTESIAN_POINT ( 'NONE',  ( 114.7263029964683483, -101.4450526346667374, 35.90478326701780531 ) ) ;
#3382 = CARTESIAN_POINT ( 'NONE',  ( -215.2698892416431704, -190.1109795469835149, 3.162337128199776970 ) ) ;
#3383 = CARTESIAN_POINT ( 'NONE',  ( 174.0371027602294021, 192.2711132889025976, 6.505213034913026604E-15 ) ) ;
#3384 = CARTESIAN_POINT ( 'NONE',  ( 208.7456509950365842, -190.0468273797249878, 2.681895919768029213 ) ) ;
#3385 = CARTESIAN_POINT ( 'NONE',  ( -209.8267587121536053, 187.8554445907892045, 6.031344453038278708 ) ) ;
#3386 = CARTESIAN_POINT ( 'NONE',  ( -42.55185236244958702, -9.070676042952674933, 48.70617971555402193 ) ) ;
#3387 = CARTESIAN_POINT ( 'NONE',  ( -210.7320410109602733, 190.3176864041113845, 0.05020004406330115521 ) ) ;
#3388 = CARTESIAN_POINT ( 'NONE',  ( 214.8702353828639389, -186.9874643064316331, 1.463421884777270643 ) ) ;
#3389 = CARTESIAN_POINT ( 'NONE',  ( 161.9249999999999545, -190.5000000000000000, 18.29247024213934125 ) ) ;
#3390 = CARTESIAN_POINT ( 'NONE',  ( 209.9616432103247803, -187.0154312482220007, 6.808516694443340178 ) ) ;
#3391 = CARTESIAN_POINT ( 'NONE',  ( -76.69205415967698514, 68.48388154995322452, 42.14130907075740140 ) ) ;
#3392 = VERTEX_POINT ( 'NONE', #3660 ) ;
#3393 = CARTESIAN_POINT ( 'NONE',  ( -208.1260286463831051, 182.1968823706525598, 10.05275974309682852 ) ) ;
#3394 = CARTESIAN_POINT ( 'NONE',  ( -213.0640752162821627, 189.0351207666009259, 1.401392716553684137 ) ) ;
#3395 = CARTESIAN_POINT ( 'NONE',  ( 51.71741842996840433, 46.29262710681259563, 46.05961208964963305 ) ) ;
#3396 = CARTESIAN_POINT ( 'NONE',  ( -39.81859075332965148, 17.82592132889517700, 48.80898851805407190 ) ) ;
#3397 = CARTESIAN_POINT ( 'NONE',  ( 42.97843436660566852, -38.24884340428272367, 47.43736653170486761 ) ) ;
#3398 = EDGE_LOOP ( 'NONE', ( #3594, #2059 ) ) ;
#3399 = CARTESIAN_POINT ( 'NONE',  ( 69.61485662449243250, -192.1711732901883636, -2.602085213965210642E-15 ) ) ;
#3400 = DIRECTION ( 'NONE',  ( 0.000000000000000000, 0.000000000000000000, 1.000000000000000000 ) ) ;
#3401 = CARTESIAN_POINT ( 'NONE',  ( 204.1662071003392214, -180.7300589030484161, 11.91417378028361185 ) ) ;
#3402 = CARTESIAN_POINT ( 'NONE',  ( -212.6665719462428115, -189.6067788415722930, 2.691926938958688653E-12 ) ) ;
#3403 = CARTESIAN_POINT ( 'NONE',  ( -198.2096280451507369, 171.9942148508592368, 15.49004593992060919 ) ) ;
#3404 = CARTESIAN_POINT ( 'NONE',  ( -214.7494586639190572, 185.0458898218610670, 3.770132004539795911 ) ) ;
#3405 = CARTESIAN_POINT ( 'NONE',  ( 18.54780357325886087, -29.70672845406622997, 58.49261872405450902 ) ) ;
#3406 = DIRECTION ( 'NONE',  ( 0.7425121358752466705, 0.6698326119845011695, 0.000000000000000000 ) ) ;
#3407 = CARTESIAN_POINT ( 'NONE',  ( 225.8999999999999488, 190.5000000000000568, 70.00000000000000000 ) ) ;
#3408 = ORIENTED_EDGE ( 'NONE', *, *, #3350, .T. ) ;
#3409 = CARTESIAN_POINT ( 'NONE',  ( 210.8999999999999773, 150.0000000000000000, 57.50000000000000711 ) ) ;
#3410 = CARTESIAN_POINT ( 'NONE',  ( 214.4976678967872203, -187.8018270398243885, -0.04063248314206800715 ) ) ;
#3411 = CARTESIAN_POINT ( 'NONE',  ( 171.8826575376160974, -150.6633825125801991, 23.99581812742753684 ) ) ;
#3412 = CARTESIAN_POINT ( 'NONE',  ( -204.1878301941004850, 176.7630953553055804, 12.69025726655060993 ) ) ;
#3413 = CARTESIAN_POINT ( 'NONE',  ( -32.78265958801154056, -29.15505984842909726, 48.99405119429578548 ) ) ;
#3414 = CARTESIAN_POINT ( 'NONE',  ( 15.02117994546623336, 31.61991304535213487, 50.02451242138910459 ) ) ;
#3415 = CARTESIAN_POINT ( 'NONE',  ( 31.77753632881936241, -14.67856033427495355, 58.72303814037027792 ) ) ;
#3416 = CARTESIAN_POINT ( 'NONE',  ( -215.9000000000000909, 183.5000000000000000, -0.1825041619736932907 ) ) ;
#3417 = CARTESIAN_POINT ( 'NONE',  ( 204.2772596456780434, 184.0415312767362366, 9.997651261985090798 ) ) ;
#3418 = CARTESIAN_POINT ( 'NONE',  ( 208.8999609610552000, -190.4999063268432735, 0.04002187441593133693 ) ) ;
#3419 = CARTESIAN_POINT ( 'NONE',  ( 114.8354425949086277, -101.3225892328606221, 35.91207794416279597 ) ) ;
#3420 = CARTESIAN_POINT ( 'NONE',  ( -215.8999653974984483, -183.4999996109719689, 0.02279943398852339251 ) ) ;
#3421 = CARTESIAN_POINT ( 'NONE',  ( -34.80742891802637473, 192.1448330167650624, -1.734723475976807094E-15 ) ) ;
#3422 = CARTESIAN_POINT ( 'NONE',  ( 212.8963027703015030, -187.8059556896294566, 3.984835754766321347 ) ) ;
#3423 = CARTESIAN_POINT ( 'NONE',  ( -212.8717069275587050, 185.7989192082362422, 5.760026027032632001 ) ) ;
#3424 = CARTESIAN_POINT ( 'NONE',  ( -41.59142746531112067, -12.88768121307939474, 48.74452440312331447 ) ) ;
#3425 = CARTESIAN_POINT ( 'NONE',  ( -215.7177596284917342, 185.3322289562397032, 0.02785029245131729822 ) ) ;
#3426 = CARTESIAN_POINT ( 'NONE',  ( 215.6489101952597025, -183.4936528164854792, 1.908445163899934682 ) ) ;
#3427 = CARTESIAN_POINT ( 'NONE',  ( -148.7935603258543722, -131.2895072185843048, 29.43801115816514269 ) ) ;
#3428 = CARTESIAN_POINT ( 'NONE',  ( 212.3987296806654683, -182.4104276442288608, 7.038895367501512013 ) ) ;
#3429 = CARTESIAN_POINT ( 'NONE',  ( -54.17039239435844422, 48.37752578062718101, 45.69353591235638135 ) ) ;
#3430 = EDGE_LOOP ( 'NONE', ( #6788, #6062 ) ) ;
#3431 = CARTESIAN_POINT ( 'NONE',  ( -207.9090399975299022, 181.3692135838019226, 10.34297075552019152 ) ) ;
#3432 = CARTESIAN_POINT ( 'NONE',  ( -214.4741458332160846, 187.7955149964777490, 0.5841243533947454436 ) ) ;
#3433 = CARTESIAN_POINT ( 'NONE',  ( 217.6836110407054434, -183.4969353407483936, 0.000000000000000000 ) ) ;
#3434 = CARTESIAN_POINT ( 'NONE',  ( 215.0329335349538553, 186.5376510281038520, 1.572894392029975830 ) ) ;
#3435 = CARTESIAN_POINT ( 'NONE',  ( 43.05932878364696847, -38.15731431176592992, 47.44270041485861356 ) ) ;
#3436 = FACE_OUTER_BOUND ( 'NONE', #7104, .T. ) ;
#3437 = DIRECTION ( 'NONE',  ( 1.000000000000000000, 0.000000000000000000, 0.000000000000000000 ) ) ;
#3438 = CARTESIAN_POINT ( 'NONE',  ( 207.4487665045488427, -179.7774683256538992, 10.81953867105203493 ) ) ;
#3439 = CARTESIAN_POINT ( 'NONE',  ( -209.7506812223400061, -190.2969218257738646, 1.593331770803676495 ) ) ;
#3440 = CARTESIAN_POINT ( 'NONE',  ( -194.4224735128704538, 174.3000997618395616, 15.66808587761517302 ) ) ;
#3441 = B_SPLINE_CURVE_WITH_KNOTS ( 'NONE', 3,
 ( #6670, #6082, #6706, #680, #3131, #5496, #2496, #4913, #7307, #5534, #4949, #3316, #316, #6904, #6861, #4553, #7572, #5722, #1509, #3916, #5062, #875, #2211, #3834, #2133, #1470, #2057, #2797, #948, #6980, #5212, #912, #6347, #4476, #3877, #396, #7611, #3280, #6277, #4633, #5685, #6235, #3954, #3395, #245, #5134, #5757, #2644 ),
 .UNSPECIFIED., .F., .F.,
 ( 4, 2, 2, 2, 2, 2, 2, 2, 2, 2, 2, 2, 2, 2, 2, 2, 2, 2, 2, 2, 2, 2, 2, 4 ),
 ( 0.001622659036352454721, 0.002600770258305427473, 0.003578881480258400225, 0.004556992702211373411, 0.005535103924164345296, 0.007491326368070290800, 0.009447548811976236305, 0.01140377125588218354, 0.01335999369978813252, 0.01727243858759996975, 0.02118488347541180872, 0.02509732836322364768, 0.03292221813884731868, 0.04074710791447099661, 0.04857199769009467455, 0.06422177724134198185, 0.07987155679258928220, 0.09552133634383658256, 0.1268208954463311278, 0.1581204545488256452, 0.1894200136513201627, 0.2207195727538147356, 0.2363693523050620360, 0.2520191318563093086 ),
 .UNSPECIFIED. ) ;
#3442 = CARTESIAN_POINT ( 'NONE',  ( -20.89858466373675228, 28.40044599413575455, 50.00000000000007105 ) ) ;
#3443 = CARTESIAN_POINT ( 'NONE',  ( -210.9134846609117346, 189.2359816195808833, 3.673080343890747557 ) ) ;
#3444 = CARTESIAN_POINT ( 'NONE',  ( -28.33295658647215731, 33.30604450936887417, 48.81697621693763267 ) ) ;
#3445 = CARTESIAN_POINT ( 'NONE',  ( -69.61542120507318998, 190.2704836459030560, 1.374874879877090672 ) ) ;
#3446 = CARTESIAN_POINT ( 'NONE',  ( 215.8281954892292163, -185.3726254373010818, 4.033446523595332974E-12 ) ) ;
#3447 = ORIENTED_EDGE ( 'NONE', *, *, #4195, .F. ) ;
#3448 = CARTESIAN_POINT ( 'NONE',  ( -215.8999999999998920, 198.5000000000000568, 0.000000000000000000 ) ) ;
#3449 = CARTESIAN_POINT ( 'NONE',  ( 215.3671567275789869, -186.1787840265556042, -0.02036510045189751650 ) ) ;
#3450 = CARTESIAN_POINT ( 'NONE',  ( 187.3030735707436065, -167.2690567414398686, 18.69233947835019549 ) ) ;
#3451 = CARTESIAN_POINT ( 'NONE',  ( -217.6933995764277938, -61.16564526950053704, 0.000000000000000000 ) ) ;
#3452 = CARTESIAN_POINT ( 'NONE',  ( -159.9417496506281111, 141.4146297068229501, 26.79092108903293834 ) ) ;
#3453 = EDGE_CURVE ( 'NONE', #4711, #4473, #5550, .T. ) ;
#3454 = CARTESIAN_POINT ( 'NONE',  ( -26.24432493777824504, 23.15675729803962923, 50.00000000000000000 ) ) ;
#3455 = CARTESIAN_POINT ( 'NONE',  ( 210.8999999999999488, -150.0000000000000000, 37.49999999999999289 ) ) ;
#3456 = CARTESIAN_POINT ( 'NONE',  ( -213.8497474683059352, 188.4497474683058442, -0.2635736927345287417 ) ) ;
#3457 = CARTESIAN_POINT ( 'NONE',  ( 214.9647054913756676, 183.4099997101836550, 3.667873529210748273 ) ) ;
#3458 = CARTESIAN_POINT ( 'NONE',  ( 209.8161140499834971, -190.4998403802235316, 0.05420799037165588419 ) ) ;
#3459 = CARTESIAN_POINT ( 'NONE',  ( 144.6105614744852517, -128.3866598360708053, 30.06300542154552602 ) ) ;
#3460 = CARTESIAN_POINT ( 'NONE',  ( -215.8999767637371576, -183.4999997232566784, 0.01870238366864399732 ) ) ;
#3461 = CARTESIAN_POINT ( 'NONE',  ( -215.9000000000000057, -63.49999999999994316, 21.48530440293794186 ) ) ;
#3462 = EDGE_CURVE ( 'NONE', #7708, #7629, #491, .T. ) ;
#3463 = CARTESIAN_POINT ( 'NONE',  ( 209.4992708416827440, -189.9338349362634517, 3.018941582510775490 ) ) ;
#3464 = ORIENTED_EDGE ( 'NONE', *, *, #1783, .F. ) ;
#3465 = CARTESIAN_POINT ( 'NONE',  ( -212.4950871768497223, 185.5359551779629896, 6.222205741231543463 ) ) ;
#3466 = CARTESIAN_POINT ( 'NONE',  ( -16.41681606221543888, -30.91705074773709683, 58.38237926615993700 ) ) ;
#3467 = FACE_BOUND ( 'NONE', #3430, .T. ) ;
#3468 = CARTESIAN_POINT ( 'NONE',  ( -215.0164565467520390, 187.0253219952333836, 0.02731893297199193896 ) ) ;
#3469 = CARTESIAN_POINT ( 'NONE',  ( 208.8921019745660601, -190.4800026620480367, 0.5703885481943772318 ) ) ;
#3470 = CARTESIAN_POINT ( 'NONE',  ( -130.6373794838144136, -113.8216484438935794, 33.11096198001680335 ) ) ;
#3471 = CARTESIAN_POINT ( 'NONE',  ( 210.4647206287343693, -186.5689121322056110, 6.931106069379167067 ) ) ;
#3472 = CARTESIAN_POINT ( 'NONE',  ( -54.63109374902456494, 47.85658043386211347, 45.71911960299828337 ) ) ;
#3473 = VERTEX_POINT ( 'NONE', #6651 ) ;
#3474 = CARTESIAN_POINT ( 'NONE',  ( 1.509682919007116153, -42.71982085839798771, 48.19309456859629393 ) ) ;
#3475 = CARTESIAN_POINT ( 'NONE',  ( -208.4940923065574623, 180.5447221877096524, 10.15278322007366185 ) ) ;
#3476 = CARTESIAN_POINT ( 'NONE',  ( -213.1739227277360271, 189.0871580866068200, 0.6100345902418365940 ) ) ;
#3477 = CARTESIAN_POINT ( 'NONE',  ( 216.7725988627859692, -187.4049003170216565, -0.000000000000000000 ) ) ;
#3478 = CARTESIAN_POINT ( 'NONE',  ( 36.55504968565626456, -32.59945510896655918, 48.41213578408067519 ) ) ;
#3479 = CARTESIAN_POINT ( 'NONE',  ( 43.22070224594013865, -37.97363034612126143, 47.44700542850451797 ) ) ;
#3480 = APPLICATION_PROTOCOL_DEFINITION ( 'draft international standard', 'automotive_design', 1998, #2481 ) ;
#3481 = CARTESIAN_POINT ( 'NONE',  ( -208.8460603981853581, -190.3381654414763489, 1.603115284326936507 ) ) ;
#3482 = CARTESIAN_POINT ( 'NONE',  ( 206.4164858803772802, -179.0051227505550173, 11.44763726642508139 ) ) ;
#3483 = CARTESIAN_POINT ( 'NONE',  ( -214.0246811026981959, -188.0201653249382048, 1.574281932894142200 ) ) ;
#3484 = CLOSED_SHELL ( 'NONE', ( #5673, #6107, #753, #1482, #5480, #1301, #5341, #1582, #7176, #3558, #3940, #566, #7603, #900, #2673, #663, #5574, #5492, #3212, #2150, #5538, #4966, #7135, #1441, #2936, #6592, #6067, #1382, #1687, #7265, #5151, #4826, #3220, #6545, #7273, #237, #3521, #713, #4673, #4822, #7751, #2537, #477, #6343, #6246, #5096, #7748, #7711, #1925, #3991, #4690, #2879, #528, #375, #4862, #45, #5729, #313, #7074, #856 ) ) ;
#3485 = CARTESIAN_POINT ( 'NONE',  ( -196.7612365633518721, 175.5457188478868886, 15.07208040908719404 ) ) ;
#3486 = CARTESIAN_POINT ( 'NONE',  ( 215.8999999999998636, 190.5000000000000284, 21.48530440293794186 ) ) ;
#3487 = CARTESIAN_POINT ( 'NONE',  ( 1.517742970158518778, 42.71956738892941274, 48.19311438951896065 ) ) ;
#3488 = CARTESIAN_POINT ( 'NONE',  ( -213.6173257305551942, 187.3130654452002943, 3.743849805946612541 ) ) ;
#3489 = CARTESIAN_POINT ( 'NONE',  ( -32.93755290300678951, -28.98645776525408024, 48.99815613063710629 ) ) ;
#3490 = AXIS2_PLACEMENT_3D ( 'NONE', #4527, #2182, #6874 ) ;
#3491 = CARTESIAN_POINT ( 'NONE',  ( -225.8999999999999204, 200.5000000000000568, 2.000000000000000000 ) ) ;
#3492 = CARTESIAN_POINT ( 'NONE',  ( 225.8999999999999488, -190.5000000000000284, 85.00000000000000000 ) ) ;
#3493 = ORIENTED_EDGE ( 'NONE', *, *, #3603, .T. ) ;
#3494 = CARTESIAN_POINT ( 'NONE',  ( -209.4269959753926855, 192.2988464072115278, 0.000000000000000000 ) ) ;
#3495 = CARTESIAN_POINT ( 'NONE',  ( 215.7178087366781654, -185.3322351905149787, -0.06089986583223843536 ) ) ;
#3496 = CARTESIAN_POINT ( 'NONE',  ( 183.9907777505433160, -163.4830808055682212, 20.06390850503441570 ) ) ;
#3497 = CARTESIAN_POINT ( 'NONE',  ( -205.1345252410045532, 177.4910585272797050, 12.18487369370279261 ) ) ;
#3498 = CARTESIAN_POINT ( 'NONE',  ( -159.4916281646431742, 141.9026717882634898, 26.70562737929346042 ) ) ;
#3499 = AXIS2_PLACEMENT_3D ( 'NONE', #5100, #4477, #1471 ) ;
#3500 = CARTESIAN_POINT ( 'NONE',  ( 4.256902877302412236, 34.74553684077630322, 57.96191549889083916 ) ) ;
#3501 = CARTESIAN_POINT ( 'NONE',  ( -217.6262127635291392, 184.6558125624152922, -0.000000000000000000 ) ) ;
#3502 = CARTESIAN_POINT ( 'NONE',  ( -215.9000000000000341, 184.4162978572970246, -0.3446432234953641371 ) ) ;
#3503 = CARTESIAN_POINT ( 'NONE',  ( 208.2149219795211650, 179.7567338370585333, 10.33577164156756467 ) ) ;
#3504 = VECTOR ( 'NONE', #3146, 1000.000000000000000 ) ;
#3505 = CARTESIAN_POINT ( 'NONE',  ( 215.8979685327149980, -183.4999782912496471, 0.1724510548412083177 ) ) ;
#3506 = CARTESIAN_POINT ( 'NONE',  ( 145.2759815154348360, -127.6469292737377259, 30.12781845900470046 ) ) ;
#3507 = CARTESIAN_POINT ( 'NONE',  ( -208.8957650693494656, -190.4897232080542153, 0.4128353745024810340 ) ) ;
#3508 = CARTESIAN_POINT ( 'NONE',  ( -215.9000000000000057, -190.4999999999999716, 0.000000000000000000 ) ) ;
#3509 = CARTESIAN_POINT ( 'NONE',  ( 214.7845797736341353, -184.1767867238145300, 4.006114480837167591 ) ) ;
#3510 = AXIS2_PLACEMENT_3D ( 'NONE', #4015, #6922, #5740 ) ;
#3511 = CARTESIAN_POINT ( 'NONE',  ( 185.1892582596915702, 161.0993273384342785, 20.21187079566497147 ) ) ;
#3512 = CARTESIAN_POINT ( 'NONE',  ( -211.5787431955190243, 189.9671357569051509, 0.02341737808142015098 ) ) ;
#3513 =( BOUNDED_SURFACE ( )  B_SPLINE_SURFACE ( 3, 2, ( 
 ( #4714, #4165, #1191 ),
 ( #4122, #5925, #5882 ),
 ( #435, #1670, #2371 ),
 ( #4201, #1751, #3523 ),
 ( #3597, #5998, #6511 ),
 ( #6552, #1119, #1074 ),
 ( #521, #596, #2839 ),
 ( #3001, #5254, #5411 ),
 ( #7655, #7024, #2253 ),
 ( #7066, #4079, #479 ),
 ( #6113, #52, #708 ),
 ( #4274, #748, #1819 ),
 ( #1936, #6777, #4353 ),
 ( #3710, #3672, #785 ),
 ( #7258, #1346, #128 ),
 ( #2524, #1307, #4390 ),
 ( #3158, #2487, #5562 ),
 ( #4941, #2448, #671 ),
 ( #7374, #6662, #7337 ),
 ( #6736, #3122, #4314 ),
 ( #6038, #3747, #1268 ),
 ( #4905, #6154, #164 ),
 ( #3636, #2560, #6073 ),
 ( #4977, #1973, #5526 ),
 ( #4235, #6622, #3080 ),
 ( #4828, #1385, #3193 ),
 ( #3786, #7298, #5486 ),
 ( #7218, #1229, #6189 ),
 ( #5598, #199, #635 ),
 ( #3041, #5448, #4865 ),
 ( #87, #1857, #1898 ),
 ( #6698, #5821, #1054 ),
 ( #6267, #4613, #6227 ),
 ( #3503, #5014, #3417 ),
 ( #3233, #4103, #2235 ),
 ( #6493, #2192, #7633 ),
 ( #2636, #1694, #1096 ),
 ( #380, #1461, #4697 ),
 ( #7677, #5861, #1421 ),
 ( #5640, #7593, #4430 ),
 ( #458, #2276, #867 ),
 ( #5907, #3866, #7090 ),
 ( #236, #6852, #7003 ),
 ( #4018, #5781, #2597 ),
 ( #2048, #825, #5278 ),
 ( #7413, #3379, #1610 ),
 ( #2781, #7452, #2011 ),
 ( #6814, #5053, #3826 ),
 ( #4466, #5195, #2864 ),
 ( #6410, #1016, #418 ),
 ( #2821, #7049, #5235 ),
 ( #3457, #4659, #1652 ),
 ( #4061, #6452, #4185 ),
 ( #3062, #2352, #3618 ),
 ( #5945, #2906, #6020 ),
 ( #4847, #1839, #5320 ),
 ( #1175, #579, #2431 ),
 ( #71, #7129, #7241 ),
 ( #5468, #4255, #618 ),
 ( #6057, #7718, #2316 ),
 ( #6681, #33, #7282 ),
 ( #5430, #5983, #3581 ),
 ( #503, #4738, #2469 ),
 ( #6646, #1289, #3023 ),
 ( #6606, #4887, #1880 ),
 ( #4775, #4297, #3692 ),
 ( #1253, #2982, #3656 ),
 ( #1734, #6572, #2393 ),
 ( #5393, #654, #1803 ),
 ( #542, #7794, #7167 ),
 ( #1770, #4145, #6533 ),
 ( #1212, #4811, #7202 ),
 ( #1139, #4220, #7755 ),
 ( #3544, #2945, #5357 ),
 ( #2619, #2545, #849 ),
 ( #1405, #4413, #3849 ),
 ( #111, #4961, #5581 ),
 ( #7435, #4489, #4451 ),
 ( #3768, #6757, #6173 ),
 ( #2508, #257, #3809 ),
 ( #6875, #6211, #3730 ),
 ( #5038, #809, #1919 ),
 ( #183, #4997, #769 ),
 ( #3215, #6835, #2579 ),
 ( #3178, #4334, #1484 ),
 ( #7394, #7357, #2658 ),
 ( #3256, #1446, #4925 ),
 ( #1996, #5620, #6717 ),
 ( #5073, #6093, #6799 ),
 ( #691, #1956, #7472 ),
 ( #6134, #4371, #220 ),
 ( #7321, #2033, #2070 ),
 ( #6249, #1327, #5662 ),
 ( #3103, #730, #5508 ),
 ( #1367, #3142, #5546 ),
 ( #149, #2105, #3291 ),
 ( #4528, #3891, #1642 ),
 ( #4052, #3369, #2854 ),
 ( #6441, #409, #2268 ),
 ( #6995, #2813, #888 ),
 ( #3968, #924, #1559 ),
 ( #5773, #370, #5109 ),
 ( #329, #3328, #2772 ),
 ( #6288, #5697, #7550 ),
 ( #6360, #4605, #5269 ),
 ( #7585, #4650, #5186 ) ),
 .UNSPECIFIED., .F., .F., .F. ) 
 B_SPLINE_SURFACE_WITH_KNOTS ( ( 4, 2, 2, 2, 2, 2, 2, 2, 2, 2, 2, 2, 2, 2, 2, 2, 2, 2, 2, 2, 2, 2, 2, 2, 2, 2, 2, 2, 2, 2, 2, 2, 2, 2, 2, 2, 2, 2, 2, 2, 2, 2, 2, 2, 2, 2, 2, 2, 2, 2, 2, 2, 4 ),
 ( 3, 3 ),
 ( 0.007402708790911453549, 0.02258855369569118254, 0.03777439860047090980, 0.06814608841003036432, 0.09851777821958981884, 0.1288894680291492734, 0.1592611578387087556, 0.1744470027434884829, 0.1896328476482682102, 0.2048186925530479374, 0.2124116150054378149, 0.2200045374578276647, 0.2275974599102175144, 0.2313939211364124393, 0.2351903823626073919, 0.2389868435888023446, 0.2408850742018998070, 0.2427833048149972694, 0.2446815354280947319, 0.2456306507346434631, 0.2465797660411921943, 0.2470543236944665599, 0.2475288813477409255, 0.2480034390010152912, 0.2482407178276524740, 0.2484779966542896568, 0.2485966360676082343, 0.2487152754809268396, 0.2487745951875861561, 0.2488339148942454448, 0.2488932346009047336, 0.2489228944542343780, 0.2489525543075640224, 0.2489822141608936668, 0.2489970440875584889, 0.2490044590508909139, 0.2490081665325571125, 0.2490100202733901980, 0.2490109471438067545, 0.2490114105790150467, 0.2490118740142233111, 0.2490121057318274433, 0.2490123374494315756, 0.2490128008846398677, 0.2490137277550564243, 0.2490155814958895097, 0.2490192889775557084, 0.2490267039408881333, 0.2490415338675529555, 0.2490711937208825999, 0.2491898331342012052, 0.2494271119608383880, 0.2503762272673871192 ),
 ( 0.000000000000000000, 1.000000000000000000 ),
 .UNSPECIFIED. ) 
 GEOMETRIC_REPRESENTATION_ITEM ( )  RATIONAL_B_SPLINE_SURFACE ( (
 ( 1.000000000000000000, 0.9997799152818029889, 1.000000000000000000),
 ( 1.000000000000000000, 0.9995072083448220956, 1.000000000000000000),
 ( 1.000000000000000000, 0.9990801912218075786, 1.000000000000000000),
 ( 1.000000000000000000, 0.9981745353795538067, 1.000000000000000000),
 ( 1.000000000000000000, 0.9976928724168386831, 1.000000000000000000),
 ( 1.000000000000000000, 0.9962729401160055343, 1.000000000000000000),
 ( 1.000000000000000000, 0.9953601449832236714, 1.000000000000000000),
 ( 1.000000000000000000, 0.9936148932808674950, 1.000000000000000000),
 ( 1.000000000000000000, 0.9927748253233896758, 1.000000000000000000),
 ( 1.000000000000000000, 0.9910343749382957146, 1.000000000000000000),
 ( 1.000000000000000000, 0.9901362427204078998, 1.000000000000000000),
 ( 1.000000000000000000, 0.9880744561808831872, 1.000000000000000000),
 ( 1.000000000000000000, 0.9869220044116072676, 1.000000000000000000),
 ( 1.000000000000000000, 0.9846541351317878998, 1.000000000000000000),
 ( 1.000000000000000000, 0.9838061033614705631, 1.000000000000000000),
 ( 1.000000000000000000, 0.9817865834128717273, 1.000000000000000000),
 ( 1.000000000000000000, 0.9806202013719826915, 1.000000000000000000),
 ( 1.000000000000000000, 0.9776812567751398397, 1.000000000000000000),
 ( 1.000000000000000000, 0.9759264371649462033, 1.000000000000000000),
 ( 1.000000000000000000, 0.9723038980007085996, 1.000000000000000000),
 ( 1.000000000000000000, 0.9709269779957673263, 1.000000000000000000),
 ( 1.000000000000000000, 0.9676166132628306604, 1.000000000000000000),
 ( 1.000000000000000000, 0.9656907224181264793, 1.000000000000000000),
 ( 1.000000000000000000, 0.9608460062363503029, 1.000000000000000000),
 ( 1.000000000000000000, 0.9579520966934977899, 1.000000000000000000),
 ( 1.000000000000000000, 0.9520683184154831169, 1.000000000000000000),
 ( 1.000000000000000000, 0.9498442957974706502, 1.000000000000000000),
 ( 1.000000000000000000, 0.9445521867475943356, 1.000000000000000000),
 ( 1.000000000000000000, 0.9414939739692529397, 1.000000000000000000),
 ( 1.000000000000000000, 0.9339061325810422698, 1.000000000000000000),
 ( 1.000000000000000000, 0.9294024269193070786, 1.000000000000000000),
 ( 1.000000000000000000, 0.9204668853684678798, 1.000000000000000000),
 ( 1.000000000000000000, 0.9171170993618907863, 1.000000000000000000),
 ( 1.000000000000000000, 0.9092475177836977229, 1.000000000000000000),
 ( 1.000000000000000000, 0.9047413130075915300, 1.000000000000000000),
 ( 1.000000000000000000, 0.8937169933802008304, 1.000000000000000000),
 ( 1.000000000000000000, 0.8872356277001893776, 1.000000000000000000),
 ( 1.000000000000000000, 0.8745614067365456989, 1.000000000000000000),
 ( 1.000000000000000000, 0.8698337499621655589, 1.000000000000000000),
 ( 1.000000000000000000, 0.8587623097747527634, 1.000000000000000000),
 ( 1.000000000000000000, 0.8524447374977235370, 1.000000000000000000),
 ( 1.000000000000000000, 0.8407813533326478073, 1.000000000000000000),
 ( 1.000000000000000000, 0.8365148080620671278, 1.000000000000000000),
 ( 1.000000000000000000, 0.8269380731906718074, 1.000000000000000000),
 ( 1.000000000000000000, 0.8216344458436528608, 1.000000000000000000),
 ( 1.000000000000000000, 0.8093778792385450949, 1.000000000000000000),
 ( 1.000000000000000000, 0.8024548729994052110, 1.000000000000000000),
 ( 1.000000000000000000, 0.7898117552833396893, 1.000000000000000000),
 ( 1.000000000000000000, 0.7852143669985987007, 1.000000000000000000),
 ( 1.000000000000000000, 0.7748557453205973111, 1.000000000000000000),
 ( 1.000000000000000000, 0.7691264014148235795, 1.000000000000000000),
 ( 1.000000000000000000, 0.7592236999331890557, 1.000000000000000000),
 ( 1.000000000000000000, 0.7556999232577464864, 1.000000000000000000),
 ( 1.000000000000000000, 0.7480679593496483148, 1.000000000000000000),
 ( 1.000000000000000000, 0.7439414621019914131, 1.000000000000000000),
 ( 1.000000000000000000, 0.7372640133177350563, 1.000000000000000000),
 ( 1.000000000000000000, 0.7349577937586450060, 1.000000000000000000),
 ( 1.000000000000000000, 0.7301959458132513126, 1.000000000000000000),
 ( 1.000000000000000000, 0.7277383404399463407, 1.000000000000000000),
 ( 1.000000000000000000, 0.7227402695632546559, 1.000000000000000000),
 ( 1.000000000000000000, 0.7201949289851728997, 1.000000000000000000),
 ( 1.000000000000000000, 0.7164774781703638906, 1.000000000000000000),
 ( 1.000000000000000000, 0.7152564672509644783, 1.000000000000000000),
 ( 1.000000000000000000, 0.7129125217784200164, 1.000000000000000000),
 ( 1.000000000000000000, 0.7117876980647269702, 1.000000000000000000),
 ( 1.000000000000000000, 0.7097502908127023558, 1.000000000000000000),
 ( 1.000000000000000000, 0.7088286669434847864, 1.000000000000000000),
 ( 1.000000000000000000, 0.7078235388696773045, 1.000000000000000000),
 ( 1.000000000000000000, 0.7075558819456593262, 1.000000000000000000),
 ( 1.000000000000000000, 0.7072875844433287318, 1.000000000000000000),
 ( 1.000000000000000000, 0.7072201608684608454, 1.000000000000000000),
 ( 1.000000000000000000, 0.7071528434800944396, 1.000000000000000000),
 ( 1.000000000000000000, 0.7071360146255696311, 1.000000000000000000),
 ( 1.000000000000000000, 0.7071189830207806892, 1.000000000000000000),
 ( 1.000000000000000000, 0.7071146815540078068, 1.000000000000000000),
 ( 1.000000000000000000, 0.7071102350142181026, 1.000000000000000000),
 ( 1.000000000000000000, 0.7071090927715939500, 1.000000000000000000),
 ( 1.000000000000000000, 0.7071078717567228500, 1.000000000000000000),
 ( 1.000000000000000000, 0.7071075579600049066, 1.000000000000000000),
 ( 1.000000000000000000, 0.7071070592325694459, 1.000000000000000000),
 ( 1.000000000000000000, 0.7071069628870705337, 1.000000000000000000),
 ( 1.000000000000000000, 0.7071067694897671396, 1.000000000000000000),
 ( 1.000000000000000000, 0.7071068229546465522, 1.000000000000000000),
 ( 1.000000000000000000, 0.7071067394184457067, 1.000000000000000000),
 ( 1.000000000000000000, 0.7071068051784584751, 1.000000000000000000),
 ( 1.000000000000000000, 0.7071067332027215491, 1.000000000000000000),
 ( 1.000000000000000000, 0.7071067874777687834, 1.000000000000000000),
 ( 1.000000000000000000, 0.7071067686041009326, 1.000000000000000000),
 ( 1.000000000000000000, 0.7071067811865461294, 1.000000000000000000),
 ( 1.000000000000000000, 0.7071067811865461294, 1.000000000000000000),
 ( 1.000000000000000000, 0.7071067811865461294, 1.000000000000000000),
 ( 1.000000000000000000, 0.7071067811865461294, 1.000000000000000000),
 ( 1.000000000000000000, 0.7071067811865461294, 1.000000000000000000),
 ( 1.000000000000000000, 0.7071067811865461294, 1.000000000000000000),
 ( 1.000000000000000000, 0.7071067811865489050, 1.000000000000000000),
 ( 1.000000000000000000, 0.7071067811865489050, 1.000000000000000000),
 ( 1.000000000000000000, 0.7071067811865475727, 1.000000000000000000),
 ( 1.000000000000000000, 0.7071067811865475727, 1.000000000000000000),
 ( 1.000000000000000000, 0.7071067811865489050, 1.000000000000000000),
 ( 1.000000000000000000, 0.7071067811865489050, 1.000000000000000000),
 ( 1.000000000000000000, 0.7071067811865461294, 1.000000000000000000),
 ( 1.000000000000000000, 0.7071067811865461294, 1.000000000000000000),
 ( 1.000000000000000000, 0.7071067811865475727, 1.000000000000000000),
 ( 1.000000000000000000, 0.7071067811865475727, 1.000000000000000000),
 ( 1.000000000000000000, 0.7071067811865461294, 1.000000000000000000),
 ( 1.000000000000000000, 0.7071067811865461294, 1.000000000000000000) ) ) 
 REPRESENTATION_ITEM ( '' )  SURFACE ( )  );
#3514 = CARTESIAN_POINT ( 'NONE',  ( 215.1904261310428410, -186.1412059700493273, 1.608462873523311965 ) ) ;
#3515 = CYLINDRICAL_SURFACE ( 'NONE', #3375, 10.00000000000000888 ) ;
#3516 = CARTESIAN_POINT ( 'NONE',  ( 210.3308239170316085, -185.5506285716418802, 7.617613823597029210 ) ) ;
#3517 = CARTESIAN_POINT ( 'NONE',  ( -114.8354425949087130, 101.3225892328606648, 35.91207794416280308 ) ) ;
#3518 = VERTEX_POINT ( 'NONE', #1884 ) ;
#3519 = CARTESIAN_POINT ( 'NONE',  ( 3.022953130081035944, -42.64863476771136419, 48.19920549470793958 ) ) ;
#3520 = CARTESIAN_POINT ( 'NONE',  ( -207.6648179890238168, 184.6836994044271592, 9.167467312560068748 ) ) ;
#3521 = ADVANCED_FACE ( 'NONE', ( #5472 ), #5019, .T. ) ;
#3522 = CARTESIAN_POINT ( 'NONE',  ( -212.4092230521948750, 189.6095320637364523, 0.4643273059613193254 ) ) ;
#3523 = CARTESIAN_POINT ( 'NONE',  ( 46.62982340788385471, 41.71394466519851818, 46.85094665940250280 ) ) ;
#3524 = CARTESIAN_POINT ( 'NONE',  ( 212.2355543265994129, 191.6450203422041909, 0.000000000000000000 ) ) ;
#3525 = CARTESIAN_POINT ( 'NONE',  ( 31.87042414510143118, -28.02326475106669079, 49.15982942683319834 ) ) ;
#3526 = LINE ( 'NONE', #7150, #3624 ) ;
#3527 = CARTESIAN_POINT ( 'NONE',  ( 203.2082584536178160, -179.8620607432056033, 12.48036572284017964 ) ) ;
#3528 = CARTESIAN_POINT ( 'NONE',  ( -31.83824785827778214, 28.06016008864338573, 49.15985717517327203 ) ) ;
#3529 = CARTESIAN_POINT ( 'NONE',  ( -215.8999999999999773, -183.4999999999976978, -0.2632554525752424657 ) ) ;
#3530 = CARTESIAN_POINT ( 'NONE',  ( -5.292183129185880297, 42.43306945570600419, 48.21758727782185616 ) ) ;
#3531 = CARTESIAN_POINT ( 'NONE',  ( -211.0565428522124307, 189.4239936095260646, 3.203615592006343604 ) ) ;
#3532 = DIRECTION ( 'NONE',  ( -1.000000000000000000, 0.000000000000000000, 0.000000000000000000 ) ) ;
#3533 = CARTESIAN_POINT ( 'NONE',  ( 215.6108196260055365, -186.0440770171417455, 2.989163060741579119E-12 ) ) ;
#3534 = ORIENTED_EDGE ( 'NONE', *, *, #7032, .F. ) ;
#3535 = CARTESIAN_POINT ( 'NONE',  ( -214.8085026684811396, 186.9320616140100242, 1.573115089668228883 ) ) ;
#3536 = CARTESIAN_POINT ( 'NONE',  ( 215.3671567275789869, -186.1787840265556326, -0.4257127542553629795 ) ) ;
#3537 = DIRECTION ( 'NONE',  ( -0.9999996929497251275, 0.0007836456187175258039, 0.000000000000000000 ) ) ;
#3538 = CARTESIAN_POINT ( 'NONE',  ( 187.9333769964551664, -166.6239243030170485, 18.87499553365240956 ) ) ;
#3539 = CARTESIAN_POINT ( 'NONE',  ( -190.9111731150859725, 165.9400984526946274, 18.30564714187466890 ) ) ;
#3540 = CARTESIAN_POINT ( 'NONE',  ( -163.8587077134855008, 144.5730084714745374, 25.90530487631457035 ) ) ;
#3541 = CARTESIAN_POINT ( 'NONE',  ( -16.40781471474942776, 30.92180974253026449, 58.38192965306381410 ) ) ;
#3542 = CARTESIAN_POINT ( 'NONE',  ( -215.8999999999999204, -198.5000000000000284, 0.000000000000000000 ) ) ;
#3543 = CARTESIAN_POINT ( 'NONE',  ( -215.7178087366783075, 185.3322351905149503, -0.2635736927345287417 ) ) ;
#3544 = CARTESIAN_POINT ( 'NONE',  ( 215.8996105462763069, 183.4999957044651353, 0.07692534774401102449 ) ) ;
#3545 = CARTESIAN_POINT ( 'NONE',  ( 214.4976417451764235, -187.8018198031434451, 0.01921002979805696079 ) ) ;
#3546 = CARTESIAN_POINT ( 'NONE',  ( 136.7105164788594323, -122.1217217112971554, 31.54506384329479474 ) ) ;
#3547 = CARTESIAN_POINT ( 'NONE',  ( -215.8999856741944541, -190.4999934900720575, 0.01654045024924511928 ) ) ;
#3548 = CARTESIAN_POINT ( 'NONE',  ( 215.8999999999999488, -190.5000000000000284, 70.00000000000000000 ) ) ;
#3549 = ORIENTED_EDGE ( 'NONE', *, *, #5626, .F. ) ;
#3550 = CARTESIAN_POINT ( 'NONE',  ( 207.9488015527643370, 179.5759313769198116, 10.52354840212985110 ) ) ;
#3551 = CARTESIAN_POINT ( 'NONE',  ( -215.8999524898366644, 184.4162944931416916, 0.02742834277878152330 ) ) ;
#3552 = CARTESIAN_POINT ( 'NONE',  ( 210.6653683980616734, -190.2666832492194544, 1.001904071472178526 ) ) ;
#3553 = CARTESIAN_POINT ( 'NONE',  ( -147.9579067812221069, -132.1657663910774545, 29.16583601681828242 ) ) ;
#3554 = CARTESIAN_POINT ( 'NONE',  ( 208.4712149223679205, -188.2428091451905914, 5.962631464740479892 ) ) ;
#3555 = CARTESIAN_POINT ( 'NONE',  ( -92.56583317646420994, 80.92496094796324257, 39.76608778442283665 ) ) ;
#3556 = VERTEX_POINT ( 'NONE', #3066 ) ;
#3557 = CARTESIAN_POINT ( 'NONE',  ( -206.4315211904871035, 182.1143712267943613, 10.73496917866105349 ) ) ;
#3558 = ADVANCED_FACE ( 'NONE', ( #116, #6685 ), #5512, .F. ) ;
#3559 = CARTESIAN_POINT ( 'NONE',  ( -215.3306208511654347, 186.1724452424041374, 0.7259595334848337744 ) ) ;
#3560 = CARTESIAN_POINT ( 'NONE',  ( 211.1253317932562368, -192.0084761373014999, 0.000000000000000000 ) ) ;
#3561 = CARTESIAN_POINT ( 'NONE',  ( 217.6835644251392523, 184.0795089230223880, 0.000000000000000000 ) ) ;
#3562 = CARTESIAN_POINT ( 'NONE',  ( 31.72540399148430268, -28.18905988613821734, 49.15708407741359309 ) ) ;
#3563 = CARTESIAN_POINT ( 'NONE',  ( -212.2885171162294000, -189.4352954224502810, 1.578982067372174170 ) ) ;
#3564 = CARTESIAN_POINT ( 'NONE',  ( 205.8656111200243970, -179.7473931336054989, 11.60850552269783975 ) ) ;
#3565 = CARTESIAN_POINT ( 'NONE',  ( -217.6262257812944938, -184.6523226538080564, -0.000000000000000000 ) ) ;
#3566 = ORIENTED_EDGE ( 'NONE', *, *, #4921, .T. ) ;
#3567 = EDGE_CURVE ( 'NONE', #3182, #5130, #7154, .T. ) ;
#3568 = CARTESIAN_POINT ( 'NONE',  ( 44.97916666666656482, 190.4999999999999432, 0.000000000000000000 ) ) ;
#3569 = CARTESIAN_POINT ( 'NONE',  ( -213.0367009835876502, 187.9237265105965093, 3.661270834547809550 ) ) ;
#3570 = CARTESIAN_POINT ( 'NONE',  ( 41.59630552540855319, 12.87109096220614823, 48.74433581336789700 ) ) ;
#3571 = CARTESIAN_POINT ( 'NONE',  ( 217.6836110407054434, -183.4969353407484220, 0.000000000000000000 ) ) ;
#3572 = CARTESIAN_POINT ( 'NONE',  ( 174.0371040481583123, -192.2711132668276832, 3.469446951953614189E-15 ) ) ;
#3573 = CARTESIAN_POINT ( 'NONE',  ( 208.8999999999999773, -190.4999999999999716, -0.1825041619732894471 ) ) ;
#3574 = CARTESIAN_POINT ( 'NONE',  ( 191.6728010377732687, -169.9772804422230195, 17.52282682067473019 ) ) ;
#3575 = CARTESIAN_POINT ( 'NONE',  ( -40.33923043168013578, 36.03024559849696118, 47.82660553709852991 ) ) ;
#3576 = CARTESIAN_POINT ( 'NONE',  ( -183.6143620253794495, 160.1227452419311135, 20.70243472142954744 ) ) ;
#3577 = CIRCLE ( 'NONE', #4588, 10.00000000000000888 ) ;
#3578 = CARTESIAN_POINT ( 'NONE',  ( -8.337437436917721101, 41.99510884113352915, 48.25443675627327167 ) ) ;
#3579 = CARTESIAN_POINT ( 'NONE',  ( 29.48667588021832131, 18.88506435826141328, 50.00723797927623338 ) ) ;
#3580 = CARTESIAN_POINT ( 'NONE',  ( -213.2018270398244226, 189.0976678967872715, -1.398547123386250313 ) ) ;
#3581 = CARTESIAN_POINT ( 'NONE',  ( 208.8823877598918841, 190.4519358751037146, 0.8778987876541084479 ) ) ;
#3582 = CARTESIAN_POINT ( 'NONE',  ( 210.7322057480882620, -190.3177900479176117, 0.02006641466588792583 ) ) ;
#3583 = CARTESIAN_POINT ( 'NONE',  ( 122.2660303733460125, -108.1079868503838668, 34.51981661082147923 ) ) ;
#3584 = CARTESIAN_POINT ( 'NONE',  ( -215.8996105462759942, -183.4999957044651069, 0.07692534777999537887 ) ) ;
#3585 = DIRECTION ( 'NONE',  ( 0.000000000000000000, 0.000000000000000000, -1.000000000000000000 ) ) ;
#3586 = CIRCLE ( 'NONE', #1568, 7.500000000000007105 ) ;
#3587 = ORIENTED_EDGE ( 'NONE', *, *, #861, .T. ) ;
#3588 = CARTESIAN_POINT ( 'NONE',  ( -29.56620195904253023, -18.75959158791970083, 58.82041377961218842 ) ) ;
#3589 = CARTESIAN_POINT ( 'NONE',  ( -215.8999829243550437, 184.4162966458794983, 0.01625844129146223824 ) ) ;
#3590 = CARTESIAN_POINT ( 'NONE',  ( 215.6283515326061888, -185.3203329532301780, 1.152847197592873574 ) ) ;
#3591 = CARTESIAN_POINT ( 'NONE',  ( -31.91863894903115906, -27.96788265210808433, 49.15921352256154364 ) ) ;
#3592 = CARTESIAN_POINT ( 'NONE',  ( 210.0978472588735144, -188.1852971245837693, 5.568922635356991613 ) ) ;
#3593 = CARTESIAN_POINT ( 'NONE',  ( -100.0363630247499316, 87.67149990699716966, 38.49953410968255696 ) ) ;
#3594 = ORIENTED_EDGE ( 'NONE', *, *, #2199, .F. ) ;
#3595 = CARTESIAN_POINT ( 'NONE',  ( -210.9204039397040731, 183.6234780879437380, 8.066662288865039443 ) ) ;
#3596 = CARTESIAN_POINT ( 'NONE',  ( -210.6997037733626428, 190.2961968252130873, 0.6706554355840206316 ) ) ;
#3597 = CARTESIAN_POINT ( 'NONE',  ( 50.99996655423976932, 44.36398686974776950, 46.29138554081462331 ) ) ;
#3598 = CARTESIAN_POINT ( 'NONE',  ( -43.21840505315947212, -5.207879922617840052, 48.67821333837505904 ) ) ;
#3599 = CARTESIAN_POINT ( 'NONE',  ( 50.52762208465271954, -44.90231211680296042, 46.28707759644794351 ) ) ;
#3600 = CARTESIAN_POINT ( 'NONE',  ( 208.4370347970439354, -181.7762769749649294, 9.979074226708519291 ) ) ;
#3601 = CARTESIAN_POINT ( 'NONE',  ( -214.2409271122558607, -190.4987983773050644, 0.000000000000000000 ) ) ;
#3602 = ORIENTED_EDGE ( 'NONE', *, *, #1961, .F. ) ;
#3603 = EDGE_CURVE ( 'NONE', #3873, #4473, #2512, .T. ) ;
#3604 = CARTESIAN_POINT ( 'NONE',  ( -66.25617347630974052, 111.0081847084315001, 33.09579630335408496 ) ) ;
#3605 = CARTESIAN_POINT ( 'NONE',  ( -215.1351020095503372, 184.2811906872118186, 3.328879897278093303 ) ) ;
#3606 = CARTESIAN_POINT ( 'NONE',  ( 41.66168690183386758, -12.90317383625904668, 48.74276895606888615 ) ) ;
#3607 = DIRECTION ( 'NONE',  ( 0.000000000000000000, 0.000000000000000000, 1.000000000000000000 ) ) ;
#3608 = VERTEX_POINT ( 'NONE', #3696 ) ;
#3609 = CARTESIAN_POINT ( 'NONE',  ( -212.2917405581233936, 189.4460995022191696, 1.578916552385041250 ) ) ;
#3610 = CARTESIAN_POINT ( 'NONE',  ( 215.8999999999999488, -184.4162978572969962, -0.1825041619732894471 ) ) ;
#3611 = CARTESIAN_POINT ( 'NONE',  ( 190.8570690346045637, -167.1193660858980650, 18.23935163332192388 ) ) ;
#3612 = CARTESIAN_POINT ( 'NONE',  ( -205.1442555998328601, 184.9917481297989639, 9.245863926076905770 ) ) ;
#3613 = CARTESIAN_POINT ( 'NONE',  ( -174.8141336435581650, 154.9203361366747629, 22.94680699089682818 ) ) ;
#3614 = CARTESIAN_POINT ( 'NONE',  ( -208.2854083031754442, 189.0802667002885187, 4.730095320058239849 ) ) ;
#3615 = CARTESIAN_POINT ( 'NONE',  ( -15.56806179327232798, 31.35430682229761956, 50.02502124802916939 ) ) ;
#3616 = CARTESIAN_POINT ( 'NONE',  ( 27.67293758583645058, 21.45545556307951784, 50.00389792693007252 ) ) ;
#3617 = CARTESIAN_POINT ( 'NONE',  ( -211.5787840265556667, 189.9671567275789812, -1.074269000342903180 ) ) ;
#3618 = CARTESIAN_POINT ( 'NONE',  ( 208.7815589048448999, 190.1449466613625248, 2.376204127218511708 ) ) ;
#3619 = CARTESIAN_POINT ( 'NONE',  ( 213.8496784095322312, -188.4497251563507803, 0.03154443473344670235 ) ) ;
#3620 = CARTESIAN_POINT ( 'NONE',  ( 137.9697289889838885, -120.7244534567474261, 31.68718453612896724 ) ) ;
#3621 = CARTESIAN_POINT ( 'NONE',  ( -208.9000000193405810, -190.4999999999999432, -0.001347694347778744797 ) ) ;
#3622 = AXIS2_PLACEMENT_3D ( 'NONE', #126, #3191, #2558 ) ;
#3623 = EDGE_LOOP ( 'NONE', ( #6547, #3974 ) ) ;
#3624 = VECTOR ( 'NONE', #7367, 1000.000000000000000 ) ;
#3625 = CARTESIAN_POINT ( 'NONE',  ( -28.99363715871236380, -19.63350026356071254, 58.84291427124470886 ) ) ;
#3626 = CARTESIAN_POINT ( 'NONE',  ( -214.4976678967873056, 187.8018270398243885, -9.771776180651828541E-05 ) ) ;
#3627 = CARTESIAN_POINT ( 'NONE',  ( 215.7577550864427565, -184.4043605688501941, 1.447935021674835232 ) ) ;
#3628 = CARTESIAN_POINT ( 'NONE',  ( -206.6149194609001540, -186.7127810795532241, 7.684168310726371409 ) ) ;
#3629 = CARTESIAN_POINT ( 'NONE',  ( 211.0772691096869096, -187.1674654938659614, 6.140291819988829225 ) ) ;
#3630 = CARTESIAN_POINT ( 'NONE',  ( -106.6623597834283288, 95.35574294508275273, 37.12298492315701992 ) ) ;
#3631 = AXIS2_PLACEMENT_3D ( 'NONE', #294, #2661, #5076 ) ;
#3632 = ORIENTED_EDGE ( 'NONE', *, *, #5436, .F. ) ;
#3633 = CARTESIAN_POINT ( 'NONE',  ( -211.2138744869328946, 183.8318394960921296, 7.810807758445858617 ) ) ;
#3634 = CARTESIAN_POINT ( 'NONE',  ( 25.98792483414283083, -23.44414133242979759, 58.92519609199867148 ) ) ;
#3635 = CARTESIAN_POINT ( 'NONE',  ( -215.8847048150512649, 184.4152564467027560, 0.4890351218562483671 ) ) ;
#3636 = CARTESIAN_POINT ( 'NONE',  ( 189.5290268858662159, 164.7771203750385780, 18.78743917911762651 ) ) ;
#3637 = DIRECTION ( 'NONE',  ( 0.6695046016950467749, 0.7421485401513144842, 0.03129109554537299470 ) ) ;
#3638 = CARTESIAN_POINT ( 'NONE',  ( 62.27388990781712153, -54.40500400267950454, 44.56003948349858490 ) ) ;
#3639 = CARTESIAN_POINT ( 'NONE',  ( 207.2519733845842040, -185.0317688979228876, 9.019892543080432645 ) ) ;
#3640 = CARTESIAN_POINT ( 'NONE',  ( -26.41788384992439020, 22.95855859787161890, 58.93158553443242909 ) ) ;
#3641 = CARTESIAN_POINT ( 'NONE',  ( -200.1440996063781199, 179.2722764374004214, 13.11715384916399252 ) ) ;
#3642 = CARTESIAN_POINT ( 'NONE',  ( 6.674313361044282189, -34.36319535597453267, 58.00954383349502308 ) ) ;
#3643 = CARTESIAN_POINT ( 'NONE',  ( -215.0757586963931374, 186.1062669767504474, 2.068615547264944787 ) ) ;
#3644 = CARTESIAN_POINT ( 'NONE',  ( 208.8460604039522366, -190.3381654394181339, 1.603115278390417897 ) ) ;
#3645 = CYLINDRICAL_SURFACE ( 'NONE', #592, 12.50000000000000355 ) ;
#3646 = CARTESIAN_POINT ( 'NONE',  ( 139.2296912046076045, -192.2351554121011930, 0.000000000000000000 ) ) ;
#3647 = CARTESIAN_POINT ( 'NONE',  ( 214.4976678967872203, -187.8018270398243601, -0.1419693965929391122 ) ) ;
#3648 = CARTESIAN_POINT ( 'NONE',  ( 197.0315491262471710, -171.4736006594967535, 15.97289331110234656 ) ) ;
#3649 = CARTESIAN_POINT ( 'NONE',  ( -36.55504968565632140, 32.59945510896648102, 48.41213578408072493 ) ) ;
#3650 = CARTESIAN_POINT ( 'NONE',  ( -174.6403090922975423, 155.1050098814320393, 22.90642296604660544 ) ) ;
#3651 = CARTESIAN_POINT ( 'NONE',  ( -213.5104580291770731, 183.6664539974858030, 5.831397295310875251 ) ) ;
#3652 = CARTESIAN_POINT ( 'NONE',  ( -1.211648340564537740, 35.00011092769765497, 57.92963096484686503 ) ) ;
#3653 = EDGE_CURVE ( 'NONE', #4750, #7362, #3373, .T. ) ;
#3654 = LINE ( 'NONE', #181, #7388 ) ;
#3655 = CARTESIAN_POINT ( 'NONE',  ( -213.2018270398244226, 189.0976678967872715, -1.074269000342903180 ) ) ;
#3656 = CARTESIAN_POINT ( 'NONE',  ( 208.8973148910218072, 190.4935710400508526, 0.3308583526115272955 ) ) ;
#3657 = CARTESIAN_POINT ( 'NONE',  ( 213.8497237305347483, -188.4497397871176645, 0.01806774002733486581 ) ) ;
#3658 = CARTESIAN_POINT ( 'NONE',  ( 153.2432119991219963, -133.8067678514225065, 28.49162056314703051 ) ) ;
#3659 = CARTESIAN_POINT ( 'NONE',  ( -215.8999996755767938, -190.4999998527407570, 3.808916264363595278E-05 ) ) ;
#3660 = CARTESIAN_POINT ( 'NONE',  ( 225.8999999999999488, -190.5000000000000284, 70.00000000000000000 ) ) ;
#3661 = ORIENTED_EDGE ( 'NONE', *, *, #4583, .F. ) ;
#3662 = EDGE_CURVE ( 'NONE', #4641, #1332, #2996, .T. ) ;
#3663 = EDGE_LOOP ( 'NONE', ( #4119, #4302, #4286, #4604 ) ) ;
#3664 = CARTESIAN_POINT ( 'NONE',  ( 26.24432493777824860, -23.15675729803963279, 50.00000000000000000 ) ) ;
#3665 = CARTESIAN_POINT ( 'NONE',  ( -214.4976627885360472, 187.8018256239790844, 0.008491520733804512611 ) ) ;
#3666 = CARTESIAN_POINT ( 'NONE',  ( 211.5661971608235490, -189.9608774425888100, 0.4054459996192341098 ) ) ;
#3667 = CARTESIAN_POINT ( 'NONE',  ( -200.7473299161094076, -180.4023911711469452, 12.45186938563212919 ) ) ;
#3668 = CARTESIAN_POINT ( 'NONE',  ( 211.3982041843635500, -186.4932299447217758, 6.416730272170376281 ) ) ;
#3669 = CARTESIAN_POINT ( 'NONE',  ( -107.0803800661889085, 94.89731699814512922, 37.20684985697198499 ) ) ;
#3670 = CARTESIAN_POINT ( 'NONE',  ( -207.2261699022323569, 187.4943282034526817, 6.856897482183709869 ) ) ;
#3671 = CARTESIAN_POINT ( 'NONE',  ( -215.3515404838824452, 186.1761259392515626, 0.4906667476270315520 ) ) ;
#3672 = CARTESIAN_POINT ( 'NONE',  ( 148.7935603262451139, 131.2895072187430685, 29.43801115810154201 ) ) ;
#3673 = DIRECTION ( 'NONE',  ( 0.000000000000000000, 0.000000000000000000, -1.000000000000000000 ) ) ;
#3674 = CARTESIAN_POINT ( 'NONE',  ( 62.13978253899546900, -54.55827996556381265, 44.56279404724240578 ) ) ;
#3675 = CARTESIAN_POINT ( 'NONE',  ( 206.3118965295545308, -184.0838233646033757, 9.792478124920021898 ) ) ;
#3676 = CARTESIAN_POINT ( 'NONE',  ( 24.33785750116840774, -25.27324759879138227, 58.82604138430433949 ) ) ;
#3677 = CARTESIAN_POINT ( 'NONE',  ( -217.6836110407054150, -183.4969353413795261, 0.000000000000000000 ) ) ;
#3678 = CARTESIAN_POINT ( 'NONE',  ( -203.2082584536177592, 179.8620607432056033, 12.48036572284019918 ) ) ;
#3679 = CARTESIAN_POINT ( 'NONE',  ( 9.876509870403161528, -33.67153747409298603, 50.01511462655796691 ) ) ;
#3680 = CARTESIAN_POINT ( 'NONE',  ( -212.2292167089869395, 189.4958477914500747, 1.720281795003065328 ) ) ;
#3681 = DIRECTION ( 'NONE',  ( 0.000000000000000000, 0.000000000000000000, 1.000000000000000000 ) ) ;
#3682 = CARTESIAN_POINT ( 'NONE',  ( 216.0720685486025445, -183.4968063905733970, -1.084202172485504434E-15 ) ) ;
#3683 = CARTESIAN_POINT ( 'NONE',  ( -29.01723204948853407, 19.68019841075655663, 58.84329635398940184 ) ) ;
#3684 = CARTESIAN_POINT ( 'NONE',  ( 215.3671567275789869, -186.1787840265556326, -0.3446432234946718021 ) ) ;
#3685 = CARTESIAN_POINT ( 'NONE',  ( 195.0970461965601146, -169.8683560002055515, 16.76396777515968139 ) ) ;
#3686 = CARTESIAN_POINT ( 'NONE',  ( -202.8329777556342890, 182.5147201630262828, 11.10321112773726782 ) ) ;
#3687 = CARTESIAN_POINT ( 'NONE',  ( -179.1061551577789430, 157.6647891300944764, 21.89995608545782702 ) ) ;
#3688 = CARTESIAN_POINT ( 'NONE',  ( -213.7872382306717043, 185.4762472869703345, 4.876521022537444239 ) ) ;
#3689 = CARTESIAN_POINT ( 'NONE',  ( 152.6287015743287725, -132.9953100971830509, 28.62731391263821834 ) ) ;
#3690 = CARTESIAN_POINT ( 'NONE',  ( -110.3317468021831189, -96.07793497434786900, 36.78562220452174358 ) ) ;
#3691 = CARTESIAN_POINT ( 'NONE',  ( 210.8999999999999773, -150.0000000000000000, 57.50000000000000711 ) ) ;
#3692 = CARTESIAN_POINT ( 'NONE',  ( 208.8957650693488404, 190.4897232080550395, 0.4128353744886955612 ) ) ;
#3693 = CARTESIAN_POINT ( 'NONE',  ( 215.0163805089850371, -187.0253049138949564, 0.04221313935247319321 ) ) ;
#3694 = CARTESIAN_POINT ( 'NONE',  ( 167.6258299564119625, -147.8962090388657487, 24.95121047077039123 ) ) ;
#3695 = CARTESIAN_POINT ( 'NONE',  ( -208.8999999999998920, -190.4999999999999432, -0.05044827241235751852 ) ) ;
#3696 = CARTESIAN_POINT ( 'NONE',  ( 223.8999999999999488, -190.5000000000000284, 0.000000000000000000 ) ) ;
#3697 = EDGE_LOOP ( 'NONE', ( #7134, #5363, #696, #2678 ) ) ;
#3698 = EDGE_CURVE ( 'NONE', #3951, #3913, #2613, .T. ) ;
#3699 = CARTESIAN_POINT ( 'NONE',  ( -9.882187878295638939, -33.66953139729561428, 50.01513284381272229 ) ) ;
#3700 = CARTESIAN_POINT ( 'NONE',  ( 27.79898887870711022, -21.36935289580674180, 58.88833858228288420 ) ) ;
#3701 = CARTESIAN_POINT ( 'NONE',  ( -213.2018228742455506, 189.0976663069405106, 0.007482855879034811149 ) ) ;
#3702 = CARTESIAN_POINT ( 'NONE',  ( 214.4741458332160278, -187.7955149964776353, 0.5841243533954050271 ) ) ;
#3703 = CARTESIAN_POINT ( 'NONE',  ( -211.5052427424166126, -181.9105474839229259, 7.865165065769078367 ) ) ;
#3704 = DIRECTION ( 'NONE',  ( 1.000000000000000000, -0.000000000000000000, -0.000000000000000000 ) ) ;
#3705 = CARTESIAN_POINT ( 'NONE',  ( 213.2213375854997537, -184.3098852438063773, 6.013905304854526790 ) ) ;
#3706 = CARTESIAN_POINT ( 'NONE',  ( -152.2701377299899832, 134.9092015633951860, 28.48518978304441518 ) ) ;
#3707 = CARTESIAN_POINT ( 'NONE',  ( -209.2347301065368583, 184.5840419275980935, 8.633941777085752278 ) ) ;
#3708 = CARTESIAN_POINT ( 'NONE',  ( 208.8460604039522366, -190.3381654394181339, 1.603115278390417897 ) ) ;
#3709 = CARTESIAN_POINT ( 'NONE',  ( -210.7314233087277273, 190.3173022448130212, 0.1022750393703581590 ) ) ;
#3710 = CARTESIAN_POINT ( 'NONE',  ( 149.5861719705057169, 130.3469745996661118, 29.28432083624387516 ) ) ;
#3711 = CARTESIAN_POINT ( 'NONE',  ( 189.7714834106583055, -169.9463431880826647, 17.60557142994044000 ) ) ;
#3712 = CARTESIAN_POINT ( 'NONE',  ( 77.18077757752112689, -67.93717438435504619, 42.19279096988199740 ) ) ;
#3713 = CARTESIAN_POINT ( 'NONE',  ( 206.4315211904868477, -182.1143712267941908, 10.73496917866110145 ) ) ;
#3714 = DIRECTION ( 'NONE',  ( -0.9999996929501684395, -0.0007836450530369819473, -0.000000000000000000 ) ) ;
#3715 = CARTESIAN_POINT ( 'NONE',  ( -35.56900121523000990, 31.43727264891592910, 48.58988182091880503 ) ) ;
#3716 = CARTESIAN_POINT ( 'NONE',  ( -199.4159709119738579, 176.4524910126240798, 14.41284716866264937 ) ) ;
#3717 = CARTESIAN_POINT ( 'NONE',  ( -214.5621722246910963, 186.8592004768887875, 2.611859187446248676 ) ) ;
#3718 = CARTESIAN_POINT ( 'NONE',  ( 215.7300270885247926, 168.8301124736281338, 1.576824781232594397 ) ) ;
#3719 = DIRECTION ( 'NONE',  ( 0.6558751248281339263, 0.7547003786801576020, 0.01597369874845888660 ) ) ;
#3720 = CARTESIAN_POINT ( 'NONE',  ( 26.41788385323952326, 22.95855859405697430, 58.93158553432861879 ) ) ;
#3721 = CARTESIAN_POINT ( 'NONE',  ( -27.10834065513162727, -22.16406587695814068, 58.90996505531678906 ) ) ;
#3722 = CARTESIAN_POINT ( 'NONE',  ( 195.1630397474509095, -173.5905203465674447, 15.95250172660487387 ) ) ;
#3723 = CARTESIAN_POINT ( 'NONE',  ( -208.7256665008887921, 189.9924899142599770, 2.849498300758829927 ) ) ;
#3724 = B_SPLINE_CURVE_WITH_KNOTS ( 'NONE', 3,
 ( #6039, #3561, #522, #6512, #7219, #1120, #4236, #597, #4080, #3002, #5298, #4755, #1075, #2840, #5412, #5255, #3524, #1192, #5926, #7656, #2254, #5336, #7147 ),
 .UNSPECIFIED., .F., .F.,
 ( 4, 2, 2, 2, 2, 2, 2, 2, 1, 2, 2, 4 ),
 ( 0.000000000000000000, 0.001722923700906726658, 0.002584385551360089770, 0.003445847401813453316, 0.005168771102720179540, 0.006891694803626906632, 0.008614618504533632856, 0.009476080354987028928, 0.01033754220544042673, 0.01119900405589382454, 0.01206046590634722061, 0.01378338960725401449 ),
 .UNSPECIFIED. ) ;
#3725 = CARTESIAN_POINT ( 'NONE',  ( -172.2026346443059595, 150.2886005675273680, 23.95650885383919260 ) ) ;
#3726 = CARTESIAN_POINT ( 'NONE',  ( -212.4168884395265309, 187.3911897256388670, 4.918199130978916145 ) ) ;
#3727 = CARTESIAN_POINT ( 'NONE',  ( 205.1345252410039848, -177.4910585272794492, 12.18487369370303774 ) ) ;
#3728 = CARTESIAN_POINT ( 'NONE',  ( -48.56270117866664293, -42.25519589393250186, 46.66098017542383758 ) ) ;
#3729 = CARTESIAN_POINT ( 'NONE',  ( -215.8999999999999204, 150.0000000000000000, 50.00000000000000000 ) ) ;
#3730 = CARTESIAN_POINT ( 'NONE',  ( 208.8999997210575259, 190.4999996184131135, 0.002608537493578147286 ) ) ;
#3731 = CARTESIAN_POINT ( 'NONE',  ( 213.8497474683058215, -188.4497474683058158, 6.062116553582942984E-05 ) ) ;
#3732 = CARTESIAN_POINT ( 'NONE',  ( 160.3870671608218856, -140.9153797059275917, 26.81346296973997667 ) ) ;
#3733 = CARTESIAN_POINT ( 'NONE',  ( -208.9000000000000341, -190.4999999999999432, -0.002946669697187515036 ) ) ;
#3734 = DIRECTION ( 'NONE',  ( 1.000000000000000000, -0.000000000000000000, -0.000000000000000000 ) ) ;
#3735 = ORIENTED_EDGE ( 'NONE', *, *, #3174, .F. ) ;
#3736 = CARTESIAN_POINT ( 'NONE',  ( 34.70904827729743403, -26.88473673845948753, 48.95895004743069023 ) ) ;
#3737 = CARTESIAN_POINT ( 'NONE',  ( -215.3671467096641265, 186.1787822617399115, 0.01261463985892903421 ) ) ;
#3738 = CIRCLE ( 'NONE', #6006, 10.00000000000000355 ) ;
#3739 = CARTESIAN_POINT ( 'NONE',  ( 215.8463761278749189, -183.4993976450543300, 0.9103690214069869446 ) ) ;
#3740 = CARTESIAN_POINT ( 'NONE',  ( -198.9525092457201367, -178.6348820126690100, 13.47171685676243236 ) ) ;
#3741 = DIRECTION ( 'NONE',  ( 1.000000000000000000, 0.000000000000000000, -0.000000000000000000 ) ) ;
#3742 = CARTESIAN_POINT ( 'NONE',  ( 212.2361734162707592, -186.2594432545474490, 6.027386922941468939 ) ) ;
#3743 = CARTESIAN_POINT ( 'NONE',  ( -144.3426689920998172, 128.6761849560920723, 30.00186924212738049 ) ) ;
#3744 = CARTESIAN_POINT ( 'NONE',  ( -208.4066708525695901, 185.4188232781753243, 8.496485619135048850 ) ) ;
#3745 = CARTESIAN_POINT ( 'NONE',  ( 6.675700712583263474, -34.36292747385689239, 58.00957676634744331 ) ) ;
#3746 = CARTESIAN_POINT ( 'NONE',  ( -213.8418412673569264, 188.4472611041955759, 0.3283359303315293021 ) ) ;
#3747 = CARTESIAN_POINT ( 'NONE',  ( 182.7257150102641674, 161.2303408843772559, 20.96629942562780613 ) ) ;
#3748 = CARTESIAN_POINT ( 'NONE',  ( 208.4977143921384197, -189.4782319017716929, 4.021243938914079941 ) ) ;
#3749 = CARTESIAN_POINT ( 'NONE',  ( 54.22819152293874367, -48.31283356739297830, 45.70055778669188129 ) ) ;
#3750 = VECTOR ( 'NONE', #4096, 1000.000000000000000 ) ;
#3751 = CARTESIAN_POINT ( 'NONE',  ( 209.8186381617926202, -180.8569348854040300, 9.223205256078079728 ) ) ;
#3752 = CARTESIAN_POINT ( 'NONE',  ( -50.47485194846382228, 44.96175228635221544, 46.28258868979686014 ) ) ;
#3753 = EDGE_CURVE ( 'NONE', #547, #7629, #5672, .T. ) ;
#3754 = CARTESIAN_POINT ( 'NONE',  ( -200.0822769493491080, 177.5854916698721411, 13.90794837361910652 ) ) ;
#3755 = AXIS2_PLACEMENT_3D ( 'NONE', #3966, #6322, #2656 ) ;
#3756 = CARTESIAN_POINT ( 'NONE',  ( -213.4964042530877748, 188.2751162102363764, 2.326428175164356738 ) ) ;
#3757 = CARTESIAN_POINT ( 'NONE',  ( 215.7296869588575134, -176.4275275621843377, 1.575734852279205622 ) ) ;
#3758 = CARTESIAN_POINT ( 'NONE',  ( -215.8999999999999204, -150.0000000000000000, 50.00000000000000000 ) ) ;
#3759 = CARTESIAN_POINT ( 'NONE',  ( -216.0261880782991284, 184.4434647957204447, 6.303335144633525731E-12 ) ) ;
#3760 = CARTESIAN_POINT ( 'NONE',  ( -28.99318838556981603, -19.63415237945481451, 58.84293123773699108 ) ) ;
#3761 = CARTESIAN_POINT ( 'NONE',  ( 197.5318944532906471, -174.7661672940420772, 15.27036712282730058 ) ) ;
#3762 = FACE_OUTER_BOUND ( 'NONE', #7309, .T. ) ;
#3763 = CARTESIAN_POINT ( 'NONE',  ( -192.1160362116222302, 169.4971758237408039, 17.57904727869983930 ) ) ;
#3764 = CARTESIAN_POINT ( 'NONE',  ( -213.0842863855390306, 185.9429996640249669, 5.464675312479752023 ) ) ;
#3765 = CARTESIAN_POINT ( 'NONE',  ( 215.2338923200845784, -183.4574704807255614, 3.112794559024615548 ) ) ;
#3766 = CARTESIAN_POINT ( 'NONE',  ( -94.92157122561641813, -82.61056146967779057, 39.39155622701004944 ) ) ;
#3767 = CARTESIAN_POINT ( 'NONE',  ( 209.3011534464990859, 190.3396805509684100, 1.597393529811398372 ) ) ;
#3768 = CARTESIAN_POINT ( 'NONE',  ( 215.8999767637371860, 183.4999997232567921, 0.01870238363116719094 ) ) ;
#3769 = CARTESIAN_POINT ( 'NONE',  ( 215.8999992168608060, -183.4999999910671704, 0.004917762186421592574 ) ) ;
#3770 = CARTESIAN_POINT ( 'NONE',  ( 159.1909657299614196, -142.2186272423273579, 26.61084834409915345 ) ) ;
#3771 = CARTESIAN_POINT ( 'NONE',  ( 33.01262735438949392, 28.90003035850330448, 48.99633025713273327 ) ) ;
#3772 = ORIENTED_EDGE ( 'NONE', *, *, #3567, .F. ) ;
#3773 = EDGE_LOOP ( 'NONE', ( #6937, #2398, #2259, #3108, #1748, #2662, #2959, #5370 ) ) ;
#3774 = CARTESIAN_POINT ( 'NONE',  ( 217.6836110407054434, -183.4969353407483936, 2.000000000000000000 ) ) ;
#3775 = CARTESIAN_POINT ( 'NONE',  ( -208.9000000000000341, 190.5000000000000000, -0.1014346312128484584 ) ) ;
#3776 = CARTESIAN_POINT ( 'NONE',  ( 210.7314233087276421, -190.3173022448129643, 0.1022750393711055333 ) ) ;
#3777 = CARTESIAN_POINT ( 'NONE',  ( -198.2094096474748142, -171.9940366473790050, 15.49013822162280540 ) ) ;
#3778 = LINE ( 'NONE', #1496, #6386 ) ;
#3779 = CARTESIAN_POINT ( 'NONE',  ( 214.4658168605138826, -183.2873351384859291, 4.532810645346680545 ) ) ;
#3780 = CARTESIAN_POINT ( 'NONE',  ( -136.8371593046003056, 121.9866872114923098, 31.58400772278882584 ) ) ;
#3781 = CARTESIAN_POINT ( 'NONE',  ( -211.3848711970887564, 185.5811205063113505, 7.025761102046052642 ) ) ;
#3782 = CARTESIAN_POINT ( 'NONE',  ( -12.09514244351164436, -41.26642201054038850, 48.31432030501908770 ) ) ;
#3783 = B_SPLINE_CURVE_WITH_KNOTS ( 'NONE', 3,
 ( #6371, #5785, #2197, #4022, #1020, #3421, #5825, #422, #2825, #1923 ),
 .UNSPECIFIED., .F., .F.,
 ( 4, 2, 2, 2, 4 ),
 ( 0.000000000000000000, 0.1044222926944933239, 0.2088445853889866477, 0.3132668780834799716, 0.4176891707779732954 ),
 .UNSPECIFIED. ) ;
#3784 = CARTESIAN_POINT ( 'NONE',  ( 2.426584857528781836, -34.93711746903687754, 57.93769158766729532 ) ) ;
#3785 = CARTESIAN_POINT ( 'NONE',  ( -215.8962948405382463, 184.4160426718939334, 0.2410102337690120111 ) ) ;
#3786 = CARTESIAN_POINT ( 'NONE',  ( 199.1833010060626634, 172.7872562876885070, 15.07332756797405438 ) ) ;
#3787 = CARTESIAN_POINT ( 'NONE',  ( 214.1645225665835142, -187.6679925280679129, 2.241603582465803601 ) ) ;
#3788 = CARTESIAN_POINT ( 'NONE',  ( 210.6340064872940161, 190.1131355835375416, 1.586980067404764494 ) ) ;
#3789 = CARTESIAN_POINT ( 'NONE',  ( 91.91386234945400702, -81.66022172547386049, 39.73532243457700730 ) ) ;
#3790 = CARTESIAN_POINT ( 'NONE',  ( 208.4462727290212740, -186.2922323553216870, 7.830562991420674024 ) ) ;
#3791 = CARTESIAN_POINT ( 'NONE',  ( -42.89741888356380173, 38.34009854555897334, 47.42964876826309251 ) ) ;
#3792 = B_SPLINE_SURFACE_WITH_KNOTS ( 'NONE', 3, 3, ( 
 ( #3562, #7026, #4124, #7657, #4037, #7148, #5964, #561, #2255, #3525, #1753, #7068, #1631 ),
 ( #2334, #5884, #2171, #5840, #4081, #5256, #437, #4678, #7574, #3995, #4167, #2887, #7736 ),
 ( #1159, #5299, #481, #6554, #2964, #7697, #6429, #4756, #4593, #1035, #523, #2841, #1716 ),
 ( #1672, #6471, #3397, #6982, #3435, #2799, #1588, #1076, #3479, #6389, #2924, #993, #5337 ),
 ( #2296, #5800, #398, #5214, #7613, #4716, #5927, #7110, #2213, #6513, #1121, #1231, #750 ),
 ( #2412, #7260, #6075, #3599, #7339, #4355, #4868, #6589, #3124, #4276, #6664, #598, #1270 ),
 ( #637, #4830, #3749, #1309, #7186, #6000, #1348, #4203, #673, #1938, #3043, #3082, #5450 ),
 ( #6738, #6156, #5528, #1900, #5375, #3003, #2489, #4943, #3674, #7772, #3638, #2373, #54 ),
 ( #2450, #4907, #5488, #89, #5413, #4794, #130, #1859, #1787, #1193, #7300, #1821, #7220 ),
 ( #4316, #16, #4237, #6040, #6624, #2526, #6700, #3712, #6115, #710, #4020, #4469, #4063 ),
 ( #3160, #2051, #5564, #4979, #6780, #202, #6270, #1613, #7455, #828, #5643, #1388, #6454 ),
 ( #3829, #4661, #788, #3789, #7051, #2783, #1018, #1654, #2639, #382, #6192, #3196, #2238 ),
 ( #5018, #5601, #166, #2600, #7595, #3236, #7416, #2823, #2562, #7376, #240, #7005, #5237 ),
 ( #2015, #4433, #5823, #1464, #1975, #1424, #6855, #420, #2195, #6817, #6412, #4392, #6230 ),
 ( #5057, #3869, #7635, #5197, #974, #3381, #3419, #4615, #5783, #4187, #5396, #6574, #7243 ),
 ( #3025, #1056, #7720, #2278, #505, #3583, #1736, #2433, #4222, #1841, #1098, #4740, #1805 ),
 ( #2318, #1177, #4105, #7204, #2395, #5863, #7131, #4148, #1141, #2984, #4813, #620, #6535 ),
 ( #3546, #6608, #5985, #7169, #1214, #581, #5432, #2, #4778, #5947, #3620, #544, #6495 ),
 ( #2947, #5360, #7757, #3459, #5280, #35, #6023, #4849, #3506, #4257, #460, #1772, #2867 ),
 ( #7679, #2908, #4699, #7092, #2354, #1696, #5909, #5322, #2621, #5040, #6719, #2581, #6213 ),
 ( #6095, #2471, #1407, #4963, #1255, #4927, #3144, #3811, #5583, #693, #4999, #3658, #2510 ),
 ( #7437, #5470, #1958, #3217, #4336, #4373, #1329, #6136, #5622, #811, #6801, #3180, #222 ),
 ( #3770, #2035, #2547, #6649, #7323, #6059, #1921, #1291, #3732, #6175, #6759, #1370, #7284 ),
 ( #656, #733, #3064, #73, #771, #3105, #5510, #5548, #185, #4889, #1882, #151, #4299 ),
 ( #7359, #114, #7396, #1999, #4415, #6683, #3694, #851, #4453, #3330, #6837, #6251, #259 ),
 ( #3970, #5188, #1448, #3930, #5111, #6404, #2186, #331, #7552, #3411, #2072, #6997, #4607 ),
 ( #6956, #2660, #7474, #6326, #5737, #2107, #4491, #2148, #2774, #926, #4530, #6917, #5075 ),
 ( #3893, #6877, #2815, #1523, #5699, #1602, #7587, #3258, #4011, #1486, #2734, #5664, #1010 ),
 ( #5815, #293, #411, #7511, #5229, #3851, #890, #2695, #7627, #6290, #3293, #5150, #964 ),
 ( #4568, #1561, #6362, #3371, #5775, #373, #5350, #573, #6526, #7712, #4730, #5855, #3014 ),
 ( #5272, #610, #2310, #3496, #7196, #5386, #1048, #2974, #7670, #7123, #4054, #1797, #7786 ),
 ( #2386, #2900, #6011, #2228, #6486, #5900, #5423, #7747, #7084, #4138, #2937, #452, #4214 ),
 ( #1727, #3450, #4805, #1133, #3538, #2270, #5939, #4652, #5314, #1686, #7043, #5977, #6443 ),
 ( #1645, #2856, #2346, #6599, #536, #4767, #7160, #1764, #1206, #3611, #4691, #6566, #4095 ),
 ( #4179, #1089, #1169, #497, #3574, #4840, #3095, #2461, #4917, #7350, #3135, #5539, #647 ),
 ( #2572, #2501, #1987, #6636, #1949, #4289, #7274, #4327, #139, #2424, #7233, #3685, #1832 ),
 ( #7312, #6674, #6086, #3722, #762, #1320, #799, #4247, #26, #6710, #1243, #3648, #6050 ),
 ( #4364, #3170, #3054, #1911, #684, #4405, #5573, #6125, #2536, #6748, #4953, #5461, #64 ),
 ( #722, #5500, #4879, #1359, #6166, #3761, #103, #175, #1872, #3206, #1282, #4988, #6201 ),
 ( #7385, #6791, #1397, #3800, #6352, #839, #2685, #7427, #5178, #3359, #7577, #1475, #3960 ),
 ( #1592, #5612, #2063, #3882, #997, #3321, #2650, #7500, #6317, #3839, #2175, #4597, #5102 ),
 ( #3920, #211, #6281, #2097, #2763, #4558, #5066, #1551, #2610, #880, #2722, #3284, #4480 ),
 ( #5139, #4000, #7464, #5763, #7541, #2138, #917, #6945, #5727, #6393, #5690, #6986, #5030 ),
 ( #6828, #6866, #321, #284, #2025, #952, #4442, #5654, #4520, #362, #1435, #6908, #6240 ),
 ( #3247, #250, #1514, #2843, #7699, #3527, #5804, #401, #7070, #5218, #7775, #2889, #2257 ),
 ( #7112, #4169, #4718, #4204, #7616, #3401, #2298, #2803, #2216, #7029, #440, #2926, #6557 ),
 ( #5301, #4084, #5377, #1161, #1718, #6516, #2375, #1037, #5966, #3564, #7187, #3482, #7151 ),
 ( #4126, #5259, #1633, #564, #1123, #4639, #1674, #5929, #2966, #2336, #7659, #1755, #4040 ),
 ( #525, #6473, #4680, #4796, #5339, #1788, #1078, #6590, #7738, #4758, #6431, #3438, #5843 ),
 ( #5886, #484, #1194, #55, #2414, #638, #3713, #1861, #2563, #4356, #1976, #1232, #4869 ),
 ( #7301, #2451, #4317, #4238, #7340, #2527, #6001, #7261, #4277, #1271, #3126, #4944, #751 ),
 ( #5565, #674, #6665, #3675, #4908, #1939, #2491, #4394, #5414, #3600, #90, #600, #3004 ),
 ( #6042, #711, #6739, #17, #3084, #6076, #3161, #1349, #1901, #6701, #167, #6625, #3751 ),
 ( #5529, #6116, #4831, #3639, #5489, #1310, #131, #3044, #6157, #4980, #7377, #7221, #1823 ),
 ( #5451, #6231, #2016, #5168, #6856, #241, #3948, #2127, #5602, #7530, #4434, #3870, #789 ),
 ( #4548, #6341, #2640, #5127, #7456, #2752, #6781, #3237, #5058, #2164, #4510, #3830, #1465 ),
 ( #942, #6935, #203, #1541, #6818, #6272, #3197, #3347, #5751, #351, #2052, #7567, #4471 ),
 ( #1389, #5645, #870, #3790, #6899, #829, #3275, #7492, #5020, #6193, #2601, #5680, #7417 ),
 ( #1425, #274, #2676, #5092, #5717, #2087, #2711, #1504, #3911, #6307, #907, #3310, #310 ),
 ( #2957, #6422, #2327, #6505, #1111, #7689, #3516, #2288, #5368, #4670, #6544, #4586, #3428 ),
 ( #4030, #7101, #5247, #5957, #7728, #7764, #4627, #430, #5330, #2880, #5833, #4709, #7606 ),
 ( #4117, #1028, #2834, #1067, #1708, #6975, #1580, #7647, #6379, #1151, #4074, #2247, #7061 ),
 ( #4748, #5875, #3987, #986, #3390, #3471, #5793, #391, #2792, #1624, #5919, #7140, #5206 ),
 ( #1665, #3554, #1746, #472, #514, #553, #2205, #4159, #7016, #2916, #6465, #5290, #5406 ),
 ( #1263, #44, #9, #5481, #703, #6657, #2442, #4858, #5993, #3153, #1813, #2405, #743 ),
 ( #4230, #590, #4936, #666, #4787, #629, #3668, #7332, #1302, #6616, #6106, #7179, #6032 ),
 ( #3034, #1222, #4348, #7293, #5557, #3629, #123, #4309, #6693, #81, #3705, #2482, #2364 ),
 ( #6730, #1779, #5442, #3592, #7252, #4899, #1850, #3742, #5520, #4196, #4821, #4267, #3115 ),
 ( #6068, #1892, #7213, #2519, #1931, #6582, #3073, #1338, #6147, #1186, #2994, #7522, #194 ),
 ( #1379, #1415, #1497, #3267, #6261, #5710, #2668, #4541, #5671, #3860, #5634, #6299, #231 ),
 ( #5084, #2629, #820, #5048, #160, #4383, #2120, #267, #303, #2592, #1533, #7484, #862 ),
 ( #2080, #2006, #2703, #5119, #6809, #899, #3227, #4501, #7369, #935, #3819, #2043, #3779 ),
 ( #7445, #4461, #3939, #5593, #780, #6334, #6890, #6928, #3340, #6846, #3904, #3188, #5009 ),
 ( #2555, #4424, #7406, #4972, #6221, #3302, #1456, #1968, #6771, #6184, #1102, #1616, #464 ),
 ( #2826, #6498, #2198, #342, #7009, #977, #1021, #4066, #2240, #4664, #1572, #7095, #2281 ),
 ( #1699, #2157, #6457, #2786, #5786, #5826, #7054, #5745, #5161, #4618, #4578, #3509, #424 ),
 ( #4023, #7639, #7682, #1657, #2745, #3981, #7561, #1059, #6967, #385, #7598, #6416, #4702 ),
 ( #3384, #3463, #5240, #6372, #5200, #508, #3422, #5866, #5912, #2870, #5283, #4108, #7505 ),
 ( #216, #6872, #3887, #2655, #2615, #288, #3325, #1480, #5070, #7469, #805, #5768, #4447 ),
 ( #3365, #2067, #6244, #2142, #326, #3804, #5732, #5034, #4485, #6795, #4562, #2728, #6950 ),
 ( #5144, #5659, #958, #4993, #1440, #845, #366, #2690, #2029, #6285, #5694, #3210, #1555 ),
 ( #5616, #7545, #3288, #7390, #3253, #885, #3965, #3925, #6831, #921, #1992, #254, #2102 ),
 ( #3845, #6356, #4524, #4409, #5106, #1401, #6912, #1518, #6321, #6206, #7431, #1862, #3194 ),
 ( #3307, #4431, #2085, #5125, #3273, #4467, #1462, #2598, #7565, #6228, #2012, #5166, #6853 ),
 ( #3946, #2125, #5599, #7528, #6815, #3867, #786, #6338, #4546, #940, #2637, #6933, #7453 ),
 ( #5715, #6268, #3234, #3345, #2750, #2162, #868, #2709, #5749, #5678, #826, #5016, #1539 ),
 ( #1386, #5054, #272, #348, #308, #5641, #6778, #3787, #2049, #3909, #2674, #238, #6190 ),
 ( #200, #5090, #7414, #905, #1422, #4507, #3827, #6896, #7490, #1502, #6305, #2914, #3426 ),
 ( #4028, #7099, #5245, #5954, #7726, #5366, #4624, #428, #5328, #2877, #5831, #7687, #7604 ),
 ( #5916, #1577, #2832, #7644, #4668, #6503, #512, #4157, #7014, #4746, #5791, #2245, #2325 ),
 ( #5288, #7138, #1706, #1148, #2286, #470, #7059, #1744, #1663, #2203, #4116, #4072, #6463 ),
 ( #1065, #6541, #3552, #4707, #1109, #551, #1621, #2955, #7762, #3514, #4584, #389, #6420 ),
 ( #3469, #5873, #6973, #3985, #6377, #2790, #983, #1026, #3388, #5204, #2440, #3627, #7329 ),
 ( #1184, #3112, #5404, #7250, #4193, #1928, #120, #4344, #6030, #700, #3031, #6144, #2362 ),
 ( #627, #5554, #79, #7210, #4265, #3071, #588, #6727, #1335, #1848, #3590, #2516, #1261 ),
 ( #7, #6065, #4785, #5440, #1811, #739, #6102, #6580, #2992, #3150, #5991, #5478, #3739 ),
 ( #2479, #4856, #6655, #7177, #1777, #4933, #6690, #2403, #4819, #4897, #1298, #664, #4228 ),
 ( #6614, #42, #1220, #3666, #1889, #7290, #4306, #3702, #5517, #2701, #2626, #2118, #6767 ),
 ( #4421, #7404, #4458, #264, #2552, #4969, #3816, #1965, #4538, #7442, #6807, #6219, #3858 ),
 ( #2665, #6925, #3264, #6258, #5630, #6296, #229, #3186, #5081, #5045, #817, #2040, #157 ),
 ( #1530, #5669, #300, #2588, #3936, #7481, #859, #6332, #7519, #2078, #2004, #5117, #933 ),
 ( #5590, #4497, #896, #191, #6843, #4380, #3337, #5707, #7365, #3224, #3299, #1453, #1376 ),
 ( #1413, #6886, #3776, #1494, #5006, #3900, #6181, #777, #7719, #4739, #5236, #6963, #3505 ),
 ( #7050, #973, #1653, #339, #1017, #2782, #4147, #1695, #7558, #3978, #1735, #4575, #1055 ),
 ( #3418, #3458, #5822, #7634, #7130, #2317, #5908, #2277, #6534, #2154, #5862, #4698, #4062 ),
 ( #4019, #2742, #419, #381, #2822, #5279, #459, #2866, #6369, #5321, #504, #2237, #1140 ),
 ( #7678, #2194, #5196, #4660, #7091, #5158, #1569, #1612, #3380, #5743, #6453, #4614, #6411 ),
 ( #6494, #4104, #5782, #7594, #7004, #1097, #2907, #5359, #7168, #580, #3063, #4298, #5946 ),
 ( #4221, #5509, #1290, #7242, #6648, #2509, #1176, #6094, #3693, #72, #6058, #1771, #6573 ),
 ( #2432, #1213, #3582, #1254, #1881, #34, #3619, #6022, #4186, #4335, #2983, #5984, #1920 ),
 ( #4812, #692, #6682, #2353, #3104, #5395, #113, #1840, #543, #1804, #4848, #4926, #2470 ),
 ( #6718, #7283, #7756, #1, #7322, #4777, #3657, #3545, #619, #655, #3024, #5431, #2946 ),
 ( #5469, #4256, #2394, #4888, #7203, #6607, #2546, #770, #3850, #1998, #2694, #4490, #2106 ),
 ( #4998, #2071, #7436, #184, #4452, #4372, #7473, #2659, #6135, #7395, #4414, #1406, #3257 ),
 ( #889, #1369, #1485, #4962, #2580, #5074, #6836, #2034, #6876, #6250, #5698, #1447, #5039 ),
 ( #3892, #6800, #6758, #850, #3810, #6212, #810, #1328, #5547, #3292, #5663, #6289, #3769 ),
 ( #258, #292, #5110, #7510, #4529, #3179, #3731, #732, #3216, #3143, #5621, #150, #7358 ),
 ( #221, #2620, #1957, #6174, #5582, #7586, #495, #4567, #7551, #2899, #6442, #4689, #5313 ),
 ( #4053, #2147, #6955, #5898, #7710, #963, #1560, #2309, #3969, #3449, #6996, #3370, #6484 ),
 ( #6916, #1601, #2855, #1088, #6403, #6361, #5270, #3410, #4606, #4010, #2733, #1522, #5774 ),
 ( #3929, #1009, #372, #4094, #2269, #5736, #7669, #2773, #5814, #925, #3495, #7083, #6325 ),
 ( #5187, #3329, #2185, #5854, #410, #2814, #330, #5149, #5228, #7626, #1685, #2227, #4651 ),
 ( #7042, #1643, #1047, #451, #2973, #1203, #1871, #3647, #4178, #646, #1726, #572, #1831 ),
 ( #3573, #6673, #4245, #3094, #6565, #2460, #6635, #1242, #25, #6049, #2423, #3610, #4288 ),
 ( #3053, #5975, #5937, #1168, #7232, #5385, #6085, #63, #5499, #4766, #7785, #5460, #3013 ),
 ( #4839, #7745, #4878, #7272, #4136, #2384, #4804, #7195, #1281, #3684, #683, #7159, #102 ),
 ( #1796, #4213, #609, #4729, #6010, #7122, #1131, #6524, #5422, #3536, #535, #2935, #1763 ),
 ( #5349, #2344, #6598, #3169, #4479, #249, #6200, #5611, #1474, #138, #5065, #2648, #6826 ),
 ( #6124, #5537, #4404, #1396, #174, #2535, #210, #1319, #2024, #6747, #1948, #6790, #2609 ),
 ( #7311, #6165, #4326, #6865, #1986, #1358, #760, #797, #3246, #3799, #3283, #6709, #2499 ) ),
 .UNSPECIFIED., .F., .F., .F.,
 ( 4, 3, 3, 3, 3, 3, 3, 3, 3, 3, 3, 3, 3, 3, 3, 3, 3, 3, 3, 3, 3, 3, 3, 3, 3, 3, 3, 3, 3, 3, 3, 3, 3, 3, 3, 3, 3, 3, 3, 3, 3, 3, 3, 4 ),
 ( 4, 3, 3, 3, 4 ),
 ( 0.007402707738099475326, 0.02258857224796858437, 0.03777443675783769689, 0.06814616577757591498, 0.09851789479731412613, 0.1288896238170523512, 0.1592613528367905484, 0.1744472173466596610, 0.1896330818565287735, 0.2048189463663978860, 0.2124118786213324284, 0.2200048108762669985, 0.2275977431312015686, 0.2313942092586688259, 0.2351906753861361110, 0.2389871415136033961, 0.2408853745773370247, 0.2427836076410706534, 0.2446818407048043098, 0.2456309572366711103, 0.2465800737685379385, 0.2470546320344713664, 0.2475291903004047667, 0.2480037485663381669, 0.2482410276993048670, 0.2484783068322715671, 0.2485969463987549033, 0.2487155859652382672, 0.2488342255317216312, 0.2488935453149632993, 0.2489232052065841194, 0.2489528650982049673, 0.2489825249898258153, 0.2489973549356362392, 0.2490047699085414512, 0.2490084773949940433, 0.2490103311382203533, 0.2490112580098335082, 0.2490117214456400996, 0.2490121848814466632, 0.2490715046646883313, 0.2491901442311716952, 0.2494274233641383953, 0.2503765398960052235 ),
 ( 0.000000000000000000, 0.2500000000000000000, 0.5000000000000000000, 0.7500000000000000000, 1.000000000000000000 ),
 .UNSPECIFIED. ) ;
#3793 = CARTESIAN_POINT ( 'NONE',  ( -199.8501267428629831, 179.5188406865923412, 12.96167530266501977 ) ) ;
#3794 = CARTESIAN_POINT ( 'NONE',  ( -210.5475767775827762, 190.1268641710769316, 1.858688992790246575 ) ) ;
#3795 = CARTESIAN_POINT ( 'NONE',  ( -217.6836110407055287, 183.4969353407484789, 0.000000000000000000 ) ) ;
#3796 = CARTESIAN_POINT ( 'NONE',  ( -215.7304747704040153, 158.7543992385271281, 1.578259097076910589 ) ) ;
#3797 = ORIENTED_EDGE ( 'NONE', *, *, #7313, .F. ) ;
#3798 = CARTESIAN_POINT ( 'NONE',  ( -34.95242261341056178, 2.102736180373810715, 58.54890686850058046 ) ) ;
#3799 = CARTESIAN_POINT ( 'NONE',  ( 215.3671567275790153, -186.1787840265556042, -1.398547123383684143 ) ) ;
#3800 = CARTESIAN_POINT ( 'NONE',  ( 197.9465261223327275, -176.1445015646833951, 14.71320392079097772 ) ) ;
#3801 = FACE_BOUND ( 'NONE', #7589, .T. ) ;
#3802 = CARTESIAN_POINT ( 'NONE',  ( -187.5140076796826065, 167.0580276923456324, 18.76602331495212894 ) ) ;
#3803 = CARTESIAN_POINT ( 'NONE',  ( -214.5342904540967197, 184.0926882029839362, 4.430981907671264430 ) ) ;
#3804 = CARTESIAN_POINT ( 'NONE',  ( 212.4560762366198787, -188.5343875759925822, 3.578691863149186858 ) ) ;
#3805 =( BOUNDED_SURFACE ( )  B_SPLINE_SURFACE ( 3, 2, ( 
 ( #6632, #3682, #4876 ),
 ( #1829, #4837, #5570 ),
 ( #1946, #172, #6083 ),
 ( #7229, #1240, #3167 ) ),
 .UNSPECIFIED., .F., .F., .F. ) 
 B_SPLINE_SURFACE_WITH_KNOTS ( ( 4, 4 ),
 ( 3, 3 ),
 ( -4.857225732735059864E-17, 0.3669938712040953233 ),
 ( 0.000000000000000000, 1.000000000000000000 ),
 .UNSPECIFIED. ) 
 GEOMETRIC_REPRESENTATION_ITEM ( )  RATIONAL_B_SPLINE_SURFACE ( (
 ( 1.000000000000000000, 0.7786718508976223641, 1.000000000000000000),
 ( 1.000000000000000000, 0.7756707585141291439, 1.000000000000000000),
 ( 1.000000000000000000, 0.7756707585148718831, 1.000000000000000000),
 ( 1.000000000000000000, 0.7786718508976406827, 1.000000000000000000) ) ) 
 REPRESENTATION_ITEM ( '' )  SURFACE ( )  );
#3806 = CARTESIAN_POINT ( 'NONE',  ( 141.1076647896813938, -122.9623457764417367, 31.07720161912694579 ) ) ;
#3807 = CARTESIAN_POINT ( 'NONE',  ( -141.1076646774701544, -122.9623458644501852, 31.07720163972292937 ) ) ;
#3808 = CARTESIAN_POINT ( 'NONE',  ( 216.0349071975753645, 188.6307342725161504, 0.000000000000000000 ) ) ;
#3809 = CARTESIAN_POINT ( 'NONE',  ( 208.8999995722543304, 190.4999988172571648, 0.004486483972998164989 ) ) ;
#3810 = CARTESIAN_POINT ( 'NONE',  ( 212.4253323028044917, -189.6165044675994693, 0.003932363700310779336 ) ) ;
#3811 = CARTESIAN_POINT ( 'NONE',  ( 152.6915109923983493, -134.4411064637861557, 28.52531730161840784 ) ) ;
#3812 = CARTESIAN_POINT ( 'NONE',  ( -212.0529613406939120, 182.2256708727892374, 7.374693945809454476 ) ) ;
#3813 = ORIENTED_EDGE ( 'NONE', *, *, #6012, .F. ) ;
#3814 = CARTESIAN_POINT ( 'NONE',  ( 215.8999999999998920, 63.50000000000005684, 0.000000000000000000 ) ) ;
#3815 = CARTESIAN_POINT ( 'NONE',  ( -213.8497474683058783, 188.4497474683058442, -0.04063248314221953178 ) ) ;
#3816 = CARTESIAN_POINT ( 'NONE',  ( 213.8364823652376003, -188.4455820516705842, 0.4394085020738974223 ) ) ;
#3817 = CARTESIAN_POINT ( 'NONE',  ( -215.1531068777777875, -183.4437168140817391, 3.282298955766003168 ) ) ;
#3818 = CARTESIAN_POINT ( 'NONE',  ( -215.7294826703252681, -183.9502173488627932, 1.573942893476717453 ) ) ;
#3819 = CARTESIAN_POINT ( 'NONE',  ( 214.0346075630037888, -184.7283249075246943, 4.960659652913936846 ) ) ;
#3820 = CARTESIAN_POINT ( 'NONE',  ( -149.4550988033627164, 130.5021605098169459, 29.30974018255653846 ) ) ;
#3821 = B_SPLINE_CURVE_WITH_KNOTS ( 'NONE', 3,
 ( #2568, #4984, #3049, #1907, #4323, #3718, #5569, #7381, #3202, #2457, #4400, #98, #794, #6786, #1355, #1945, #1393, #756, #2605, #3757, #4360, #5456 ),
 .UNSPECIFIED., .F., .F.,
 ( 4, 3, 3, 3, 3, 3, 3, 4 ),
 ( 2.775557561562891351E-17, 0.004000000000005442778, 0.02000000000068767950, 0.08400000004756127958, 0.2254967788791400196, 0.3139741741694775934, 0.3563896825019388093, 0.3669935597400172389 ),
 .UNSPECIFIED. ) ;
#3822 = CARTESIAN_POINT ( 'NONE',  ( -210.4647206287345114, 186.5689121322056963, 6.931106069379048940 ) ) ;
#3823 = AXIS2_PLACEMENT_3D ( 'NONE', #3166, #60, #7269 ) ;
#3824 = CARTESIAN_POINT ( 'NONE',  ( -25.98792475563373117, -23.44414141945744134, 58.92519608697405431 ) ) ;
#3825 = CARTESIAN_POINT ( 'NONE',  ( -213.8495651697947721, 188.4496887316413734, 0.05183659261443744615 ) ) ;
#3826 = CARTESIAN_POINT ( 'NONE',  ( 208.5042459581553373, 189.4942054793470447, 3.983685558649272540 ) ) ;
#3827 = CARTESIAN_POINT ( 'NONE',  ( 213.5949818767678607, -188.3359411516408386, 1.943064652942038562 ) ) ;
#3828 = CARTESIAN_POINT ( 'NONE',  ( 176.8928854556310171, -158.1583110086735928, 21.94172612227531616 ) ) ;
#3829 = CARTESIAN_POINT ( 'NONE',  ( 91.63270394468780466, -81.96966973727768391, 39.68100072036289561 ) ) ;
#3830 = CARTESIAN_POINT ( 'NONE',  ( 210.9712602226112779, -182.2344639774682946, 8.319404171854321461 ) ) ;
#3831 = CARTESIAN_POINT ( 'NONE',  ( -43.22070224594011023, 37.97363034612133248, 47.44700542850453218 ) ) ;
#3832 = CARTESIAN_POINT ( 'NONE',  ( -204.4464062297598730, 182.2500472907550204, 11.14820924990986484 ) ) ;
#3833 = CARTESIAN_POINT ( 'NONE',  ( -213.6971101106493052, 188.3907949213750044, 1.480765205751798375 ) ) ;
#3834 = CARTESIAN_POINT ( 'NONE',  ( 195.1508532540010776, 174.9795542882763471, 15.37036852392843223 ) ) ;
#3835 = CARTESIAN_POINT ( 'NONE',  ( -215.7293584012460599, 183.4967789680677015, 1.574680594478692131 ) ) ;
#3836 = VERTEX_POINT ( 'NONE', #4531 ) ;
#3837 = CARTESIAN_POINT ( 'NONE',  ( -217.3833151467262326, 185.7931259139886890, 0.000000000000000000 ) ) ;
#3838 = CARTESIAN_POINT ( 'NONE',  ( -35.00000000000000711, 2.637317887256817073E-15, 58.54591266636803226 ) ) ;
#3839 = CARTESIAN_POINT ( 'NONE',  ( 200.4419077999678507, -175.2781353661104902, 14.40434946751291001 ) ) ;
#3840 = APPLICATION_CONTEXT ( 'automotive_design' ) ;
#3841 = CARTESIAN_POINT ( 'NONE',  ( -215.8999999999999204, -190.5000000000000284, 2.000000000000001776 ) ) ;
#3842 = CARTESIAN_POINT ( 'NONE',  ( -187.2439888343408825, 163.6143495263021634, 19.52699504778474804 ) ) ;
#3843 = CARTESIAN_POINT ( 'NONE',  ( 16.94941745251912835, -30.62833714842388488, 58.40939287569202065 ) ) ;
#3844 = CARTESIAN_POINT ( 'NONE',  ( -210.0338476085893831, 189.3356459887457390, 4.063801483408055581 ) ) ;
#3845 = CARTESIAN_POINT ( 'NONE',  ( 208.8319693457039818, -190.2936680725054543, 1.819786651351711804 ) ) ;
#3846 = CARTESIAN_POINT ( 'NONE',  ( 214.4740827761198148, -183.2992002030404137, 4.546950112130316413 ) ) ;
#3847 = DIRECTION ( 'NONE',  ( -1.000000000000000000, 0.000000000000000000, 0.000000000000000000 ) ) ;
#3848 = CARTESIAN_POINT ( 'NONE',  ( 211.6937744878482874, 191.8377166151868494, 0.000000000000000000 ) ) ;
#3849 = CARTESIAN_POINT ( 'NONE',  ( 208.8999947042973986, 190.4999872379270585, 0.01450995407117861360 ) ) ;
#3850 = CARTESIAN_POINT ( 'NONE',  ( 215.0164874019394290, -187.0253289501702056, 0.01619623345556031949 ) ) ;
#3851 = CARTESIAN_POINT ( 'NONE',  ( 180.6258164146954357, -159.7301815925780772, 21.32226929715440988 ) ) ;
#3852 = CARTESIAN_POINT ( 'NONE',  ( -176.8928855749750255, -158.1583109436537598, 21.94172620113434391 ) ) ;
#3853 =( BOUNDED_SURFACE ( )  B_SPLINE_SURFACE ( 3, 2, ( 
 ( #3993, #6387, #991 ),
 ( #7146, #1629, #4035 ),
 ( #2410, #1714, #7734 ),
 ( #2885, #2922, #7770 ) ),
 .UNSPECIFIED., .F., .F., .F. ) 
 B_SPLINE_SURFACE_WITH_KNOTS ( ( 4, 4 ),
 ( 3, 3 ),
 ( -1.086370576830475443E-16, 0.0008339125438387736235 ),
 ( 0.000000000000000000, 1.000000000000000000 ),
 .UNSPECIFIED. ) 
 GEOMETRIC_REPRESENTATION_ITEM ( )  RATIONAL_B_SPLINE_SURFACE ( (
 ( 1.000000000000000000, 0.7458199749324201377, 1.000000000000000000),
 ( 1.000000000000000000, 0.7457861983414094675, 1.000000000000000000),
 ( 1.000000000000000000, 0.7458367426818810486, 1.000000000000000000),
 ( 1.000000000000000000, 0.7459714310480123345, 1.000000000000000000) ) ) 
 REPRESENTATION_ITEM ( '' )  SURFACE ( )  );
#3854 = EDGE_CURVE ( 'NONE', #3219, #3556, #3259, .T. ) ;
#3855 = ORIENTED_EDGE ( 'NONE', *, *, #1150, .F. ) ;
#3856 = CARTESIAN_POINT ( 'NONE',  ( 32.96987523074755444, 11.75839160900927993, 58.66293694425244354 ) ) ;
#3857 = CARTESIAN_POINT ( 'NONE',  ( -209.8162978572970587, 190.5000000000000000, -0.04063248314221953178 ) ) ;
#3858 = CARTESIAN_POINT ( 'NONE',  ( 215.8858353609980441, -183.4998537754547669, 0.4703952217746596443 ) ) ;
#3859 = CARTESIAN_POINT ( 'NONE',  ( -208.5466424470573941, -189.5811304898422236, 3.810657692188117007 ) ) ;
#3860 = CARTESIAN_POINT ( 'NONE',  ( 213.4504042415506717, -185.2819898960585192, 5.363879025356331098 ) ) ;
#3861 = CARTESIAN_POINT ( 'NONE',  ( -151.9875521579536155, 135.2154486621319336, 28.42745915826220582 ) ) ;
#3862 = CARTESIAN_POINT ( 'NONE',  ( -213.1999588501525693, 182.8024565576008627, 6.187771610226516117 ) ) ;
#3863 = CIRCLE ( 'NONE', #463, 2.000000000000000000 ) ;
#3864 = CARTESIAN_POINT ( 'NONE',  ( 215.3745961983101722, -185.7173949682730552, 1.572823371891284960 ) ) ;
#3865 = CARTESIAN_POINT ( 'NONE',  ( -215.8996576068347508, 184.4162737868853128, 0.07246196420665054760 ) ) ;
#3866 = CARTESIAN_POINT ( 'NONE',  ( 211.3410135758511217, 186.5663874095716608, 8.168123111872494846 ) ) ;
#3867 = CARTESIAN_POINT ( 'NONE',  ( 212.8379099063027127, -188.8771838523736619, 2.393280015319352749 ) ) ;
#3868 = CARTESIAN_POINT ( 'NONE',  ( -4.857225732735059864E-14, -190.4999999999998863, 0.000000000000000000 ) ) ;
#3869 = CARTESIAN_POINT ( 'NONE',  ( 114.2876511402886308, -101.9281678164811780, 35.83005035273674821 ) ) ;
#3870 = CARTESIAN_POINT ( 'NONE',  ( 210.6869341259984196, -182.0495210895380467, 8.547304668015470952 ) ) ;
#3871 = CARTESIAN_POINT ( 'NONE',  ( -47.19389904239248779, 41.07276783618966221, 46.86812856833164176 ) ) ;
#3872 = CIRCLE ( 'NONE', #7018, 12.50000000000001066 ) ;
#3873 = VERTEX_POINT ( 'NONE', #3294 ) ;
#3874 = CARTESIAN_POINT ( 'NONE',  ( -205.2773497541570578, 180.4743927882960577, 11.68408782721710004 ) ) ;
#3875 = CARTESIAN_POINT ( 'NONE',  ( -212.2888145294531910, 189.5405542473202161, 1.401154529959574679 ) ) ;
#3876 = VECTOR ( 'NONE', #2387, 1000.000000000000000 ) ;
#3877 = CARTESIAN_POINT ( 'NONE',  ( 150.5923563117962374, 134.5206646756213900, 28.58814185404696673 ) ) ;
#3878 = CARTESIAN_POINT ( 'NONE',  ( 33.01262735031735929, -28.90003036334087128, 48.99633025722243929 ) ) ;
#3879 = ORIENTED_EDGE ( 'NONE', *, *, #800, .F. ) ;
#3880 = CARTESIAN_POINT ( 'NONE',  ( 210.8999999999999773, -200.5000000000000284, 70.00000000000000000 ) ) ;
#3881 = CARTESIAN_POINT ( 'NONE',  ( -26.41788385323967603, -22.95855859405679311, 58.93158553432861169 ) ) ;
#3882 = CARTESIAN_POINT ( 'NONE',  ( 198.8740674240130488, -176.9995840104062950, 14.27907794533641272 ) ) ;
#3883 = PLANE ( 'NONE',  #3125 ) ;
#3884 = CARTESIAN_POINT ( 'NONE',  ( -185.1520898307634582, 162.1966643192389768, 20.15261100768652369 ) ) ;
#3885 = AXIS2_PLACEMENT_3D ( 'NONE', #3366, #4563, #7622 ) ;
#3886 = CARTESIAN_POINT ( 'NONE',  ( -212.0876199388290217, 188.1727818996631640, 4.444344954665282010 ) ) ;
#3887 = CARTESIAN_POINT ( 'NONE',  ( 210.2922845800602545, -189.7405499169122436, 3.145926895858066619 ) ) ;
#3888 = CARTESIAN_POINT ( 'NONE',  ( 217.6933995764276801, 61.16564526950075731, 0.000000000000000000 ) ) ;
#3889 = B_SPLINE_CURVE_WITH_KNOTS ( 'NONE', 3,
 ( #7197, #3649, #3575, #6675, #1873, #5351, #6600, #1207, #611, #2462, #4291, #104, #574, #685, #1765, #1798, #1283, #6051, #6637, #6087, #3055, #4768, #537, #7234, #2938, #2347, #4180, #5387, #65, #3686, #7749, #2425, #3612, #4918, #3096, #4248, #648, #4328, #5978, #5501, #6711, #1321, #1245, #4806, #3723, #7161, #4215, #6567 ),
 .UNSPECIFIED., .F., .F.,
 ( 4, 2, 2, 2, 2, 2, 2, 2, 2, 2, 2, 2, 2, 2, 2, 2, 2, 2, 2, 2, 2, 2, 2, 4 ),
 ( 0.008848783355119481386, 0.02427274654690209782, 0.03969670973868472119, 0.07054463612224994018, 0.1013925625058151592, 0.1322404888893803643, 0.1630884152729455971, 0.1785123784647282275, 0.1939363416565108300, 0.2093603048482934603, 0.2170722864441847755, 0.2247842680400760906, 0.2324962496359674058, 0.2363522404339130356, 0.2402082312318586932, 0.2440642220298043785, 0.2459922174287771379, 0.2479202128277498973, 0.2498482082267226845, 0.2517762036256954161, 0.2527402013251818236, 0.2537041990246682865, 0.2546681967241546940, 0.2556321944236411015 ),
 .UNSPECIFIED. ) ;
#3890 = CARTESIAN_POINT ( 'NONE',  ( 209.7902591507007344, -190.6258314581662887, 1.246621913840375184E-12 ) ) ;
#3891 = CARTESIAN_POINT ( 'NONE',  ( 215.8999999999999773, 190.5000000000001137, -0.02511408429908114706 ) ) ;
#3892 = CARTESIAN_POINT ( 'NONE',  ( 208.8999999617793719, -190.4999999075723451, 0.001760523688500377536 ) ) ;
#3893 = CARTESIAN_POINT ( 'NONE',  ( 177.8329399874425576, -159.0185837516014828, 21.62437770367273870 ) ) ;
#3894 = CARTESIAN_POINT ( 'NONE',  ( -195.1508532539508565, -174.9795542882288260, 15.37036852395128150 ) ) ;
#3895 = ORIENTED_EDGE ( 'NONE', *, *, #1817, .F. ) ;
#3896 = ORIENTED_EDGE ( 'NONE', *, *, #3854, .T. ) ;
#3897 = CARTESIAN_POINT ( 'NONE',  ( 32.78265958801134161, 29.15505984842926779, 48.99405119429577837 ) ) ;
#3898 = CARTESIAN_POINT ( 'NONE',  ( 34.99987816498511961, -1.063010705439748182, 50.00062688145336409 ) ) ;
#3899 = CARTESIAN_POINT ( 'NONE',  ( -213.8497474683058783, 188.4497474683058442, -0.1014346312128484584 ) ) ;
#3900 = CARTESIAN_POINT ( 'NONE',  ( 213.2001133905437484, -189.0970266278702923, 0.1512269293084211874 ) ) ;
#3901 = CARTESIAN_POINT ( 'NONE',  ( -208.1020112841498815, -188.7695863485582777, 5.216933049606927497 ) ) ;
#3902 =( NAMED_UNIT ( * ) SI_UNIT ( $, .STERADIAN. ) SOLID_ANGLE_UNIT ( ) );
#3903 = EDGE_CURVE ( 'NONE', #2074, #2172, #6224, .T. ) ;
#3904 = CARTESIAN_POINT ( 'NONE',  ( 214.1533303954559244, -184.7840049023672009, 4.781817623774839099 ) ) ;
#3905 = CARTESIAN_POINT ( 'NONE',  ( -167.6258299564120477, 147.8962090388658339, 24.95121047077038767 ) ) ;
#3906 = CARTESIAN_POINT ( 'NONE',  ( -211.8348389129552061, 184.2573091998448263, 7.220367246527097826 ) ) ;
#3907 = CARTESIAN_POINT ( 'NONE',  ( -34.24499586874745205, -7.306861233102697639, 50.00424286715674782 ) ) ;
#3908 = CARTESIAN_POINT ( 'NONE',  ( -212.4251950349517983, 189.6164435123524186, 0.04397395343606813611 ) ) ;
#3909 = CARTESIAN_POINT ( 'NONE',  ( 215.0198684152531996, -186.0876165184081970, 2.271153632841796721 ) ) ;
#3910 = CARTESIAN_POINT ( 'NONE',  ( -121.0721624688891325, -106.8283786490197969, 35.74265220146897093 ) ) ;
#3911 = CARTESIAN_POINT ( 'NONE',  ( 210.8686931203312440, -184.3474594481507154, 7.905974345700117922 ) ) ;
#3912 = CARTESIAN_POINT ( 'NONE',  ( -61.59939168762462458, 55.16567138754535193, 44.51551512923133913 ) ) ;
#3913 = VERTEX_POINT ( 'NONE', #6838 ) ;
#3914 = CARTESIAN_POINT ( 'NONE',  ( -206.0809653743218064, 180.5286973177313428, 11.37221590444607422 ) ) ;
#3915 = CARTESIAN_POINT ( 'NONE',  ( -214.8702353828642231, 186.9874643064317183, 1.463421884776677784 ) ) ;
#3916 = CARTESIAN_POINT ( 'NONE',  ( 201.1909813427006100, 180.8448075935527868, 12.18356877608024824 ) ) ;
#3917 = CARTESIAN_POINT ( 'NONE',  ( -208.8445242774670305, -192.2983899599431936, 2.000000000000001332 ) ) ;
#3918 = VERTEX_POINT ( 'NONE', #1959 ) ;
#3919 = CARTESIAN_POINT ( 'NONE',  ( 208.8460604039522366, -190.3381654394181339, 1.603115278390417897 ) ) ;
#3920 = CARTESIAN_POINT ( 'NONE',  ( 198.9527159100387621, -178.6350834596149184, 13.47160552315289728 ) ) ;
#3921 = CARTESIAN_POINT ( 'NONE',  ( -212.2922225316584104, -189.4331741827101325, 1.578968672927584693 ) ) ;
#3922 = CARTESIAN_POINT ( 'NONE',  ( -188.9311578662621969, 169.1730810013102939, 17.90730206705842065 ) ) ;
#3923 = B_SPLINE_CURVE_WITH_KNOTS ( 'NONE', 3,
 ( #5578, #6208, #3254, #179, #108, #3175, #4448, #2030, #2576, #4331, #7432, #6832, #1324, #3211, #3139, #6796 ),
 .UNSPECIFIED., .F., .F.,
 ( 4, 2, 2, 2, 2, 2, 2, 4 ),
 ( 0.000000000000000000, 0.003155788076851441960, 0.006311576153702883919, 0.01262315230740578519, 0.01420104634583150248, 0.01577894038425722151, 0.01893472846110865609, 0.02524630461481153568 ),
 .UNSPECIFIED. ) ;
#3924 = CARTESIAN_POINT ( 'NONE',  ( -210.2922845800604819, 189.7405499169124141, 3.145926895857908079 ) ) ;
#3925 = CARTESIAN_POINT ( 'NONE',  ( 213.7833498865679474, -187.4291617368161837, 3.350985611859924607 ) ) ;
#3926 = CARTESIAN_POINT ( 'NONE',  ( 48.56270123662353200, -42.25519583253693412, 46.66098017160670253 ) ) ;
#3927 = DIRECTION ( 'NONE',  ( 0.000000000000000000, -1.000000000000000000, 0.000000000000000000 ) ) ;
#3928 = CARTESIAN_POINT ( 'NONE',  ( -139.6141417879457833, -190.6970937072823347, -3.624523623680647986E-10 ) ) ;
#3929 = CARTESIAN_POINT ( 'NONE',  ( 208.8999999999999204, -190.4999999999999716, -0.06089986583223843536 ) ) ;
#3930 = CARTESIAN_POINT ( 'NONE',  ( 170.8945376735316586, -151.7624286379804346, 23.92165808262046411 ) ) ;
#3931 = CARTESIAN_POINT ( 'NONE',  ( -189.7714835100061066, -169.9463431480608335, 17.60557150382052782 ) ) ;
#3932 = ORIENTED_EDGE ( 'NONE', *, *, #660, .T. ) ;
#3933 = CARTESIAN_POINT ( 'NONE',  ( 6.081032235166214939, 34.47317909245213485, 57.99595452438231291 ) ) ;
#3934 = CARTESIAN_POINT ( 'NONE',  ( 33.58667962728362966, 9.860290179418655043, 50.00640240131807701 ) ) ;
#3935 = CARTESIAN_POINT ( 'NONE',  ( -210.7322351905150697, 190.3178087366782165, -0.1419693965932708468 ) ) ;
#3936 = CARTESIAN_POINT ( 'NONE',  ( 212.4213856959507041, -189.6147901296768907, 0.2308172662756074189 ) ) ;
#3937 = CARTESIAN_POINT ( 'NONE',  ( -208.8676001224824859, -190.4061461666866819, 1.228242460440074790 ) ) ;
#3938 = FILL_AREA_STYLE_COLOUR ( '', #2100 ) ;
#3939 = CARTESIAN_POINT ( 'NONE',  ( 209.9654736585588353, -189.2318539843286089, 4.259591552102641288 ) ) ;
#3940 = ADVANCED_FACE ( 'NONE', ( #6291 ), #4374, .F. ) ;
#3941 = CARTESIAN_POINT ( 'NONE',  ( -211.0809984927653886, 186.2129920213288869, 6.796028233189251644 ) ) ;
#3942 = CARTESIAN_POINT ( 'NONE',  ( -15.57553871318160255, -31.35061271755058954, 50.02502779798426502 ) ) ;
#3943 = B_SPLINE_CURVE_WITH_KNOTS ( 'NONE', 3,
 ( #5498, #1909, #3798, #4986, #796, #7383, #173, #5652, #2608, #248, #1947, #1870, #1985, #3683, #4915, #4362 ),
 .UNSPECIFIED., .F., .F.,
 ( 4, 2, 2, 2, 2, 2, 2, 4 ),
 ( 0.02524630461481130322, 0.02840308657359611258, 0.03155986853238092193, 0.03787343244995053371, 0.03945182342934293318, 0.04103021440873531878, 0.04418699636752010385, 0.05050056028508966011 ),
 .UNSPECIFIED. ) ;
#3944 = CARTESIAN_POINT ( 'NONE',  ( -39.81246702615973732, 17.84026007904436639, 48.80919780664418539 ) ) ;
#3945 = CARTESIAN_POINT ( 'NONE',  ( -210.7321896648438440, 190.3177798853251659, 0.02436004110392289354 ) ) ;
#3946 = CARTESIAN_POINT ( 'NONE',  ( 208.8609159459749094, -190.3850128019587373, 1.351966581578077919 ) ) ;
#3947 = CARTESIAN_POINT ( 'NONE',  ( 215.7293584012457188, 183.4967789686988908, 1.574680594478582440 ) ) ;
#3948 = CARTESIAN_POINT ( 'NONE',  ( 208.9716203778293959, -184.3521621462599001, 8.853891926939329693 ) ) ;
#3949 = CARTESIAN_POINT ( 'NONE',  ( -84.73459217514118791, 74.58893293072399899, 40.99480690071653299 ) ) ;
#3950 = AXIS2_PLACEMENT_3D ( 'NONE', #2341, #3532, #531 ) ;
#3951 = VERTEX_POINT ( 'NONE', #5041 ) ;
#3952 = CARTESIAN_POINT ( 'NONE',  ( -204.0902126059922068, 178.8741962002185062, 12.51517206850187414 ) ) ;
#3953 = CARTESIAN_POINT ( 'NONE',  ( -210.6884313925080505, 190.2868705430709326, 0.7839810740288746249 ) ) ;
#3954 = CARTESIAN_POINT ( 'NONE',  ( 63.11918433646382454, 56.52609054588794635, 44.27654039488614757 ) ) ;
#3955 = CARTESIAN_POINT ( 'NONE',  ( -215.7295248984671616, 179.9621532663652772, 1.575215113382911092 ) ) ;
#3956 = EDGE_LOOP ( 'NONE', ( #5760, #4455, #5988, #2760 ) ) ;
#3957 = CYLINDRICAL_SURFACE ( 'NONE', #5847, 7.500000000000007105 ) ;
#3958 = CARTESIAN_POINT ( 'NONE',  ( 0.000000000000000000, 0.000000000000000000, 85.00000000000000000 ) ) ;
#3959 = AXIS2_PLACEMENT_3D ( 'NONE', #137, #836, #3245 ) ;
#3960 = CARTESIAN_POINT ( 'NONE',  ( 200.1632630798974617, -173.5767039565799337, 14.63235396530079768 ) ) ;
#3961 = CARTESIAN_POINT ( 'NONE',  ( -216.7877232001414995, -187.4064363920253129, 0.000000000000000000 ) ) ;
#3962 = CARTESIAN_POINT ( 'NONE',  ( -198.2116552795210680, 175.8826778009982377, 14.79180226266788090 ) ) ;
#3963 = CARTESIAN_POINT ( 'NONE',  ( -6.048480366674476194, 42.34304866722074223, 48.22524213312853192 ) ) ;
#3964 = CARTESIAN_POINT ( 'NONE',  ( -214.3973905550474797, 184.8966365020305034, 4.404537926259505909 ) ) ;
#3965 = CARTESIAN_POINT ( 'NONE',  ( 213.1913389947002884, -188.0491368691808702, 3.264083170338968110 ) ) ;
#3966 = CARTESIAN_POINT ( 'NONE',  ( -223.8999999999999204, -190.5000000000000284, 2.000000000000000000 ) ) ;
#3967 = CARTESIAN_POINT ( 'NONE',  ( 208.8458060474211209, -190.6627464068765505, 2.255140518769848907E-14 ) ) ;
#3968 = CARTESIAN_POINT ( 'NONE',  ( 215.8999999999998352, 183.5000000000005684, -0.1416513496264097394 ) ) ;
#3969 = CARTESIAN_POINT ( 'NONE',  ( 215.0165047184797800, -187.0253328625962581, -0.02036510045189751650 ) ) ;
#3970 = CARTESIAN_POINT ( 'NONE',  ( 170.3929785891959341, -152.2863761324309735, 23.77028570282779896 ) ) ;
#3971 = LINE ( 'NONE', #5816, #1237 ) ;
#3972 = AXIS2_PLACEMENT_3D ( 'NONE', #915, #438, #7462 ) ;
#3973 = CARTESIAN_POINT ( 'NONE',  ( 20.56191334527374792, 38.03486294280456548, 48.54567638209310587 ) ) ;
#3974 = ORIENTED_EDGE ( 'NONE', *, *, #7225, .F. ) ;
#3975 = CARTESIAN_POINT ( 'NONE',  ( 4.972270290711016116, 34.65086679205280973, 50.00513307194918866 ) ) ;
#3976 = CARTESIAN_POINT ( 'NONE',  ( 32.60010346732423159, -12.74788463191299925, 58.68220359496373106 ) ) ;
#3977 = CARTESIAN_POINT ( 'NONE',  ( -214.4976678967873625, 187.8018270398243885, -0.2635736927345287417 ) ) ;
#3978 = CARTESIAN_POINT ( 'NONE',  ( 215.3656832547766840, -186.1785288286951641, 0.1492504959720093727 ) ) ;
#3979 = CARTESIAN_POINT ( 'NONE',  ( -212.7778710831052535, -187.8835062245012182, 6.889102407507128767 ) ) ;
#3980 = CARTESIAN_POINT ( 'NONE',  ( -174.0389521750030326, 190.3212143310400108, 1.552118151713529404 ) ) ;
#3981 = CARTESIAN_POINT ( 'NONE',  ( 212.2642023182827984, -188.3474218260566317, 4.049955048358131471 ) ) ;
#3982 = CARTESIAN_POINT ( 'NONE',  ( -213.0349453424733213, 184.2081800069834969, 6.233279302893210527 ) ) ;
#3983 = CARTESIAN_POINT ( 'NONE',  ( -35.00023733655186220, -2.089134929867856538, 58.54589781360768086 ) ) ;
#3984 = CARTESIAN_POINT ( 'NONE',  ( -215.3666210588498302, 186.1786907009081062, 0.08806515741915499351 ) ) ;
#3985 = CARTESIAN_POINT ( 'NONE',  ( 211.5030536346640986, -189.9224598139214777, 1.029820245179815075 ) ) ;
#3986 = CARTESIAN_POINT ( 'NONE',  ( 6.236804059308067139, -34.59607486757646200, 49.99999999999999289 ) ) ;
#3987 = CARTESIAN_POINT ( 'NONE',  ( 208.9112310189228481, -187.7766539306356890, 6.422986354324017988 ) ) ;
#3988 = CARTESIAN_POINT ( 'NONE',  ( -50.94787844318454972, 44.42408848157179335, 46.29491518129988492 ) ) ;
#3989 = ORIENTED_EDGE ( 'NONE', *, *, #2630, .T. ) ;
#3990 = CARTESIAN_POINT ( 'NONE',  ( -203.1899220550004088, 181.6623460856354768, 11.63170093155427587 ) ) ;
#3991 = ADVANCED_FACE ( 'NONE', ( #6214 ), #7512, .F. ) ;
#3992 = CARTESIAN_POINT ( 'NONE',  ( -213.7485788001326910, 188.4135515618031036, 1.190219232552649720 ) ) ;
#3993 = CARTESIAN_POINT ( 'NONE',  ( 26.41788385323946642, 22.95855859405703825, 58.93158553432861169 ) ) ;
#3994 = CARTESIAN_POINT ( 'NONE',  ( 210.7237836337704948, 190.4360625612046078, -2.190525192231348710E-12 ) ) ;
#3995 = CARTESIAN_POINT ( 'NONE',  ( 35.67243472684264560, -31.31889920310357311, 48.59057155573807307 ) ) ;
#3996 = ORIENTED_EDGE ( 'NONE', *, *, #2014, .F. ) ;
#3997 = CARTESIAN_POINT ( 'NONE',  ( -34.80743064869179193, -192.1448328889846096, 1.301042606982605321E-15 ) ) ;
#3998 = CIRCLE ( 'NONE', #3111, 2.000000000000003997 ) ;
#3999 = CARTESIAN_POINT ( 'NONE',  ( -213.3907059827461978, 188.6654480751472533, 1.575626691731460305 ) ) ;
#4000 = CARTESIAN_POINT ( 'NONE',  ( 200.1440996063779778, -179.2722764374003077, 13.11715384916404759 ) ) ;
#4001 = CARTESIAN_POINT ( 'NONE',  ( -215.8613736629237678, -188.8641164030914297, 0.000000000000000000 ) ) ;
#4002 = EDGE_CURVE ( 'NONE', #6349, #11, #2475, .T. ) ;
#4003 = CARTESIAN_POINT ( 'NONE',  ( -194.6696008587297513, 170.3909073539165036, 16.84690042783595132 ) ) ;
#4004 = AXIS2_PLACEMENT_3D ( 'NONE', #2134, #4516, #6348 ) ;
#4005 = CARTESIAN_POINT ( 'NONE',  ( -214.9172237258152052, 184.2186628424429955, 3.765695514384601150 ) ) ;
#4006 = CARTESIAN_POINT ( 'NONE',  ( 14.76686855575833413, -31.73815244448279671, 58.30225931066578227 ) ) ;
#4007 = CARTESIAN_POINT ( 'NONE',  ( 261.2553390593274116, -150.0000000000000000, 50.00000000000000000 ) ) ;
#4008 = CARTESIAN_POINT ( 'NONE',  ( 210.4074272945003941, -190.1688658469805944, 1.588460531846342949 ) ) ;
#4009 = DIRECTION ( 'NONE',  ( 0.000000000000000000, 0.000000000000000000, -1.000000000000000000 ) ) ;
#4010 = CARTESIAN_POINT ( 'NONE',  ( 215.3671567275789869, -186.1787840265556326, -0.04063248314206800715 ) ) ;
#4011 = CARTESIAN_POINT ( 'NONE',  ( 179.2841110831187166, -157.4623067267254726, 21.89842931890101241 ) ) ;
#4012 = CARTESIAN_POINT ( 'NONE',  ( -167.9722092239426559, 146.3124734447966659, 25.04843908702909872 ) ) ;
#4013 = AXIS2_PLACEMENT_3D ( 'NONE', #4653, #1728, #4055 ) ;
#4014 = ORIENTED_EDGE ( 'NONE', *, *, #3074, .T. ) ;
#4015 = CARTESIAN_POINT ( 'NONE',  ( 0.000000000000000000, 0.000000000000000000, 127.0000000000000568 ) ) ;
#4016 = CARTESIAN_POINT ( 'NONE',  ( 41.65707429522479543, -12.91883128851953799, 48.74294954370517985 ) ) ;
#4017 = CARTESIAN_POINT ( 'NONE',  ( -209.8162978572970587, 190.5000000000000000, -1.074269000342903180 ) ) ;
#4018 = CARTESIAN_POINT ( 'NONE',  ( 213.3653329365374987, 182.8781778470846291, 6.001295378333717956 ) ) ;
#4019 = CARTESIAN_POINT ( 'NONE',  ( 208.8999768595594446, -190.4999444153440606, 0.02980937859921097347 ) ) ;
#4020 = CARTESIAN_POINT ( 'NONE',  ( 77.42325027833695117, -67.66078938720501412, 42.18979695363429272 ) ) ;
#4021 = CARTESIAN_POINT ( 'NONE',  ( -215.8976014077485388, -190.4989250237914007, 0.1964616532969026830 ) ) ;
#4022 = CARTESIAN_POINT ( 'NONE',  ( 69.61485842905855748, 192.1711733022287945, 3.903127820947815174E-15 ) ) ;
#4023 = CARTESIAN_POINT ( 'NONE',  ( 208.7270103493452211, -189.9981533016247681, 2.819844532256724268 ) ) ;
#4024 = CARTESIAN_POINT ( 'NONE',  ( -211.3982041843637205, 186.4932299447218327, 6.416730272170341642 ) ) ;
#4025 = CARTESIAN_POINT ( 'NONE',  ( -19.19637214642435197, -38.67353389894306304, 48.50350308198751037 ) ) ;
#4026 = CARTESIAN_POINT ( 'NONE',  ( -30.53825437602004556, 17.13223839356146172, 50.00851043332444590 ) ) ;
#4027 = CARTESIAN_POINT ( 'NONE',  ( -213.8497325752068718, 188.4497426450573130, 0.01470303962825261247 ) ) ;
#4028 = CARTESIAN_POINT ( 'NONE',  ( 208.8824723349187025, -190.4521902383625047, 0.8755965346099585656 ) ) ;
#4029 = CARTESIAN_POINT ( 'NONE',  ( -136.7103823447190507, -122.1216018340964240, 31.54509072235753209 ) ) ;
#4030 = CARTESIAN_POINT ( 'NONE',  ( 207.6222442515096134, -188.0434631997889312, 6.199657053980206278 ) ) ;
#4031 = CARTESIAN_POINT ( 'NONE',  ( -69.55220414652528405, 61.36986831242837326, 43.38710813555923806 ) ) ;
#4032 = ORIENTED_EDGE ( 'NONE', *, *, #2725, .T. ) ;
#4033 = CARTESIAN_POINT ( 'NONE',  ( -207.0731379085808044, 183.3821325943140721, 10.01145848390862980 ) ) ;
#4034 = CARTESIAN_POINT ( 'NONE',  ( -208.8989399709542170, 190.4974908751676708, 0.2044205327863060917 ) ) ;
#4035 = CARTESIAN_POINT ( 'NONE',  ( 32.93755290303673888, 28.98645776519573047, 48.99815613063783815 ) ) ;
#4036 = CARTESIAN_POINT ( 'NONE',  ( 212.4874111392076657, 189.3170705827354823, 1.578288989624795136 ) ) ;
#4037 = CARTESIAN_POINT ( 'NONE',  ( 31.78992566785479568, -28.11544855930994302, 49.15919715107061450 ) ) ;
#4038 =( NAMED_UNIT ( * ) PLANE_ANGLE_UNIT ( ) SI_UNIT ( $, .RADIAN. ) );
#4039 = CARTESIAN_POINT ( 'NONE',  ( -211.0532505304810797, 189.9880060780055828, 1.584508446293055650 ) ) ;
#4040 = CARTESIAN_POINT ( 'NONE',  ( 207.1731850720569241, -179.0083147015011491, 10.99553789332445675 ) ) ;
#4041 = CARTESIAN_POINT ( 'NONE',  ( -215.2973043997450873, -189.5260935657149446, 0.000000000000000000 ) ) ;
#4042 = CARTESIAN_POINT ( 'NONE',  ( -195.1630397474509664, 173.5905203465675015, 15.95250172660487031 ) ) ;
#4043 = EDGE_CURVE ( 'NONE', #6611, #4688, #3971, .T. ) ;
#4044 = CARTESIAN_POINT ( 'NONE',  ( 91.41175103703149318, 109.4502380912011006, 34.14623581856184842 ) ) ;
#4045 = CARTESIAN_POINT ( 'NONE',  ( -1.509682918942912178, 42.71982085840008381, 48.19309456859610208 ) ) ;
#4046 = CARTESIAN_POINT ( 'NONE',  ( -212.2053415251315869, 188.2892085172588565, 4.181418350460467614 ) ) ;
#4047 = CARTESIAN_POINT ( 'NONE',  ( 33.96585066418825960, -29.51814676869102527, 58.93158553443251435 ) ) ;
#4048 = EDGE_CURVE ( 'NONE', #261, #3518, #5644, .T. ) ;
#4049 = CARTESIAN_POINT ( 'NONE',  ( -174.0383914297170520, 190.3212140580145331, 1.552117329857271022 ) ) ;
#4050 = CARTESIAN_POINT ( 'NONE',  ( 216.7725988629551637, -187.4049003170921139, 0.000000000000000000 ) ) ;
#4051 = VERTEX_POINT ( 'NONE', #7044 ) ;
#4052 = CARTESIAN_POINT ( 'NONE',  ( 215.8999999999998636, 183.4999999999999147, -0.04031459716785646546 ) ) ;
#4053 = CARTESIAN_POINT ( 'NONE',  ( 208.8999999999999773, -190.4999999999999716, -0.02036510045189748180 ) ) ;
#4054 = CARTESIAN_POINT ( 'NONE',  ( 185.3396119859363864, -161.9764167012940845, 20.13241558376968854 ) ) ;
#4055 = DIRECTION ( 'NONE',  ( 0.000000000000000000, 0.000000000000000000, 1.000000000000000000 ) ) ;
#4056 = CARTESIAN_POINT ( 'NONE',  ( -157.1716416521747135, 136.9437755529655192, 27.60337867458602901 ) ) ;
#4057 = VERTEX_POINT ( 'NONE', #1011 ) ;
#4058 = CARTESIAN_POINT ( 'NONE',  ( 23.28021826330223831, 36.61149264639850287, 48.63466746654785311 ) ) ;
#4059 = CARTESIAN_POINT ( 'NONE',  ( 33.85998102961137590, 27.89340138291888493, 48.97765903133547027 ) ) ;
#4060 = CARTESIAN_POINT ( 'NONE',  ( -209.8162978572970587, 190.5000000000000000, -0.7499908772995507178 ) ) ;
#4061 = CARTESIAN_POINT ( 'NONE',  ( 215.0255929715873719, 183.4217842831880887, 3.548500675299564477 ) ) ;
#4062 = CARTESIAN_POINT ( 'NONE',  ( 215.8991806899547328, -183.4999910602460034, 0.1133497488052118279 ) ) ;
#4063 = CARTESIAN_POINT ( 'NONE',  ( 77.58360802255816679, -67.47588953437949044, 42.17608845051837108 ) ) ;
#4064 = CARTESIAN_POINT ( 'NONE',  ( -215.8624083956903235, -190.4833334550828283, 0.7741315848071682604 ) ) ;
#4065 = CARTESIAN_POINT ( 'NONE',  ( -174.4077690780981982, 190.6787150205151420, 6.086073489591142915E-10 ) ) ;
#4066 = CARTESIAN_POINT ( 'NONE',  ( 213.1938802808987816, -187.0008844910493906, 4.588367225639050417 ) ) ;
#4067 = CARTESIAN_POINT ( 'NONE',  ( -24.56113278591061189, -25.05493861837936365, 50.01034824500258225 ) ) ;
#4068 = CARTESIAN_POINT ( 'NONE',  ( -211.2372010726191149, 186.3509677233992363, 6.613622880665963599 ) ) ;
#4069 = CARTESIAN_POINT ( 'NONE',  ( -16.95932414802879862, -30.62282961324392616, 58.40989999026979973 ) ) ;
#4070 = CARTESIAN_POINT ( 'NONE',  ( 167.9722091196460951, 146.3124735133813203, 25.04843911204032381 ) ) ;
#4071 = CARTESIAN_POINT ( 'NONE',  ( -213.8496406629531066, 188.4497130147809969, 0.03830848735939131749 ) ) ;
#4072 = CARTESIAN_POINT ( 'NONE',  ( 215.7023685149775929, -184.3977041524628078, 1.695608992228256673 ) ) ;
#4073 = CARTESIAN_POINT ( 'NONE',  ( -107.2995211750423152, -94.67747651440359391, 37.28718791557941614 ) ) ;
#4074 = CARTESIAN_POINT ( 'NONE',  ( 212.3490103331290584, -183.8085717570047564, 6.962095146861741135 ) ) ;
#4075 = CARTESIAN_POINT ( 'NONE',  ( -69.70154362460328912, 61.20068985351065294, 43.39175254794295711 ) ) ;
#4076 = ORIENTED_EDGE ( 'NONE', *, *, #7410, .T. ) ;
#4077 = CARTESIAN_POINT ( 'NONE',  ( -205.9919088032605430, 185.9569038881877248, 8.416764180297427345 ) ) ;
#4078 = CARTESIAN_POINT ( 'NONE',  ( -210.7189992407587908, 190.3094935420425884, 0.4135656910379340578 ) ) ;
#4079 = CARTESIAN_POINT ( 'NONE',  ( 107.2995211750127282, 94.67747651468776837, 37.28718791559583678 ) ) ;
#4080 = CARTESIAN_POINT ( 'NONE',  ( 216.5161505477357480, 187.9125367762806036, 0.000000000000000000 ) ) ;
#4081 = CARTESIAN_POINT ( 'NONE',  ( 35.54310308492456016, -31.46682655052511635, 48.58921576193047542 ) ) ;
#4082 = DIRECTION ( 'NONE',  ( 1.000000000000000000, 0.000000000000000000, 0.000000000000000000 ) ) ;
#4083 = CARTESIAN_POINT ( 'NONE',  ( -209.7454525707204027, 190.2972196174647479, 1.593383205974867822 ) ) ;
#4084 = CARTESIAN_POINT ( 'NONE',  ( 203.3064284073192027, -182.3980441626245295, 11.18684469759032751 ) ) ;
#4085 = CARTESIAN_POINT ( 'NONE',  ( -215.4917719816779424, -189.3126732529117930, 0.000000000000000000 ) ) ;
#4086 = CARTESIAN_POINT ( 'NONE',  ( -195.0970461965601714, 169.8683560002056083, 16.76396777515969561 ) ) ;
#4087 = CARTESIAN_POINT ( 'NONE',  ( -6.213040362029540020, -34.45012637904172692, 50.00738162586932845 ) ) ;
#4088 = CARTESIAN_POINT ( 'NONE',  ( -215.8999999999999773, -183.5000000000010800, -0.1416513496249414694 ) ) ;
#4089 = CARTESIAN_POINT ( 'NONE',  ( -214.4583457113906491, 186.8078342679366699, 2.922691800635703885 ) ) ;
#4090 = CARTESIAN_POINT ( 'NONE',  ( -26.22446047096787680, -23.17936440136304910, 50.00257421695420845 ) ) ;
#4091 = CARTESIAN_POINT ( 'NONE',  ( 42.27804904607163650, 10.33306884307539519, 48.71746403770507072 ) ) ;
#4092 = CARTESIAN_POINT ( 'NONE',  ( 213.2650761404960349, -191.1465853417575147, 0.000000000000000000 ) ) ;
#4093 = CARTESIAN_POINT ( 'NONE',  ( -208.8458060474211493, 190.6627464068766358, -2.168404344971008621E-16 ) ) ;
#4094 = CARTESIAN_POINT ( 'NONE',  ( 211.5787840265555531, -189.9671567275789812, -0.06089986583223843536 ) ) ;
#4095 = CARTESIAN_POINT ( 'NONE',  ( 191.4504845830419413, -166.3892681585331843, 18.10181263907391980 ) ) ;
#4096 = DIRECTION ( 'NONE',  ( -0.000000000000000000, -0.000000000000000000, -1.000000000000000000 ) ) ;
#4097 = CARTESIAN_POINT ( 'NONE',  ( -156.8929331979726953, 137.2723794664543959, 27.65145245173637178 ) ) ;
#4098 = AXIS2_PLACEMENT_3D ( 'NONE', #7625, #6402, #1008 ) ;
#4099 = CARTESIAN_POINT ( 'NONE',  ( -17.20563007422814295, 30.48659048524358184, 50.02572054470083174 ) ) ;
#4100 = EDGE_CURVE ( 'NONE', #3261, #1086, #2736, .T. ) ;
#4101 = DIRECTION ( 'NONE',  ( 0.000000000000000000, 0.000000000000000000, -1.000000000000000000 ) ) ;
#4102 = CARTESIAN_POINT ( 'NONE',  ( -212.4253328625963206, 189.6165047184798027, -0.7499908772995507178 ) ) ;
#4103 = CARTESIAN_POINT ( 'NONE',  ( 207.1514567232349577, 182.8093564745646233, 11.05597549774157962 ) ) ;
#4104 = CARTESIAN_POINT ( 'NONE',  ( 209.8162543335903365, -190.4999619340257766, 0.02649851936423463020 ) ) ;
#4105 = CARTESIAN_POINT ( 'NONE',  ( 129.4435413660321785, -115.1692344915197168, 33.07523513773569590 ) ) ;
#4106 = CARTESIAN_POINT ( 'NONE',  ( -215.8999598863574931, -190.4999818257939523, 0.02454300285272864590 ) ) ;
#4107 = CARTESIAN_POINT ( 'NONE',  ( -37.91288587616671890, 9.932388234532696814, 50.00000000000000000 ) ) ;
#4108 = CARTESIAN_POINT ( 'NONE',  ( 214.9172237258149778, -184.2186628424429102, 3.765695514384765463 ) ) ;
#4109 = ORIENTED_EDGE ( 'NONE', *, *, #5303, .T. ) ;
#4110 = EDGE_CURVE ( 'NONE', #509, #11, #1443, .T. ) ;
#4111 = CARTESIAN_POINT ( 'NONE',  ( -30.65917780255767155, -31.36498039094734480, 48.90911856644027722 ) ) ;
#4112 = CARTESIAN_POINT ( 'NONE',  ( -210.3845982748908909, 187.4701240373050553, 6.234481326524605294 ) ) ;
#4113 = CARTESIAN_POINT ( 'NONE',  ( -28.33711438491196688, -33.30220471077495858, 48.81714803039010775 ) ) ;
#4114 = CARTESIAN_POINT ( 'NONE',  ( 205.1345251657650977, 177.4910585523711859, 12.18487373469567636 ) ) ;
#4115 = CARTESIAN_POINT ( 'NONE',  ( -215.0164874019395711, 187.0253289501702625, 0.01619623345373377710 ) ) ;
#4116 = CARTESIAN_POINT ( 'NONE',  ( 215.5114969026231222, -185.2985815724493364, 1.735056110900075943 ) ) ;
#4117 = CARTESIAN_POINT ( 'NONE',  ( 207.7202946457406654, -188.1835886563130771, 6.024494714765673109 ) ) ;
#4118 = CARTESIAN_POINT ( 'NONE',  ( -122.4952847341802027, 107.8509989293507232, 34.53551811463472632 ) ) ;
#4119 = ORIENTED_EDGE ( 'NONE', *, *, #5918, .F. ) ;
#4120 = CARTESIAN_POINT ( 'NONE',  ( -209.8186381617926770, 180.8569348854040868, 9.223205256078081504 ) ) ;
#4121 = CARTESIAN_POINT ( 'NONE',  ( -215.6924168693450667, 185.3291221899413017, 0.6190281339670620220 ) ) ;
#4122 = CARTESIAN_POINT ( 'NONE',  ( 35.74982257699286237, 31.22996435142616534, 48.58918796318687328 ) ) ;
#4123 = CARTESIAN_POINT ( 'NONE',  ( -43.15820260112099049, 5.245734961489858961, 48.68054119063233287 ) ) ;
#4124 = CARTESIAN_POINT ( 'NONE',  ( 31.75767844637674031, -28.15227153795296289, 49.15833193069735074 ) ) ;
#4125 = FACE_OUTER_BOUND ( 'NONE', #3697, .T. ) ;
#4126 = CARTESIAN_POINT ( 'NONE',  ( 203.4056579236808489, -183.1152708275375289, 10.67742118728997802 ) ) ;
#4127 = CARTESIAN_POINT ( 'NONE',  ( -31.72540399148425649, 28.18905988613825642, 49.15708407741359309 ) ) ;
#4128 = CARTESIAN_POINT ( 'NONE',  ( 215.8999999999998636, 190.5000000000000284, 0.000000000000000000 ) ) ;
#4129 = CARTESIAN_POINT ( 'NONE',  ( -3.022953130019633949, 42.64863476771527928, 48.19920549470756299 ) ) ;
#4130 = CARTESIAN_POINT ( 'NONE',  ( -213.6973325121642517, 187.3701976882967983, 3.564265291104646849 ) ) ;
#4131 = CARTESIAN_POINT ( 'NONE',  ( -21.23658252623399889, 37.69837257621061610, 48.56726274351768780 ) ) ;
#4132 = AXIS2_PLACEMENT_3D ( 'NONE', #2862, #5981, #6570 ) ;
#4133 = CARTESIAN_POINT ( 'NONE',  ( -215.7351207662345587, -61.16558895840370980, 1.593179959975817406 ) ) ;
#4134 = CARTESIAN_POINT ( 'NONE',  ( 214.2863475301529945, -188.2595848492258881, 9.169122282674572546E-12 ) ) ;
#4135 = CARTESIAN_POINT ( 'NONE',  ( -210.8457447533797051, 192.0774083065476816, 0.000000000000000000 ) ) ;
#4136 = CARTESIAN_POINT ( 'NONE',  ( 212.4253328625962354, -189.6165047184798027, -0.3446432234946718021 ) ) ;
#4137 = CARTESIAN_POINT ( 'NONE',  ( 30.65832199291836702, -31.36587096135352937, 48.90908437309980172 ) ) ;
#4138 = CARTESIAN_POINT ( 'NONE',  ( 187.0517227837773646, -163.8407667689085940, 19.54856948427260832 ) ) ;
#4139 = DIRECTION ( 'NONE',  ( -0.000000000000000000, 0.000000000000000000, 1.000000000000000000 ) ) ;
#4140 = CARTESIAN_POINT ( 'NONE',  ( -156.4654122897332513, 137.7619908395124355, 27.66913024686195044 ) ) ;
#4141 = CIRCLE ( 'NONE', #6761, 2.000000000000004885 ) ;
#4142 = DIRECTION ( 'NONE',  ( -8.001661459642725926E-05, 0.9999999967986707983, 0.000000000000000000 ) ) ;
#4143 = FACE_OUTER_BOUND ( 'NONE', #2805, .T. ) ;
#4144 = CARTESIAN_POINT ( 'NONE',  ( -208.9000000000000341, 190.5000000000000000, -0.3446432234953641371 ) ) ;
#4145 = CARTESIAN_POINT ( 'NONE',  ( 215.8940724826416613, 190.4973574804592147, 0.3123172409631418955 ) ) ;
#4146 = VECTOR ( 'NONE', #5575, 1000.000000000000000 ) ;
#4147 = CARTESIAN_POINT ( 'NONE',  ( 213.8484939922549870, -188.4493476162198533, 0.1339222420598738805 ) ) ;
#4148 = CARTESIAN_POINT ( 'NONE',  ( 130.0459872750113277, -114.5018720276468684, 33.15166360796164469 ) ) ;
#4149 = CARTESIAN_POINT ( 'NONE',  ( -215.8999968184422755, -183.4999999352311022, 0.007185763669257850920 ) ) ;
#4150 = CARTESIAN_POINT ( 'NONE',  ( -215.9000000000000625, 63.50000000000005684, 0.000000000000000000 ) ) ;
#4151 = ORIENTED_EDGE ( 'NONE', *, *, #5002, .T. ) ;
#4152 = EDGE_CURVE ( 'NONE', #6762, #3836, #1248, .T. ) ;
#4153 = VECTOR ( 'NONE', #6074, 1000.000000000000000 ) ;
#4154 = CARTESIAN_POINT ( 'NONE',  ( 156.4676367586383492, 136.3342811101356915, 27.77758864161386754 ) ) ;
#4155 = CARTESIAN_POINT ( 'NONE',  ( -215.8999561005767589, 183.4999995069305214, 0.02635056303668614416 ) ) ;
#4156 = EDGE_CURVE ( 'NONE', #7629, #813, #5394, .T. ) ;
#4157 = CARTESIAN_POINT ( 'NONE',  ( 214.2739960889682038, -187.7220109753060058, 1.813188778699531323 ) ) ;
#4158 = CARTESIAN_POINT ( 'NONE',  ( -114.1778982330082499, -102.0465746827347004, 35.80008881725453307 ) ) ;
#4159 = CARTESIAN_POINT ( 'NONE',  ( 211.5480893842244541, -185.7119823977850501, 6.844783533356222804 ) ) ;
#4160 = CARTESIAN_POINT ( 'NONE',  ( -115.2694858024870257, 100.8298769699217843, 35.91269789246985766 ) ) ;
#4161 = ORIENTED_EDGE ( 'NONE', *, *, #660, .F. ) ;
#4162 = CARTESIAN_POINT ( 'NONE',  ( -14.96914877605544802, -40.41624504681978181, 48.38200869151118155 ) ) ;
#4163 = CARTESIAN_POINT ( 'NONE',  ( -209.5041515886275079, 182.5920565848513206, 9.222865560624873282 ) ) ;
#4164 = CARTESIAN_POINT ( 'NONE',  ( -208.8984127891570495, 190.4962199323573202, 0.2457029356975805601 ) ) ;
#4165 = CARTESIAN_POINT ( 'NONE',  ( 31.82226839567848131, 28.07871654970328734, 49.16121060587888536 ) ) ;
#4166 = CARTESIAN_POINT ( 'NONE',  ( 33.41304621532670893, -30.14246742740948903, 58.92519609199868569 ) ) ;
#4167 = CARTESIAN_POINT ( 'NONE',  ( 35.69826328446261243, -31.28927928901283195, 48.59039139484938374 ) ) ;
#4168 = DIRECTION ( 'NONE',  ( 1.000000000000000000, 0.000000000000000000, 0.000000000000000000 ) ) ;
#4169 = CARTESIAN_POINT ( 'NONE',  ( 202.8570166555012406, -181.9460749585110477, 11.48392290211628541 ) ) ;
#4170 = FACE_OUTER_BOUND ( 'NONE', #4985, .T. ) ;
#4171 = ORIENTED_EDGE ( 'NONE', *, *, #3854, .F. ) ;
#4172 = CARTESIAN_POINT ( 'NONE',  ( -45.97407920719503949, 111.8991605672696750, 32.44865345979903992 ) ) ;
#4173 = CARTESIAN_POINT ( 'NONE',  ( -213.1913389947005726, 188.0491368691810976, 3.264083170338523576 ) ) ;
#4174 = CARTESIAN_POINT ( 'NONE',  ( -216.0720685486027151, -183.4968063912045864, 1.734723475976807094E-15 ) ) ;
#4175 = CARTESIAN_POINT ( 'NONE',  ( 216.8960851708428379, -187.1451628609615057, 0.000000000000000000 ) ) ;
#4176 = EDGE_LOOP ( 'NONE', ( #6804, #5473, #6584, #6994 ) ) ;
#4177 = CARTESIAN_POINT ( 'NONE',  ( -214.6807517590669647, 190.1392100613435616, 0.000000000000000000 ) ) ;
#4178 = CARTESIAN_POINT ( 'NONE',  ( 215.0165047184797800, -187.0253328625962581, -0.1419693965929391122 ) ) ;
#4179 = CARTESIAN_POINT ( 'NONE',  ( 190.7696155687690975, -170.8739110410573403, 17.21451496487092570 ) ) ;
#4180 = CARTESIAN_POINT ( 'NONE',  ( -198.6388095237983578, 178.3301046243323071, 13.63801786063948640 ) ) ;
#4181 = CARTESIAN_POINT ( 'NONE',  ( -183.4352351375322598, 160.3384838762861193, 20.73783611975463259 ) ) ;
#4182 = CARTESIAN_POINT ( 'NONE',  ( -4.961084775534313707, 34.65244425703470199, 50.00511664080965346 ) ) ;
#4183 = CARTESIAN_POINT ( 'NONE',  ( -210.8457447533914149, 192.0774083066093283, -0.000000000000000000 ) ) ;
#4184 = CARTESIAN_POINT ( 'NONE',  ( -215.0165047184798368, 187.0253328625962865, -1.074269000342903180 ) ) ;
#4185 = CARTESIAN_POINT ( 'NONE',  ( 208.7455066882766346, 190.0464447616227801, 2.683014261036481773 ) ) ;
#4186 = CARTESIAN_POINT ( 'NONE',  ( 215.0164244127219888, -187.0253147634877564, 0.03475584098955424028 ) ) ;
#4187 = CARTESIAN_POINT ( 'NONE',  ( 115.1614056773272665, -100.9534233569973054, 35.91682750351786524 ) ) ;
#4188 = CARTESIAN_POINT ( 'NONE',  ( -215.8995908313841312, -190.4998153164056305, 0.08180475421446348205 ) ) ;
#4189 = CARTESIAN_POINT ( 'NONE',  ( -32.78265958749825160, -29.15505984796082473, 48.99405119437487599 ) ) ;
#4190 = VERTEX_POINT ( 'NONE', #1688 ) ;
#4191 = CARTESIAN_POINT ( 'NONE',  ( -27.01519890646272870, -22.27777004741453126, 50.00247616929173944 ) ) ;
#4192 = CARTESIAN_POINT ( 'NONE',  ( -214.4976417451765371, 187.8018198031435020, 0.01921002979629854446 ) ) ;
#4193 = CARTESIAN_POINT ( 'NONE',  ( 212.3484265562397866, -189.5785810068790909, 1.023298831424435562 ) ) ;
#4194 = DIRECTION ( 'NONE',  ( -1.000000000000000000, 0.000000000000000000, 0.000000000000000000 ) ) ;
#4195 = EDGE_CURVE ( 'NONE', #4057, #4051, #3372, .T. ) ;
#4196 = CARTESIAN_POINT ( 'NONE',  ( 213.0432095851460872, -185.0383251441573691, 5.898605078857407591 ) ) ;
#4197 = CARTESIAN_POINT ( 'NONE',  ( -114.6167672451576891, 101.5668232539317728, 35.89177841174861072 ) ) ;
#4198 = VERTEX_POINT ( 'NONE', #7671 ) ;
#4199 = CARTESIAN_POINT ( 'NONE',  ( -207.2739887999472330, 182.1734023878137805, 10.43340337570449883 ) ) ;
#4200 = CARTESIAN_POINT ( 'NONE',  ( -214.4142588846507920, 187.7777507980429448, 1.097560591092232807 ) ) ;
#4201 = CARTESIAN_POINT ( 'NONE',  ( 47.19388071984650423, 41.07275212633696526, 46.86813133216259786 ) ) ;
#4202 = CARTESIAN_POINT ( 'NONE',  ( 150.5923561631607015, -134.5206647815360554, 28.58814177061024253 ) ) ;
#4203 = CARTESIAN_POINT ( 'NONE',  ( 54.51638535242279460, -47.98747884298128952, 45.71957113927705052 ) ) ;
#4204 = CARTESIAN_POINT ( 'NONE',  ( 203.5172237598065124, -181.3583382695123589, 11.73926499641107313 ) ) ;
#4205 = CARTESIAN_POINT ( 'NONE',  ( -212.2355543265995266, -191.6450203422040488, -0.000000000000000000 ) ) ;
#4206 = ORIENTED_EDGE ( 'NONE', *, *, #423, .T. ) ;
#4207 = CARTESIAN_POINT ( 'NONE',  ( 116.9458333333332263, 190.5000000000001705, 0.000000000000000000 ) ) ;
#4208 = CARTESIAN_POINT ( 'NONE',  ( -210.3315750337425811, 189.8025135580524818, 2.984445752440565869 ) ) ;
#4209 = CARTESIAN_POINT ( 'NONE',  ( -217.6933995768849286, 61.16564529449713916, -1.691355389077386917E-14 ) ) ;
#4210 = DIRECTION ( 'NONE',  ( 1.000000000000000000, -0.000000000000000000, -0.000000000000000000 ) ) ;
#4211 = ORIENTED_EDGE ( 'NONE', *, *, #5872, .T. ) ;
#4212 = CARTESIAN_POINT ( 'NONE',  ( -211.9554597972785928, 191.7448700567084359, 0.000000000000000000 ) ) ;
#4213 = CARTESIAN_POINT ( 'NONE',  ( 209.8162978572969450, -190.4999999999999716, -0.4257127542553629795 ) ) ;
#4214 = CARTESIAN_POINT ( 'NONE',  ( 187.6139287976766354, -163.1575317014821280, 19.42893628160205211 ) ) ;
#4215 = CARTESIAN_POINT ( 'NONE',  ( -208.8256032336061025, 190.2740071844768295, 1.919915479479308740 ) ) ;
#4216 = CARTESIAN_POINT ( 'NONE',  ( -182.1228757555434470, 161.8047618894692050, 20.67064254250592370 ) ) ;
#4217 = CARTESIAN_POINT ( 'NONE',  ( 4.351359444818969635, 34.73420301912810260, 50.00415228958341629 ) ) ;
#4218 = DIRECTION ( 'NONE',  ( 0.000000000000000000, 0.000000000000000000, 1.000000000000000000 ) ) ;
#4219 = CARTESIAN_POINT ( 'NONE',  ( -215.9000000000000341, 183.5000000000000000, -1.398547123386250313 ) ) ;
#4220 = CARTESIAN_POINT ( 'NONE',  ( 215.8984804119103558, 190.4993173918257128, 0.1580049316961210648 ) ) ;
#4221 = CARTESIAN_POINT ( 'NONE',  ( 208.8999945398690841, -190.4999868472182811, 0.01450105778876806945 ) ) ;
#4222 = CARTESIAN_POINT ( 'NONE',  ( 122.6094547923469946, -107.7217121538196523, 34.53706526008393496 ) ) ;
#4223 = CARTESIAN_POINT ( 'NONE',  ( -208.8999999999999773, -190.4999999999999432, -0.02511408429768355322 ) ) ;
#4224 = CARTESIAN_POINT ( 'NONE',  ( -202.8329778152773031, -182.5147201605645648, 11.10321118422979936 ) ) ;
#4225 = ORIENTED_EDGE ( 'NONE', *, *, #4771, .F. ) ;
#4226 = CARTESIAN_POINT ( 'NONE',  ( 141.1076646774702681, 122.9623458644505121, 31.07720163972289740 ) ) ;
#4227 = CARTESIAN_POINT ( 'NONE',  ( -209.8162978572970587, 190.5000000000000000, -9.771776180651828541E-05 ) ) ;
#4228 = CARTESIAN_POINT ( 'NONE',  ( 215.8669318322698700, -183.4996427880927570, 0.6948118022761429202 ) ) ;
#4229 = CARTESIAN_POINT ( 'NONE',  ( -182.7257150101428067, -161.2303408843359023, 20.96629942562859128 ) ) ;
#4230 = CARTESIAN_POINT ( 'NONE',  ( 208.1021924538088683, -188.7698814636144391, 5.216494235644889343 ) ) ;
#4231 = CARTESIAN_POINT ( 'NONE',  ( -121.6899216136607436, 108.7381618800648937, 34.40526261272106723 ) ) ;
#4232 = ORIENTED_EDGE ( 'NONE', *, *, #6447, .F. ) ;
#4233 = CARTESIAN_POINT ( 'NONE',  ( -210.9712602226114484, 182.2344639774684083, 8.319404171854230867 ) ) ;
#4234 = CARTESIAN_POINT ( 'NONE',  ( -215.0142834184936760, 187.0248409250297925, 0.1783029615543255397 ) ) ;
#4235 = CARTESIAN_POINT ( 'NONE',  ( 195.2983743289956635, 169.6053741741256715, 16.68764172775976817 ) ) ;
#4236 = CARTESIAN_POINT ( 'NONE',  ( 217.1205744980117913, 186.6059872439018648, 0.000000000000000000 ) ) ;
#4237 = CARTESIAN_POINT ( 'NONE',  ( 76.77370830305154925, -68.39349331925282627, 42.15520010791145467 ) ) ;
#4238 = CARTESIAN_POINT ( 'NONE',  ( 205.8432363872856286, -183.6149553770599425, 10.16388300308662807 ) ) ;
#4239 = CARTESIAN_POINT ( 'NONE',  ( -31.82214388158465113, 28.07859297631413753, 49.15967969092650947 ) ) ;
#4240 = CARTESIAN_POINT ( 'NONE',  ( -198.0510438222800076, 177.7608652353483194, 13.94442561981779249 ) ) ;
#4241 = CARTESIAN_POINT ( 'NONE',  ( -212.7523797587765557, 188.8083992597677536, 2.710338588578245389 ) ) ;
#4242 = LINE ( 'NONE', #5266, #5208 ) ;
#4243 = FACE_OUTER_BOUND ( 'NONE', #533, .T. ) ;
#4244 = CARTESIAN_POINT ( 'NONE',  ( -212.7576739027637984, 191.4156286400274496, 0.000000000000000000 ) ) ;
#4245 = CARTESIAN_POINT ( 'NONE',  ( 210.7322351905149560, -190.3178087366781881, -0.1825041619732894471 ) ) ;
#4246 = EDGE_CURVE ( 'NONE', #6467, #1258, #978, .T. ) ;
#4247 = CARTESIAN_POINT ( 'NONE',  ( 196.1288575559671017, -172.5624861917294197, 16.10433431262406501 ) ) ;
#4248 = CARTESIAN_POINT ( 'NONE',  ( -206.8515567974766611, 187.0050205528133631, 7.392118833356786212 ) ) ;
#4249 = CARTESIAN_POINT ( 'NONE',  ( -171.8826575376161543, 150.6633825125802559, 23.99581812742754039 ) ) ;
#4250 = AXIS2_PLACEMENT_3D ( 'NONE', #6287, #3847, #5734 ) ;
#4251 = CARTESIAN_POINT ( 'NONE',  ( -213.6030536489498672, 184.5145348613722831, 5.553136941213008271 ) ) ;
#4252 = CARTESIAN_POINT ( 'NONE',  ( -18.80581538527128416, 29.54602543708696416, 50.02530206496972198 ) ) ;
#4253 = CARTESIAN_POINT ( 'NONE',  ( -196.6134320942250611, -170.6899041764455376, 16.16252758018996261 ) ) ;
#4254 = CARTESIAN_POINT ( 'NONE',  ( 215.2918285959648586, 185.9150836354934881, 1.572841804819626876 ) ) ;
#4255 = CARTESIAN_POINT ( 'NONE',  ( 215.1027478939687398, 189.9796524779500828, 3.562666003981538321 ) ) ;
#4256 = CARTESIAN_POINT ( 'NONE',  ( 209.8162942969096036, -190.4999968691485321, 0.007534686393888091055 ) ) ;
#4257 = CARTESIAN_POINT ( 'NONE',  ( 145.4069694021858652, -127.4965840924203206, 30.12057147637059273 ) ) ;
#4258 = CARTESIAN_POINT ( 'NONE',  ( -208.8999999999999488, -190.4999999999999716, -0.001363282940074983084 ) ) ;
#4259 = CARTESIAN_POINT ( 'NONE',  ( 223.8999999999999488, 190.5000000000000568, 0.000000000000000000 ) ) ;
#4260 = AXIS2_PLACEMENT_3D ( 'NONE', #61, #3719, #1201 ) ;
#4261 = VERTEX_POINT ( 'NONE', #5189 ) ;
#4262 = CIRCLE ( 'NONE', #7401, 10.00000000000000000 ) ;
#4263 = CARTESIAN_POINT ( 'NONE',  ( 213.7337045933428499, 183.0409047750574416, 5.576470441344946849 ) ) ;
#4264 = CARTESIAN_POINT ( 'NONE',  ( -215.0164993272398419, 187.0253316435595536, 0.008797589781242396920 ) ) ;
#4265 = CARTESIAN_POINT ( 'NONE',  ( 212.3679048548045500, -189.5897866468439759, 0.8842638849634417708 ) ) ;
#4266 = CARTESIAN_POINT ( 'NONE',  ( -190.7694157650244335, -170.8737251516486140, 17.21459386294160154 ) ) ;
#4267 = CARTESIAN_POINT ( 'NONE',  ( 213.6941371940870340, -183.7527058669160169, 5.611125304975773886 ) ) ;
#4268 = CARTESIAN_POINT ( 'NONE',  ( -107.8050219167500501, 94.07641785225823128, 37.21772494353695748 ) ) ;
#4269 = VECTOR ( 'NONE', #763, 1000.000000000000000 ) ;
#4270 = ORIENTED_EDGE ( 'NONE', *, *, #3033, .T. ) ;
#4271 = CARTESIAN_POINT ( 'NONE',  ( -207.5023984601866687, 186.9750159987331699, 7.428299221388410700 ) ) ;
#4272 = DIRECTION ( 'NONE',  ( 0.000000000000000000, -1.000000000000000000, 0.000000000000000000 ) ) ;
#4273 = CARTESIAN_POINT ( 'NONE',  ( -215.8939781257594177, 184.4158858478988350, 0.3033730844712851371 ) ) ;
#4274 = CARTESIAN_POINT ( 'NONE',  ( 130.6373794838498554, 113.8216484439634826, 33.11096198000809210 ) ) ;
#4275 = CARTESIAN_POINT ( 'NONE',  ( 198.6388095237982441, -178.3301046243322503, 13.63801786063952370 ) ) ;
#4276 = CARTESIAN_POINT ( 'NONE',  ( 50.84322251183382946, -44.54404965873202826, 46.29797102181217383 ) ) ;
#4277 = CARTESIAN_POINT ( 'NONE',  ( 207.6040082140765435, -181.7763915054026427, 10.41312714774162451 ) ) ;
#4278 = DIRECTION ( 'NONE',  ( 0.0007836450530429564434, -0.9999996929501684395, 0.000000000000000000 ) ) ;
#4279 = CARTESIAN_POINT ( 'NONE',  ( -217.4577427260396405, -185.4974933970318034, -0.000000000000000000 ) ) ;
#4280 = CARTESIAN_POINT ( 'NONE',  ( -1.520116637987462216, -42.71956850148509233, 48.19311429360357835 ) ) ;
#4281 = CARTESIAN_POINT ( 'NONE',  ( -202.5880495573410656, 180.4699586103731974, 12.31671383564687083 ) ) ;
#4282 = CARTESIAN_POINT ( 'NONE',  ( 6.061428101636670007, -42.34143859314565361, 48.22537874385287182 ) ) ;
#4283 = CARTESIAN_POINT ( 'NONE',  ( -212.2488842829997679, 189.5115710823288282, 1.621404665214222662 ) ) ;
#4284 = CARTESIAN_POINT ( 'NONE',  ( 215.8999999999999204, 190.5000000000000568, 85.00000000000000000 ) ) ;
#4285 = DIRECTION ( 'NONE',  ( 0.000000000000000000, 0.000000000000000000, 1.000000000000000000 ) ) ;
#4286 = ORIENTED_EDGE ( 'NONE', *, *, #6827, .F. ) ;
#4287 = CARTESIAN_POINT ( 'NONE',  ( -217.1170837966100464, 186.6150451909549872, 0.000000000000000000 ) ) ;
#4288 = CARTESIAN_POINT ( 'NONE',  ( 215.8999999999999488, -183.4999999999999716, -0.1825041619732894471 ) ) ;
#4289 = CARTESIAN_POINT ( 'NONE',  ( 193.7729072607040450, -171.4105743736549243, 16.84697481024021570 ) ) ;
#4290 = EDGE_CURVE ( 'NONE', #4534, #4198, #4608, .T. ) ;
#4291 = CARTESIAN_POINT ( 'NONE',  ( -116.4363594867540570, 104.0575981209227052, 35.39429357709187229 ) ) ;
#4292 = CARTESIAN_POINT ( 'NONE',  ( -181.7381414343942652, 162.2026340272312552, 20.55957307982806981 ) ) ;
#4293 = CARTESIAN_POINT ( 'NONE',  ( -209.7664171179482651, 188.9355230334424505, 4.784222416138759648 ) ) ;
#4294 = CARTESIAN_POINT ( 'NONE',  ( 196.6134321806151206, -170.6899041375862964, 16.16252754579359063 ) ) ;
#4295 = CARTESIAN_POINT ( 'NONE',  ( -211.1671471587157498, -181.7123256833066023, 8.161044738173325541 ) ) ;
#4296 = CARTESIAN_POINT ( 'NONE',  ( -208.8460604039523503, 190.3381654394181624, 1.603115278390417453 ) ) ;
#4297 = CARTESIAN_POINT ( 'NONE',  ( 215.7676560778769499, 190.4379832974636599, 1.444804171913279589 ) ) ;
#4298 = CARTESIAN_POINT ( 'NONE',  ( 215.8997907988563156, -184.4162831154537514, 0.05738176443173460817 ) ) ;
#4299 = CARTESIAN_POINT ( 'NONE',  ( 164.7606380580330665, -143.5318296456292728, 25.84007873959974688 ) ) ;
#4300 = CARTESIAN_POINT ( 'NONE',  ( -208.9000000000000625, -190.4999999999999432, -0.004846733805790911197 ) ) ;
#4301 = DIRECTION ( 'NONE',  ( 1.000000000000000000, 0.000000000000000000, 0.000000000000000000 ) ) ;
#4302 = ORIENTED_EDGE ( 'NONE', *, *, #4100, .T. ) ;
#4303 = CARTESIAN_POINT ( 'NONE',  ( -9.677557039664058891, -33.72437613773610110, 58.08719434172948581 ) ) ;
#4304 = DIRECTION ( 'NONE',  ( -1.000000000000000000, 0.000000000000000000, 0.000000000000000000 ) ) ;
#4305 = CARTESIAN_POINT ( 'NONE',  ( -215.0165047184798368, 187.0253328625962865, 6.062116545665215096E-05 ) ) ;
#4306 = CARTESIAN_POINT ( 'NONE',  ( 213.8284111970068011, -188.4430500790375618, 0.5487184704663051749 ) ) ;
#4307 = CARTESIAN_POINT ( 'NONE',  ( -205.9917066243971817, -185.9566673774160961, 8.416978383777339090 ) ) ;
#4308 = DIRECTION ( 'NONE',  ( 0.000000000000000000, -1.000000000000000000, 0.000000000000000000 ) ) ;
#4309 = CARTESIAN_POINT ( 'NONE',  ( 212.0580665036030155, -186.1184093574002816, 6.247966821419259631 ) ) ;
#4310 = CARTESIAN_POINT ( 'NONE',  ( -122.9488912742283162, 107.3320906436093765, 34.51647540280339399 ) ) ;
#4311 = CARTESIAN_POINT ( 'NONE',  ( -208.1593865647209896, 185.1737819869259454, 8.720146183610051338 ) ) ;
#4312 = FACE_OUTER_BOUND ( 'NONE', #7691, .T. ) ;
#4313 = CARTESIAN_POINT ( 'NONE',  ( -215.8908870221900429, 184.4156760475001420, 0.3652604302662728619 ) ) ;
#4314 = CARTESIAN_POINT ( 'NONE',  ( 179.6901964756110885, 160.7040626097077904, 21.06429756241852402 ) ) ;
#4315 = CARTESIAN_POINT ( 'NONE',  ( 173.1630904099403665, -154.7859985777660086, 23.00817875429227755 ) ) ;
#4316 = CARTESIAN_POINT ( 'NONE',  ( 76.61041493218357346, -68.57368218072224408, 42.12425283020848354 ) ) ;
#4317 = CARTESIAN_POINT ( 'NONE',  ( 205.4707942240300440, -183.9442607152492144, 10.03499457806160500 ) ) ;
#4318 = CARTESIAN_POINT ( 'NONE',  ( 26.17504677236993516, -23.23671591229982170, 50.00190764222935513 ) ) ;
#4319 = CARTESIAN_POINT ( 'NONE',  ( -39.56873644679586022, 34.50582976636395216, 48.01698723063218921 ) ) ;
#4320 = CARTESIAN_POINT ( 'NONE',  ( -202.6505152298314840, 176.5831911192863117, 13.42019949260694212 ) ) ;
#4321 = CARTESIAN_POINT ( 'NONE',  ( 5.303053530244987712, -42.43189113909535592, 48.21768755208991308 ) ) ;
#4322 = CARTESIAN_POINT ( 'NONE',  ( -215.4746999988483083, 184.3604255941585848, 2.483284510066696704 ) ) ;
#4323 = CARTESIAN_POINT ( 'NONE',  ( 215.7297910833217145, 174.1634457485210703, 1.576068851222153233 ) ) ;
#4324 = DIRECTION ( 'NONE',  ( 1.000000000000000000, -0.000000000000000000, -0.000000000000000000 ) ) ;
#4325 = CARTESIAN_POINT ( 'NONE',  ( 25.98792475563364590, 23.44414141945754082, 58.92519608697404010 ) ) ;
#4326 = CARTESIAN_POINT ( 'NONE',  ( 210.7322351905149276, -190.3178087366781881, -1.398547123383684143 ) ) ;
#4327 = CARTESIAN_POINT ( 'NONE',  ( 194.2288670792045764, -170.9077358768838053, 16.88249975753281618 ) ) ;
#4328 = CARTESIAN_POINT ( 'NONE',  ( -207.7013429393583692, 188.1473905411348824, 6.085235116931904997 ) ) ;
#4329 = CARTESIAN_POINT ( 'NONE',  ( -180.9939962910062548, 159.3217765594071409, 21.35023102644069581 ) ) ;
#4330 = CARTESIAN_POINT ( 'NONE',  ( -212.5256239092076100, 187.4863761484583904, 4.728630168161047642 ) ) ;
#4331 = CARTESIAN_POINT ( 'NONE',  ( 33.46421275540090789, 10.26752364078920010, 58.63622897976534887 ) ) ;
#4332 = CARTESIAN_POINT ( 'NONE',  ( -212.0529612825527011, -182.2256708827004275, 7.374694000196888588 ) ) ;
#4333 = CARTESIAN_POINT ( 'NONE',  ( 217.6262257813872623, 184.6523226538224094, 0.000000000000000000 ) ) ;
#4334 = CARTESIAN_POINT ( 'NONE',  ( 215.8999987616533360, 190.4999994385744913, 0.0006664787794082187083 ) ) ;
#4335 = CARTESIAN_POINT ( 'NONE',  ( 215.3670756384526896, -186.1787697857545254, 0.03509534943053202460 ) ) ;
#4336 = CARTESIAN_POINT ( 'NONE',  ( 156.0310387145100890, -138.2440448970693581, 27.62730428852336217 ) ) ;
#4337 = CARTESIAN_POINT ( 'NONE',  ( -215.9000000000000909, -190.4999999999998010, -0.009913571428843321459 ) ) ;
#4338 = CARTESIAN_POINT ( 'NONE',  ( -208.7984426383690391, -190.1908339259569516, 2.234785831909539944 ) ) ;
#4339 = ORIENTED_EDGE ( 'NONE', *, *, #6340, .F. ) ;
#4340 = ORIENTED_EDGE ( 'NONE', *, *, #4629, .F. ) ;
#4341 = CARTESIAN_POINT ( 'NONE',  ( 33.01262735031735929, -28.90003036334088193, 48.99633025722246771 ) ) ;
#4342 = CARTESIAN_POINT ( 'NONE',  ( -213.2018270398244226, 189.0976678967872715, -9.771776180651828541E-05 ) ) ;
#4343 = CIRCLE ( 'NONE', #2809, 2.000000000000000000 ) ;
#4344 = CARTESIAN_POINT ( 'NONE',  ( 214.3864428721857109, -187.7677915040518712, 1.259183885246210277 ) ) ;
#4345 = CARTESIAN_POINT ( 'NONE',  ( -202.1282408871380767, -175.1511423178569089, 13.72692334166469408 ) ) ;
#4346 = CARTESIAN_POINT ( 'NONE',  ( -215.4993003553868789, -185.2712993895098634, 1.572977987572571568 ) ) ;
#4347 = EDGE_CURVE ( 'NONE', #3349, #3918, #6647, .T. ) ;
#4348 = CARTESIAN_POINT ( 'NONE',  ( 209.3909659841023654, -188.4068321344844890, 5.593395146265311091 ) ) ;
#4349 = CARTESIAN_POINT ( 'NONE',  ( -130.1655840325264819, 114.3664545635664354, 33.15317340560200421 ) ) ;
#4350 = CARTESIAN_POINT ( 'NONE',  ( -211.2176349412631851, 181.7392463197851384, 8.111881740397825169 ) ) ;
#4351 = CARTESIAN_POINT ( 'NONE',  ( -29.01692213756443195, 19.68062760766506969, 58.84330784210366971 ) ) ;
#4352 = CARTESIAN_POINT ( 'NONE',  ( -215.3610059041306215, 186.1777330324071897, 0.3044848950228375983 ) ) ;
#4353 = CARTESIAN_POINT ( 'NONE',  ( 136.7103823442333521, 122.1216018340001739, 31.54509072237041778 ) ) ;
#4354 = CARTESIAN_POINT ( 'NONE',  ( 184.2911570637098180, -164.9007846124557091, 19.57586009744614586 ) ) ;
#4355 = CARTESIAN_POINT ( 'NONE',  ( 50.63309719593554092, -44.78327415779783394, 46.29471978012655597 ) ) ;
#4356 = CARTESIAN_POINT ( 'NONE',  ( 207.3922125515545929, -180.9636394467782168, 10.67773076142322708 ) ) ;
#4357 = CARTESIAN_POINT ( 'NONE',  ( -46.91279218863803635, 41.39451026686037949, 46.87222959355256791 ) ) ;
#4358 = CARTESIAN_POINT ( 'NONE',  ( -200.1632630798976038, 173.5767039565800189, 14.63235396530077992 ) ) ;
#4359 = CARTESIAN_POINT ( 'NONE',  ( -208.8796578630951331, 190.4436082004102389, 0.9475570312142893581 ) ) ;
#4360 = CARTESIAN_POINT ( 'NONE',  ( 215.7295248984669627, -179.9621532663650783, 1.575215113382912424 ) ) ;
#4361 = DIRECTION ( 'NONE',  ( 0.000000000000000000, -0.000000000000000000, -1.000000000000000000 ) ) ;
#4362 = CARTESIAN_POINT ( 'NONE',  ( -26.41788384992439376, 22.95855859787161890, 58.93158553443242198 ) ) ;
#4363 = CARTESIAN_POINT ( 'NONE',  ( -29.56566753616035470, -18.76042306429142670, 58.82043503693926567 ) ) ;
#4364 = CARTESIAN_POINT ( 'NONE',  ( 195.3331521762930549, -175.1599738284072600, 15.26343373410092497 ) ) ;
#4365 = DIRECTION ( 'NONE',  ( 0.000000000000000000, 1.000000000000000000, 0.000000000000000000 ) ) ;
#4366 = CARTESIAN_POINT ( 'NONE',  ( -189.3428779526217340, 165.0129021755631982, 18.84912570935230036 ) ) ;
#4367 = CARTESIAN_POINT ( 'NONE',  ( -211.7762547846961922, 187.8616129150016434, 5.042812956314349115 ) ) ;
#4368 = CARTESIAN_POINT ( 'NONE',  ( 215.5722117974846412, -183.4907493359046100, 2.200685460775444469 ) ) ;
#4369 = CARTESIAN_POINT ( 'NONE',  ( -214.4740827351859025, -183.2992002075457094, 4.546950175669472571 ) ) ;
#4370 = CARTESIAN_POINT ( 'NONE',  ( 215.8613736629155540, 188.8641164030753430, 0.000000000000000000 ) ) ;
#4371 = CARTESIAN_POINT ( 'NONE',  ( 215.8999999999998067, 190.5000000000000568, -0.002946669698753544026 ) ) ;
#4372 = CARTESIAN_POINT ( 'NONE',  ( 213.2018193735566456, -189.0976649717044324, 0.01062638050901768688 ) ) ;
#4373 = CARTESIAN_POINT ( 'NONE',  ( 156.1764537042153620, -138.0843558603575900, 27.64785709860944962 ) ) ;
#4374 = PLANE ( 'NONE',  #3631 ) ;
#4375 = VERTEX_POINT ( 'NONE', #1912 ) ;
#4376 = EDGE_LOOP ( 'NONE', ( #602, #4418, #6099, #527 ) ) ;
#4377 = CARTESIAN_POINT ( 'NONE',  ( 215.8999999999998636, 190.5000000000000284, 0.000000000000000000 ) ) ;
#4378 = CARTESIAN_POINT ( 'NONE',  ( -211.5787812842694677, 189.9671553146517624, 0.005933511416666174473 ) ) ;
#4379 = AXIS2_PLACEMENT_3D ( 'NONE', #2144, #6247, #923 ) ;
#4380 = CARTESIAN_POINT ( 'NONE',  ( 213.1989372472027640, -189.0965899257301146, 0.2029709459498624802 ) ) ;
#4381 = CARTESIAN_POINT ( 'NONE',  ( -198.0508377675132294, -177.7606659751853897, 13.94453183860772683 ) ) ;
#4382 = DIRECTION ( 'NONE',  ( -0.000000000000000000, -0.000000000000000000, -1.000000000000000000 ) ) ;
#4383 = CARTESIAN_POINT ( 'NONE',  ( 211.6807647019870160, -187.7661841327036996, 5.209462735672048872 ) ) ;
#4384 = EDGE_CURVE ( 'NONE', #509, #5095, #3889, .T. ) ;
#4385 = CARTESIAN_POINT ( 'NONE',  ( -144.2088756622477206, 128.8178401122346486, 29.95889040543454840 ) ) ;
#4386 = CARTESIAN_POINT ( 'NONE',  ( -210.4760449289316853, 184.8437147599668151, 7.933437972536058425 ) ) ;
#4387 = EDGE_CURVE ( 'NONE', #4893, #4517, #343, .T. ) ;
#4388 = CARTESIAN_POINT ( 'NONE',  ( 214.6897580439629110, -187.1289231031809948, 1.573246522574884843 ) ) ;
#4389 = CARTESIAN_POINT ( 'NONE',  ( -209.8155326603819049, 190.4993429244800893, 0.1099753879136593920 ) ) ;
#4390 = CARTESIAN_POINT ( 'NONE',  ( 159.1908030232483497, 142.2184811642935358, 26.61088730229486998 ) ) ;
#4391 = CARTESIAN_POINT ( 'NONE',  ( 206.8515567974765759, -187.0050205528133063, 7.392118833356796870 ) ) ;
#4392 = CARTESIAN_POINT ( 'NONE',  ( 107.8050219167499506, -94.07641785225825970, 37.21772494353695748 ) ) ;
#4393 = CIRCLE ( 'NONE', #2366, 12.50000000000001066 ) ;
#4394 = CARTESIAN_POINT ( 'NONE',  ( 207.7876052260521931, -182.6063400239351893, 10.07419172735681379 ) ) ;
#4395 = CARTESIAN_POINT ( 'NONE',  ( -50.42201665331506177, 45.02103483358663993, 46.27676415369287355 ) ) ;
#4396 = ORIENTED_EDGE ( 'NONE', *, *, #4152, .F. ) ;
#4397 = CARTESIAN_POINT ( 'NONE',  ( -201.8648953063421629, 177.5401877694958443, 13.52405329187033267 ) ) ;
#4398 = CIRCLE ( 'NONE', #985, 10.00000000000000000 ) ;
#4399 = CARTESIAN_POINT ( 'NONE',  ( -211.3920171794869134, 189.8265026979699996, 1.737150513155805154 ) ) ;
#4400 = CARTESIAN_POINT ( 'NONE',  ( 215.7336902196534254, 52.33118691741932338, 1.588477724152100867 ) ) ;
#4401 = CARTESIAN_POINT ( 'NONE',  ( -15.31791585181004045, 31.47596029149728736, 58.32843540850684860 ) ) ;
#4402 = ORIENTED_EDGE ( 'NONE', *, *, #5439, .F. ) ;
#4403 = CARTESIAN_POINT ( 'NONE',  ( -215.3293428947338271, 186.6892712781979640, -1.534103604454391584E-12 ) ) ;
#4404 = CARTESIAN_POINT ( 'NONE',  ( 210.7322351905149276, -190.3178087366781881, -1.074269000340911884 ) ) ;
#4405 = CARTESIAN_POINT ( 'NONE',  ( 196.5916374544284224, -173.9260754745555744, 15.67686827181108455 ) ) ;
#4406 = CYLINDRICAL_SURFACE ( 'NONE', #2110, 35.00000000000000711 ) ;
#4407 = CARTESIAN_POINT ( 'NONE',  ( -187.7236923380689291, 166.8409759976813973, 18.82050942430226215 ) ) ;
#4408 = CARTESIAN_POINT ( 'NONE',  ( -210.4594507658997600, 188.6415543460576885, 4.845705912640730695 ) ) ;
#4409 = CARTESIAN_POINT ( 'NONE',  ( 211.2146158517626304, -189.6254306266895924, 2.595406178227306349 ) ) ;
#4410 = CARTESIAN_POINT ( 'NONE',  ( 210.8999999999999773, 150.0000000000000000, 50.00000000000000000 ) ) ;
#4411 = CARTESIAN_POINT ( 'NONE',  ( -185.1892582596913996, -161.0993273384340227, 20.21187079566510292 ) ) ;
#4412 = CARTESIAN_POINT ( 'NONE',  ( 211.2791623624496253, 189.9081967516015084, 1.583326624296244933 ) ) ;
#4413 = CARTESIAN_POINT ( 'NONE',  ( 215.8998214485494316, 190.4999192166346802, 0.05345644533327394837 ) ) ;
#4414 = CARTESIAN_POINT ( 'NONE',  ( 215.7177986230284432, -185.3322339037472943, 0.01273517067806649236 ) ) ;
#4415 = CARTESIAN_POINT ( 'NONE',  ( 167.3059540587069023, -148.2488658092548235, 24.91542091805600734 ) ) ;
#4416 = CARTESIAN_POINT ( 'NONE',  ( -214.4740827761201842, 183.2992002030405843, 4.546950112129880317 ) ) ;
#4417 = ORIENTED_EDGE ( 'NONE', *, *, #3453, .T. ) ;
#4418 = ORIENTED_EDGE ( 'NONE', *, *, #4110, .T. ) ;
#4419 = FACE_OUTER_BOUND ( 'NONE', #5896, .T. ) ;
#4420 = CARTESIAN_POINT ( 'NONE',  ( -215.3671567275790437, 186.1787840265556326, -0.06089986583242601448 ) ) ;
#4421 = CARTESIAN_POINT ( 'NONE',  ( 208.8993420627735134, -190.4984396023702686, 0.1631637859594809448 ) ) ;
#4422 = CARTESIAN_POINT ( 'NONE',  ( -214.2329375845645245, -189.2235555892227410, 5.136745463285858015 ) ) ;
#4423 = FILL_AREA_STYLE_COLOUR ( '', #3242 ) ;
#4424 = CARTESIAN_POINT ( 'NONE',  ( 209.3315519045012536, -189.6118394442626993, 3.769096519104066623 ) ) ;
#4425 = CARTESIAN_POINT ( 'NONE',  ( -129.9258725126175875, 114.6363965468739678, 33.14325678129341668 ) ) ;
#4426 = CARTESIAN_POINT ( 'NONE',  ( -208.6762630333576851, 187.4844416525218094, 6.767367321064540420 ) ) ;
#4427 = EDGE_CURVE ( 'NONE', #4375, #3608, #7654, .T. ) ;
#4428 = CARTESIAN_POINT ( 'NONE',  ( -19.57675262263143523, -29.03836849387255015, 58.54910581796787028 ) ) ;
#4429 = CARTESIAN_POINT ( 'NONE',  ( -209.8162543335903933, 190.4999619340258619, 0.02649851936345816797 ) ) ;
#4430 = CARTESIAN_POINT ( 'NONE',  ( 207.2259755849168812, 187.4940699056740243, 6.857187860074548169 ) ) ;
#4431 = CARTESIAN_POINT ( 'NONE',  ( 209.6744896617602762, -190.2849108646539946, 1.892493414326797962 ) ) ;
#4432 = CARTESIAN_POINT ( 'NONE',  ( 211.8915753176097496, 189.6453896511910102, 1.580521357163062968 ) ) ;
#4433 = CARTESIAN_POINT ( 'NONE',  ( 106.7668380443435581, -95.24241803324213151, 37.15037066410203437 ) ) ;
#4434 = CARTESIAN_POINT ( 'NONE',  ( 210.3934627352657571, -182.5338533214780909, 8.693563007549686361 ) ) ;
#4435 = CARTESIAN_POINT ( 'NONE',  ( -35.43937404294919702, 31.58485863395361193, 48.58457753762426279 ) ) ;
#4436 = CARTESIAN_POINT ( 'NONE',  ( -204.7859286367294089, 180.0534897782421808, 11.96582822654581157 ) ) ;
#4437 = CARTESIAN_POINT ( 'NONE',  ( -208.8609159459749662, 190.3850128019588510, 1.351966581577696669 ) ) ;
#4438 = CARTESIAN_POINT ( 'NONE',  ( -225.8999999999999204, -150.0000000000000000, 62.50000000000001421 ) ) ;
#4439 = CARTESIAN_POINT ( 'NONE',  ( 25.98792475563364590, 23.44414141945754082, 58.92519608697404010 ) ) ;
#4440 = CARTESIAN_POINT ( 'NONE',  ( -217.6262127638386801, 184.6558125624479203, 0.000000000000000000 ) ) ;
#4441 = CARTESIAN_POINT ( 'NONE',  ( -215.8999999999999204, 150.0000000000000000, 50.00000000000000000 ) ) ;
#4442 = CARTESIAN_POINT ( 'NONE',  ( 202.5428706618679939, -178.6885382785784486, 13.01920136410533679 ) ) ;
#4443 = CARTESIAN_POINT ( 'NONE',  ( -215.8999999999999204, 190.5000000000000853, 0.000000000000000000 ) ) ;
#4444 = EDGE_CURVE ( 'NONE', #7514, #4833, #3015, .T. ) ;
#4445 = CARTESIAN_POINT ( 'NONE',  ( -191.2225199059210752, 170.4377001663934834, 17.40091737556888063 ) ) ;
#4446 = CARTESIAN_POINT ( 'NONE',  ( -213.1905761145291933, 186.0150398919193435, 5.316999955203312922 ) ) ;
#4447 = CARTESIAN_POINT ( 'NONE',  ( 215.0898490237004523, -183.4328363594216853, 3.414357718705316902 ) ) ;
#4448 = CARTESIAN_POINT ( 'NONE',  ( 32.05582382108956807, 14.20499185849971546, 58.71056696534360242 ) ) ;
#4449 = CARTESIAN_POINT ( 'NONE',  ( 211.0572503344932045, -189.9866763781581653, 1.584486538096928632 ) ) ;
#4450 = CARTESIAN_POINT ( 'NONE',  ( 213.0513141479187027, 188.9425098674944081, 1.576492087954172172 ) ) ;
#4451 = CARTESIAN_POINT ( 'NONE',  ( 208.8999983254163340, 190.4999959592369692, 0.008138028325683709444 ) ) ;
#4452 = CARTESIAN_POINT ( 'NONE',  ( 212.4253264087198829, -189.6165018365530841, 0.009628950178100162058 ) ) ;
#4453 = CARTESIAN_POINT ( 'NONE',  ( 167.9431108057946744, -147.5396119915105828, 24.96302944492038733 ) ) ;
#4454 = CARTESIAN_POINT ( 'NONE',  ( -187.9530281940366194, -168.2659350352222418, 18.28511178269356563 ) ) ;
#4455 = ORIENTED_EDGE ( 'NONE', *, *, #4195, .T. ) ;
#4456 = CARTESIAN_POINT ( 'NONE',  ( 33.10462251030273251, 11.37441825936196338, 50.00752136224880928 ) ) ;
#4457 = CARTESIAN_POINT ( 'NONE',  ( -211.5787840265557236, 189.9671567275790096, -0.1419693965932708468 ) ) ;
#4458 = CARTESIAN_POINT ( 'NONE',  ( 210.7266003181526628, -190.3143347854060892, 0.2771692275600228794 ) ) ;
#4459 = CARTESIAN_POINT ( 'NONE',  ( -213.0339404324253394, -182.7264403152630052, 6.374974414030742054 ) ) ;
#4460 =( NAMED_UNIT ( * ) PLANE_ANGLE_UNIT ( ) SI_UNIT ( $, .RADIAN. ) );
#4461 = CARTESIAN_POINT ( 'NONE',  ( 209.2766614888252548, -189.5128116784407268, 3.965252862592413940 ) ) ;
#4462 = CARTESIAN_POINT ( 'NONE',  ( -151.7047220791294535, 135.5150950777380103, 28.34209681965579009 ) ) ;
#4463 = CARTESIAN_POINT ( 'NONE',  ( -208.2564024209868023, 187.9440679724505117, 6.341984017525176043 ) ) ;
#4464 = CARTESIAN_POINT ( 'NONE',  ( 208.8445242774670589, 192.2983899599432220, 0.000000000000000000 ) ) ;
#4465 = CARTESIAN_POINT ( 'NONE',  ( -215.0156075168195571, 187.0251326312963158, 0.1173207926878280516 ) ) ;
#4466 = CARTESIAN_POINT ( 'NONE',  ( 214.4654160993583218, 183.2872175591666348, 4.533433562882534851 ) ) ;
#4467 = CARTESIAN_POINT ( 'NONE',  ( 212.7523797587762999, -188.8083992597675831, 2.710338588578748098 ) ) ;
#4468 = CARTESIAN_POINT ( 'NONE',  ( -44.97916666666671404, -190.5000000000000000, 0.000000000000000000 ) ) ;
#4469 = CARTESIAN_POINT ( 'NONE',  ( 77.50364546926459752, -67.56838083348378632, 42.18453722289564212 ) ) ;
#4470 = B_SPLINE_CURVE_WITH_KNOTS ( 'NONE', 3,
 ( #3354, #3203, #1510, #6236, #834, #6278, #2093, #4401, #6787, #5650, #246, #4554, #2645, #5759, #5063, #5686, #5175, #3281, #1983, #6198, #1394, #876, #317, #281, #2022, #6905, #2682, #7498, #6313, #208, #2606, #4439 ),
 .UNSPECIFIED., .F., .F.,
 ( 4, 2, 2, 2, 2, 2, 2, 2, 2, 2, 2, 2, 2, 2, 2, 4 ),
 ( 0.000000000000000000, 0.007298532915215917745, 0.01094779937282387879, 0.01277243260162786234, 0.01459706583043184763, 0.02189559874564780267, 0.02372023197445179490, 0.02554486520325578713, 0.02919413166086377506, 0.03284339811847175605, 0.03649266457607974051, 0.04379119749129570249, 0.04561583072009969819, 0.04744046394890368001, 0.05108973040651165753, 0.05838826332172759870 ),
 .UNSPECIFIED. ) ;
#4471 = CARTESIAN_POINT ( 'NONE',  ( 211.5055228498198687, -181.9107117621770158, 7.864920163388614327 ) ) ;
#4472 = CARTESIAN_POINT ( 'NONE',  ( -39.30000710038115841, 34.81328557168568238, 48.01709515024109010 ) ) ;
#4473 = VERTEX_POINT ( 'NONE', #5462 ) ;
#4474 = CARTESIAN_POINT ( 'NONE',  ( -207.1758204079933705, 180.1721997243276405, 10.92988493882779899 ) ) ;
#4475 = CARTESIAN_POINT ( 'NONE',  ( -211.4711716910448445, 189.8976537033452701, 1.250877971108409481 ) ) ;
#4476 = CARTESIAN_POINT ( 'NONE',  ( 154.3722260075678889, 137.9017335169159253, 27.73932318846956946 ) ) ;
#4477 = DIRECTION ( 'NONE',  ( 1.000000000000000000, -0.000000000000000000, -0.000000000000000000 ) ) ;
#4478 = CARTESIAN_POINT ( 'NONE',  ( -208.8445242774670305, -192.2983899599431368, 0.000000000000000000 ) ) ;
#4479 = CARTESIAN_POINT ( 'NONE',  ( 212.4253328625962354, -189.6165047184798027, -0.7499908772981371818 ) ) ;
#4480 = CARTESIAN_POINT ( 'NONE',  ( 202.1284679459112397, -175.1513221902486919, 13.72681405687730560 ) ) ;
#4481 = CARTESIAN_POINT ( 'NONE',  ( -225.8999999999999204, 190.5000000000000853, 85.00000000000000000 ) ) ;
#4482 = CARTESIAN_POINT ( 'NONE',  ( -193.5406389871208148, 171.6564265827171880, 16.80548389583232094 ) ) ;
#4483 = ADVANCED_FACE ( 'NONE', ( #7275 ), #6868, .T. ) ;
#4484 = CARTESIAN_POINT ( 'NONE',  ( -214.9885370033928496, 184.2395015736152288, 3.625268643603090979 ) ) ;
#4485 = CARTESIAN_POINT ( 'NONE',  ( 214.1036764469868388, -186.6031798642814294, 3.753053948749560664 ) ) ;
#4486 = EDGE_CURVE ( 'NONE', #736, #4261, #4393, .T. ) ;
#4487 = CARTESIAN_POINT ( 'NONE',  ( -35.00000000000000711, 0.000000000000000000, 70.00000000000000000 ) ) ;
#4488 = DIRECTION ( 'NONE',  ( 0.000000000000000000, 0.000000000000000000, 1.000000000000000000 ) ) ;
#4489 = CARTESIAN_POINT ( 'NONE',  ( 215.8999437036396216, 190.4999744808493745, 0.02992559553551121798 ) ) ;
#4490 = CARTESIAN_POINT ( 'NONE',  ( 215.8999829243549300, -184.4162966458794415, 0.01625844129329433174 ) ) ;
#4491 = CARTESIAN_POINT ( 'NONE',  ( 175.1589100043998712, -154.5414622568823404, 22.98647532874327482 ) ) ;
#4492 = CARTESIAN_POINT ( 'NONE',  ( -213.3310860316527737, 182.8700510556680570, 6.055689856501552448 ) ) ;
#4493 = ORIENTED_EDGE ( 'NONE', *, *, #6207, .F. ) ;
#4494 = ORIENTED_EDGE ( 'NONE', *, *, #2978, .F. ) ;
#4495 = CARTESIAN_POINT ( 'NONE',  ( 39.88992869597601043, 17.84025535088391834, 48.80743007669856581 ) ) ;
#4496 = CARTESIAN_POINT ( 'NONE',  ( -215.9000000000000625, 184.4162978572970246, -0.1014346312128484584 ) ) ;
#4497 = CARTESIAN_POINT ( 'NONE',  ( 209.8155326603817912, -190.4993429244800325, 0.1099753879141825291 ) ) ;
#4498 = CARTESIAN_POINT ( 'NONE',  ( -215.4771934888966598, -183.4827060690782332, 2.476022469254708369 ) ) ;
#4499 = DIRECTION ( 'NONE',  ( 1.000000000000000000, -0.000000000000000000, -0.000000000000000000 ) ) ;
#4500 = CIRCLE ( 'NONE', #1739, 2.000000000000004885 ) ;
#4501 = CARTESIAN_POINT ( 'NONE',  ( 212.8400511549943701, -186.7303936906369302, 5.172723231279390710 ) ) ;
#4502 = CARTESIAN_POINT ( 'NONE',  ( -166.8223605735649073, 148.7633499799933929, 24.79631674171946543 ) ) ;
#4503 = CARTESIAN_POINT ( 'NONE',  ( -211.2271083956008226, 185.4539282793884638, 7.192152435596153026 ) ) ;
#4504 = CIRCLE ( 'NONE', #1101, 10.00000000000000888 ) ;
#4505 = CARTESIAN_POINT ( 'NONE',  ( -32.55411879327087377, 12.86562025061528480, 50.00836628440263354 ) ) ;
#4506 = CARTESIAN_POINT ( 'NONE',  ( -212.4249882542093530, 189.6163523759690861, 0.06705479157551591518 ) ) ;
#4507 = CARTESIAN_POINT ( 'NONE',  ( 212.9709663177726497, -188.9766146087794709, 1.854486311372401941 ) ) ;
#4508 = CYLINDRICAL_SURFACE ( 'NONE', #112, 12.50000000000000355 ) ;
#4509 =( BOUNDED_SURFACE ( )  B_SPLINE_SURFACE ( 3, 2, ( 
 ( #6620, #1855, #4686 ),
 ( #1003, #5446, #3489 ),
 ( #1680, #4090, #50 ),
 ( #7037, #6071, #6036 ) ),
 .UNSPECIFIED., .F., .F., .F. ) 
 B_SPLINE_SURFACE_WITH_KNOTS ( ( 4, 4 ),
 ( 3, 3 ),
 ( 1.096778917686336285E-15, 0.0008339125438396892322 ),
 ( 0.000000000000000000, 1.000000000000000000 ),
 .UNSPECIFIED. ) 
 GEOMETRIC_REPRESENTATION_ITEM ( )  RATIONAL_B_SPLINE_SURFACE ( (
 ( 1.000000000000000000, 0.7458199749324211369, 1.000000000000000000),
 ( 1.000000000000000000, 0.7457861983413537343, 1.000000000000000000),
 ( 1.000000000000000000, 0.7458367426819967339, 1.000000000000000000),
 ( 1.000000000000000000, 0.7459714310479191868, 1.000000000000000000) ) ) 
 REPRESENTATION_ITEM ( '' )  SURFACE ( )  );
#4510 = CARTESIAN_POINT ( 'NONE',  ( 210.6763753062442959, -182.7295375755672922, 8.469517842249979722 ) ) ;
#4511 = CARTESIAN_POINT ( 'NONE',  ( -77.34253330028236917, 67.75298778076972894, 42.19186039051173509 ) ) ;
#4512 = ORIENTED_EDGE ( 'NONE', *, *, #4110, .F. ) ;
#4513 = CARTESIAN_POINT ( 'NONE',  ( -205.1257090048987379, 181.6005719904011357, 11.33500700754848012 ) ) ;
#4514 = CARTESIAN_POINT ( 'NONE',  ( -214.2739960889686301, 187.7220109753061763, 1.813188778698833881 ) ) ;
#4515 = LINE ( 'NONE', #2681, #928 ) ;
#4516 = DIRECTION ( 'NONE',  ( 0.000000000000000000, 0.000000000000000000, 1.000000000000000000 ) ) ;
#4517 = VERTEX_POINT ( 'NONE', #4481 ) ;
#4518 = CARTESIAN_POINT ( 'NONE',  ( 34.80742891802636763, -192.1448330167650056, 1.301042606982605321E-15 ) ) ;
#4519 = CARTESIAN_POINT ( 'NONE',  ( 34.80771883786047738, -190.2600137829715550, 1.331078154548128722 ) ) ;
#4520 = CARTESIAN_POINT ( 'NONE',  ( 203.1083969466495205, -178.0482454861866017, 13.02975862736468038 ) ) ;
#4521 = CARTESIAN_POINT ( 'NONE',  ( 215.8999999999999488, -190.5000000000000284, 2.000000000000001776 ) ) ;
#4522 = CARTESIAN_POINT ( 'NONE',  ( -189.8030890171143312, 168.3006023726200908, 18.19891117716355922 ) ) ;
#4523 = CARTESIAN_POINT ( 'NONE',  ( -213.3963073776105830, 187.1518165568996892, 4.203687320210641509 ) ) ;
#4524 = CARTESIAN_POINT ( 'NONE',  ( 210.4573207924070175, -189.9974529423264755, 2.385775343742421395 ) ) ;
#4525 = CARTESIAN_POINT ( 'NONE',  ( 40.80008217378582458, -35.56373862292514332, 47.83211745792522862 ) ) ;
#4526 = EDGE_CURVE ( 'NONE', #4190, #3219, #5613, .T. ) ;
#4527 = CARTESIAN_POINT ( 'NONE',  ( -225.8999999999999204, 150.0000000000000000, 50.00000000000000000 ) ) ;
#4528 = CARTESIAN_POINT ( 'NONE',  ( 215.8999999999998636, 183.5000000000001421, -0.02511408429908120604 ) ) ;
#4529 = CARTESIAN_POINT ( 'NONE',  ( 212.4253328625962638, -189.6165047184798027, 6.062116553582942984E-05 ) ) ;
#4530 = CARTESIAN_POINT ( 'NONE',  ( 175.8348645999760436, -153.7690820301351664, 22.96917535318266346 ) ) ;
#4531 = CARTESIAN_POINT ( 'NONE',  ( -217.6836110407054150, -183.4969353413795261, 0.000000000000000000 ) ) ;
#4532 = PRODUCT_RELATED_PRODUCT_CATEGORY ( 'part', '', ( #143 ) ) ;
#4533 = CARTESIAN_POINT ( 'NONE',  ( 7.582822479800599424, 42.14093903471727742, 48.24244683876279538 ) ) ;
#4534 = VERTEX_POINT ( 'NONE', #176 ) ;
#4535 = CARTESIAN_POINT ( 'NONE',  ( 26.27602148094007362, -23.12179635387125387, 58.93602771294673914 ) ) ;
#4536 = CARTESIAN_POINT ( 'NONE',  ( 34.62413081967306994, -5.219945970375739819, 58.56915860202379776 ) ) ;
#4537 = CARTESIAN_POINT ( 'NONE',  ( -215.9000000000000625, 183.5000000000000000, -0.06089986583242601448 ) ) ;
#4538 = CARTESIAN_POINT ( 'NONE',  ( 215.0010565592656349, -187.0219530152657228, 0.4853673222683808630 ) ) ;
#4539 = CARTESIAN_POINT ( 'NONE',  ( -208.7815589048428251, -190.1449466613590005, 2.376204127229727625 ) ) ;
#4540 = FACE_OUTER_BOUND ( 'NONE', #4655, .T. ) ;
#4541 = CARTESIAN_POINT ( 'NONE',  ( 212.6292554136491901, -186.5668887284286086, 5.484860269500083874 ) ) ;
#4542 = CARTESIAN_POINT ( 'NONE',  ( -171.3929521993385663, 151.2194096062571305, 23.99711606522620144 ) ) ;
#4543 = CARTESIAN_POINT ( 'NONE',  ( -210.6258803483917461, 185.8110977010825877, 7.303231870962989092 ) ) ;
#4544 = CARTESIAN_POINT ( 'NONE',  ( -32.05663618055344699, -14.20321133327550278, 58.71052717880585448 ) ) ;
#4545 = CARTESIAN_POINT ( 'NONE',  ( -208.8999768595595015, 190.4999444153441175, 0.02980937859876714793 ) ) ;
#4546 = CARTESIAN_POINT ( 'NONE',  ( 214.5621722246907837, -186.8592004768886170, 2.611859187446763819 ) ) ;
#4547 = CARTESIAN_POINT ( 'NONE',  ( 44.97916666666663588, -190.4999999999999716, 13.92556261196430967 ) ) ;
#4548 = CARTESIAN_POINT ( 'NONE',  ( 206.6151182011162177, -186.7130266343878020, 7.683922734323530790 ) ) ;
#4549 = CARTESIAN_POINT ( 'NONE',  ( -54.51638535242270223, 47.98747884298148847, 45.71957113927704341 ) ) ;
#4550 = ORIENTED_EDGE ( 'NONE', *, *, #6642, .F. ) ;
#4551 = CARTESIAN_POINT ( 'NONE',  ( -205.0153786836165750, 183.4800475777943802, 10.38084003888569562 ) ) ;
#4552 = CARTESIAN_POINT ( 'NONE',  ( -215.2200839897726610, 186.1489368890543119, 1.470205134106257194 ) ) ;
#4553 = CARTESIAN_POINT ( 'NONE',  ( 205.1442556436174698, 184.9917481367410517, 9.245863972991246627 ) ) ;
#4554 = CARTESIAN_POINT ( 'NONE',  ( -6.675700712583272356, 34.36292747385689950, 58.00957676634744331 ) ) ;
#4555 = ORIENTED_EDGE ( 'NONE', *, *, #7313, .T. ) ;
#4556 = CARTESIAN_POINT ( 'NONE',  ( -26.27602148094011980, 23.12179635387120769, 58.93602771294673914 ) ) ;
#4557 = CARTESIAN_POINT ( 'NONE',  ( -215.8999999999999204, 190.5000000000000853, 85.00000000000000000 ) ) ;
#4558 = CARTESIAN_POINT ( 'NONE',  ( 200.3597031446447829, -177.2986187347465830, 13.96208120847186507 ) ) ;
#4559 = CARTESIAN_POINT ( 'NONE',  ( -209.3011534464898489, -190.3396805509692626, 1.597393529806924617 ) ) ;
#4560 = CARTESIAN_POINT ( 'NONE',  ( -197.6813969651446996, 176.4063253283687231, 14.63460557891401237 ) ) ;
#4561 = CARTESIAN_POINT ( 'NONE',  ( -214.1701811748671958, 185.6869123930991634, 4.247250224458851697 ) ) ;
#4562 = CARTESIAN_POINT ( 'NONE',  ( 214.8250422536540327, -185.0765982903155873, 3.623531301220168643 ) ) ;
#4563 = DIRECTION ( 'NONE',  ( 0.000000000000000000, 0.000000000000000000, 1.000000000000000000 ) ) ;
#4564 = CARTESIAN_POINT ( 'NONE',  ( -215.3591702213328745, -183.4723229192142355, 2.811240941399203663 ) ) ;
#4565 = EDGE_LOOP ( 'NONE', ( #5651, #2075 ) ) ;
#4566 = CYLINDRICAL_SURFACE ( 'NONE', #2565, 12.50000000000000355 ) ;
#4567 = CARTESIAN_POINT ( 'NONE',  ( 214.4976678967872488, -187.8018270398243601, -9.771776172705226994E-05 ) ) ;
#4568 = CARTESIAN_POINT ( 'NONE',  ( 181.5458253956510077, -162.3930750347010701, 20.47993800990483138 ) ) ;
#4569 = CARTESIAN_POINT ( 'NONE',  ( -110.3317469188269513, 96.07793486908796865, 36.78562218760808378 ) ) ;
#4570 = CARTESIAN_POINT ( 'NONE',  ( 28.33414679106562417, 33.30479897628717367, 48.81702788885855426 ) ) ;
#4571 = CARTESIAN_POINT ( 'NONE',  ( -25.98792475563379867, -23.44414141945739516, 58.92519608697404720 ) ) ;
#4572 = CARTESIAN_POINT ( 'NONE',  ( 9.882187878283739124, 33.66953139729521638, 50.01513284379086599 ) ) ;
#4573 = CARTESIAN_POINT ( 'NONE',  ( 34.75865527278576650, -4.237544464952040180, 50.00191821635898748 ) ) ;
#4574 = CARTESIAN_POINT ( 'NONE',  ( -212.4253328625963491, 189.6165047184798027, -0.04063248314221953178 ) ) ;
#4575 = CARTESIAN_POINT ( 'NONE',  ( 215.8985590222141013, -184.4161976429120386, 0.1485678510894456184 ) ) ;
#4576 = CARTESIAN_POINT ( 'NONE',  ( -208.8540190394714671, -190.3632068895911686, 1.479631058204529337 ) ) ;
#4577 = SURFACE_SIDE_STYLE ('',( #6298 ) ) ;
#4578 = CARTESIAN_POINT ( 'NONE',  ( 214.5341643937461242, -184.9556397970847286, 4.165790017259096700 ) ) ;
#4579 = CARTESIAN_POINT ( 'NONE',  ( -211.7113075713604076, 185.8428442892590056, 6.663805964666164705 ) ) ;
#4580 = CARTESIAN_POINT ( 'NONE',  ( -21.26189739662521561, -37.68541314056005120, 48.56808230450210573 ) ) ;
#4581 = CARTESIAN_POINT ( 'NONE',  ( -34.81421100923432022, -4.158241076280555504, 58.55778976088206633 ) ) ;
#4582 = CARTESIAN_POINT ( 'NONE',  ( -215.8986672168700522, 183.4999855903304820, 0.1428089154681015105 ) ) ;
#4583 = EDGE_CURVE ( 'NONE', #4641, #3473, #881, .T. ) ;
#4584 = CARTESIAN_POINT ( 'NONE',  ( 215.5403755067957832, -185.3047263391188153, 1.613148103389459020 ) ) ;
#4585 = CARTESIAN_POINT ( 'NONE',  ( -225.8999999999999204, -150.0000000000000000, 50.00000000000000000 ) ) ;
#4586 = CARTESIAN_POINT ( 'NONE',  ( 212.1629069351653811, -182.9613196290521557, 7.269784390733181390 ) ) ;
#4587 = CARTESIAN_POINT ( 'NONE',  ( -61.80251129883028227, 54.93920457173556571, 44.54375657179444659 ) ) ;
#4588 = AXIS2_PLACEMENT_3D ( 'NONE', #5227, #1600, #2184 ) ;
#4589 = EDGE_LOOP ( 'NONE', ( #791, #6499, #2584, #1606, #7661, #6216, #1511, #4014 ) ) ;
#4590 = CARTESIAN_POINT ( 'NONE',  ( -203.7541727332169330, 182.8537828278889492, 10.87523807340055626 ) ) ;
#4591 = CARTESIAN_POINT ( 'NONE',  ( -213.1107147280794436, 189.0593116195543075, 1.121254579859600087 ) ) ;
#4592 = CARTESIAN_POINT ( 'NONE',  ( 213.6229684611588766, 188.9177951859699647, 2.168404344971008621E-16 ) ) ;
#4593 = CARTESIAN_POINT ( 'NONE',  ( 39.43462431094601328, -34.65977425902579512, 48.01997366817818147 ) ) ;
#4594 = ORIENTED_EDGE ( 'NONE', *, *, #3753, .F. ) ;
#4595 = DIRECTION ( 'NONE',  ( 1.000000000000000000, 0.000000000000000000, 0.000000000000000000 ) ) ;
#4596 = CARTESIAN_POINT ( 'NONE',  ( 225.8999999999999488, -150.0000000000000000, 50.00000000000000000 ) ) ;
#4597 = CARTESIAN_POINT ( 'NONE',  ( 200.9219215581105402, -174.6715521329604144, 14.29248170632479820 ) ) ;
#4598 = CARTESIAN_POINT ( 'NONE',  ( -214.5843832869701657, -187.8808846258617393, 4.697708972751767319E-13 ) ) ;
#4599 = CARTESIAN_POINT ( 'NONE',  ( -194.8866464342217171, 170.1310614331677868, 16.81726732511766187 ) ) ;
#4600 = CARTESIAN_POINT ( 'NONE',  ( -212.2642023182828837, 188.3474218260567170, 4.049955048358076404 ) ) ;
#4601 = CARTESIAN_POINT ( 'NONE',  ( 16.40908765801184543, -30.92113297644072389, 58.38199357006445211 ) ) ;
#4602 = DIRECTION ( 'NONE',  ( 0.000000000000000000, 0.000000000000000000, -1.000000000000000000 ) ) ;
#4603 = FACE_BOUND ( 'NONE', #2836, .T. ) ;
#4604 = ORIENTED_EDGE ( 'NONE', *, *, #4734, .T. ) ;
#4605 = CARTESIAN_POINT ( 'NONE',  ( 215.8999999999998636, 190.5000000000000568, -1.073949472244801528 ) ) ;
#4606 = CARTESIAN_POINT ( 'NONE',  ( 215.0165047184797800, -187.0253328625962865, -0.04063248314206800715 ) ) ;
#4607 = CARTESIAN_POINT ( 'NONE',  ( 172.3581858277510150, -150.1005555079918281, 23.91777801921162094 ) ) ;
#4608 = LINE ( 'NONE', #6998, #3876 ) ;
#4609 = ORIENTED_EDGE ( 'NONE', *, *, #7506, .T. ) ;
#4610 = CARTESIAN_POINT ( 'NONE',  ( 26.41788384992430849, -22.95855859787171127, 58.93158553443242198 ) ) ;
#4611 = CARTESIAN_POINT ( 'NONE',  ( 33.61578207880897651, 9.759807609811449680, 58.62780865057182211 ) ) ;
#4612 = CARTESIAN_POINT ( 'NONE',  ( -215.9000000000000341, 183.5000000000000000, -0.7499908772995507178 ) ) ;
#4613 = CARTESIAN_POINT ( 'NONE',  ( 205.6241012606439540, 181.4538457683208037, 11.93437082965313500 ) ) ;
#4614 = CARTESIAN_POINT ( 'NONE',  ( 215.8996576068346656, -184.4162737868852844, 0.07246196420826254980 ) ) ;
#4615 = CARTESIAN_POINT ( 'NONE',  ( 114.9445821933489071, -101.2001258310545069, 35.91937262130778663 ) ) ;
#4616 = CARTESIAN_POINT ( 'NONE',  ( -215.8764321644560198, -190.4895522278205249, 0.6222993433921519824 ) ) ;
#4617 = CARTESIAN_POINT ( 'NONE',  ( -215.9000000000000057, -63.49999999999994316, 0.000000000000000000 ) ) ;
#4618 = CARTESIAN_POINT ( 'NONE',  ( 214.1701811748671105, -185.6869123930991066, 4.247250224458912093 ) ) ;
#4619 = CARTESIAN_POINT ( 'NONE',  ( -214.0714853738679437, 183.1615487397338029, 5.114839004350407947 ) ) ;
#4620 = CARTESIAN_POINT ( 'NONE',  ( -18.81242576009602629, -29.54171865695737509, 50.02529642209847083 ) ) ;
#4621 = CARTESIAN_POINT ( 'NONE',  ( -31.10040771846735552, 16.08889164021697837, 58.75490938993716838 ) ) ;
#4622 = CARTESIAN_POINT ( 'NONE',  ( -210.7322315508313864, 190.3178064195779200, 0.007222429132997664793 ) ) ;
#4623 =( BOUNDED_SURFACE ( )  B_SPLINE_SURFACE ( 3, 2, ( 
 ( #6537, #4742, #2785 ),
 ( #7007, #6456, #3383 ),
 ( #7133, #1143, #7637 ),
 ( #4663, #5362, #1571 ),
 ( #1656, #4780, #7094 ),
 ( #5865, #2280, #7597 ),
 ( #2949, #1058, #5199 ),
 ( #2869, #5282, #1615 ),
 ( #3980, #4065, #6414 ),
 ( #7681, #6497, #1698 ) ),
 .UNSPECIFIED., .F., .F., .T. ) 
 B_SPLINE_SURFACE_WITH_KNOTS ( ( 4, 2, 2, 2, 4 ),
 ( 3, 3 ),
 ( 2.775557561562891351E-17, 0.1044222962608143263, 0.2088445925216286247, 0.3132668887824429094, 0.4176891850432572495 ),
 ( 0.000000000000000000, 1.000000000000000000 ),
 .UNSPECIFIED. ) 
 GEOMETRIC_REPRESENTATION_ITEM ( )  RATIONAL_B_SPLINE_SURFACE ( (
 ( 1.000000000000000000, 0.7740937791496993459, 1.000000000000000000),
 ( 1.000000000000000000, 0.7823914497234173426, 1.000000000000000000),
 ( 1.000000000000000000, 0.7927172936539643722, 1.000000000000000000),
 ( 1.000000000000000000, 0.8101586004170018285, 1.000000000000000000),
 ( 1.000000000000000000, 0.8168417782414091333, 1.000000000000000000),
 ( 1.000000000000000000, 0.8168417782414091333, 1.000000000000000000),
 ( 1.000000000000000000, 0.8101586023003050085, 1.000000000000000000),
 ( 1.000000000000000000, 0.7927172639439855617, 1.000000000000000000),
 ( 1.000000000000000000, 0.7823914821864041969, 1.000000000000000000),
 ( 1.000000000000000000, 0.7740937801083278558, 1.000000000000000000) ) ) 
 REPRESENTATION_ITEM ( '' )  SURFACE ( )  );
#4624 = CARTESIAN_POINT ( 'NONE',  ( 213.6200670050995427, -188.3505761927113440, 1.839404875156308350 ) ) ;
#4625 = CARTESIAN_POINT ( 'NONE',  ( 10.98565841438996493, -33.29832113453932152, 49.99999999999998579 ) ) ;
#4626 = ADVANCED_FACE ( 'NONE', ( #2538 ), #4406, .F. ) ;
#4627 = CARTESIAN_POINT ( 'NONE',  ( 210.6258803483916040, -185.8110977010825593, 7.303231870963033501 ) ) ;
#4628 = CARTESIAN_POINT ( 'NONE',  ( -84.82208901985227101, 74.48968249515807827, 40.99609510683538360 ) ) ;
#4629 = EDGE_CURVE ( 'NONE', #3349, #3608, #1436, .T. ) ;
#4630 = ORIENTED_EDGE ( 'NONE', *, *, #5769, .F. ) ;
#4631 = CARTESIAN_POINT ( 'NONE',  ( -207.7275741747978373, 185.5289034376811514, 8.564262153235958408 ) ) ;
#4632 = CARTESIAN_POINT ( 'NONE',  ( -213.6713519643748214, 188.3777085472056854, 1.604290861348681041 ) ) ;
#4633 = CARTESIAN_POINT ( 'NONE',  ( 93.58886271745845420, 83.71231408142013208, 39.35542035978243547 ) ) ;
#4634 = CARTESIAN_POINT ( 'NONE',  ( 215.1197287729745540, 187.1039270180532696, 1.749543053150390043E-12 ) ) ;
#4635 = FACE_OUTER_BOUND ( 'NONE', #6482, .T. ) ;
#4636 = CARTESIAN_POINT ( 'NONE',  ( -69.61485842905850063, -192.1711733022286239, -6.505213034913025815E-15 ) ) ;
#4637 = VECTOR ( 'NONE', #4101, 1000.000000000000000 ) ;
#4638 = CARTESIAN_POINT ( 'NONE',  ( -208.8460604039523503, 190.3381654394181624, 1.603115278390417453 ) ) ;
#4639 = CARTESIAN_POINT ( 'NONE',  ( 205.1257090048984821, -181.6005719904009652, 11.33500700754851920 ) ) ;
#4640 = CARTESIAN_POINT ( 'NONE',  ( -211.6927895236721326, -189.7384542965353944, 1.581365443697027695 ) ) ;
#4641 = VERTEX_POINT ( 'NONE', #1398 ) ;
#4642 = CARTESIAN_POINT ( 'NONE',  ( -197.9988005910907702, 172.2762229891424113, 15.57735607907369868 ) ) ;
#4643 = CARTESIAN_POINT ( 'NONE',  ( -215.8999999999999773, -183.5000000000021885, -0.3443248545422036289 ) ) ;
#4644 = AXIS2_PLACEMENT_3D ( 'NONE', #302, #6888, #266 ) ;
#4645 = CARTESIAN_POINT ( 'NONE',  ( -211.0081148561570785, 189.3605226619719133, 3.366432253651863160 ) ) ;
#4646 = FACE_OUTER_BOUND ( 'NONE', #6722, .T. ) ;
#4647 = CARTESIAN_POINT ( 'NONE',  ( -225.8999999999999204, -190.5000000000000284, 70.00000000000000000 ) ) ;
#4648 = CARTESIAN_POINT ( 'NONE',  ( 216.0261880783312449, -184.4434647957282891, 6.388050371127837339E-12 ) ) ;
#4649 = ORIENTED_EDGE ( 'NONE', *, *, #6550, .F. ) ;
#4650 = CARTESIAN_POINT ( 'NONE',  ( 215.8999999999998636, 190.5000000000000568, -1.398227080112046217 ) ) ;
#4651 = CARTESIAN_POINT ( 'NONE',  ( 215.8999999999999488, -183.5000000000000000, -0.1014346312125887634 ) ) ;
#4652 = CARTESIAN_POINT ( 'NONE',  ( 188.5525957222601505, -165.9464966565095949, 18.94185767310024460 ) ) ;
#4653 = CARTESIAN_POINT ( 'NONE',  ( 225.8999999999999488, -150.0000000000000000, 50.00000000000000000 ) ) ;
#4654 = VECTOR ( 'NONE', #622, 1000.000000000000000 ) ;
#4655 = EDGE_LOOP ( 'NONE', ( #7777, #5379, #247, #2607 ) ) ;
#4656 = CARTESIAN_POINT ( 'NONE',  ( -215.9000000000000909, 190.5000000000000284, 21.48530440293795252 ) ) ;
#4657 = CARTESIAN_POINT ( 'NONE',  ( -215.8999999999999204, 200.5000000000000568, 85.00000000000000000 ) ) ;
#4658 = CARTESIAN_POINT ( 'NONE',  ( -215.3671567275791006, 186.1787840265556326, -0.2635736927345287417 ) ) ;
#4659 = CARTESIAN_POINT ( 'NONE',  ( 214.1260293480706878, 189.1262165359963205, 5.291047889932780635 ) ) ;
#4660 = CARTESIAN_POINT ( 'NONE',  ( 211.5786077405191463, -189.9670666040966580, 0.04852769830105213567 ) ) ;
#4661 = CARTESIAN_POINT ( 'NONE',  ( 91.72641746409665586, -81.86729781833251707, 39.70325517071818666 ) ) ;
#4662 = CARTESIAN_POINT ( 'NONE',  ( -208.8997263039998984, -190.4993488566234703, 0.1040631779745286589 ) ) ;
#4663 = CARTESIAN_POINT ( 'NONE',  ( 69.61644397307483700, 190.2704840308819030, 1.374876367800367483 ) ) ;
#4664 = CARTESIAN_POINT ( 'NONE',  ( 214.0321965204880144, -185.6132278442468646, 4.492373854509725817 ) ) ;
#4665 = CARTESIAN_POINT ( 'NONE',  ( -212.8579098866284482, 184.1078200487510514, 6.429168456128985909 ) ) ;
#4666 = CARTESIAN_POINT ( 'NONE',  ( -33.48575513929260694, 10.39992868139653659, 50.00706107776337461 ) ) ;
#4667 = CARTESIAN_POINT ( 'NONE',  ( -210.7322175262990243, 190.3177975134133533, 0.01577962656115406911 ) ) ;
#4668 = CARTESIAN_POINT ( 'NONE',  ( 212.2688141530553878, -189.5266057712981649, 1.515961452410611532 ) ) ;
#4669 = CARTESIAN_POINT ( 'NONE',  ( -137.4884573704932791, -121.3144789112173214, 31.77839933567892317 ) ) ;
#4670 = CARTESIAN_POINT ( 'NONE',  ( 211.5158706158930499, -184.0420677723373899, 7.534873942534424884 ) ) ;
#4671 = CARTESIAN_POINT ( 'NONE',  ( -61.93770637731611828, 54.78734145148718682, 44.55612179422788444 ) ) ;
#4672 = VERTEX_POINT ( 'NONE', #1476 ) ;
#4673 = ADVANCED_FACE ( 'NONE', ( #3762 ), #6519, .T. ) ;
#4674 = CARTESIAN_POINT ( 'NONE',  ( -208.7423782031574717, 180.1272801550369422, 9.985753149657622174 ) ) ;
#4675 = CARTESIAN_POINT ( 'NONE',  ( -208.8958166721620273, 190.4898549137548684, 0.4102908434272036220 ) ) ;
#4676 = CARTESIAN_POINT ( 'NONE',  ( 208.8445242821260024, -192.2983899566820867, 0.000000000000000000 ) ) ;
#4677 = CARTESIAN_POINT ( 'NONE',  ( -41.77780533503688076, -12.23677642685742484, 48.73726662651083785 ) ) ;
#4678 = CARTESIAN_POINT ( 'NONE',  ( 35.62075275739216806, -31.37811893223555515, 48.59064979826710839 ) ) ;
#4679 = CARTESIAN_POINT ( 'NONE',  ( -69.61540017048677953, -190.2704836456663315, 1.374874867001723455 ) ) ;
#4680 = CARTESIAN_POINT ( 'NONE',  ( 204.5594479172052900, -183.0217010808689793, 10.70705268868233517 ) ) ;
#4681 = CARTESIAN_POINT ( 'NONE',  ( -214.8216744444490587, -186.9312707469817667, 1.573071847101252363 ) ) ;
#4682 = ORIENTED_EDGE ( 'NONE', *, *, #7451, .F. ) ;
#4683 = CARTESIAN_POINT ( 'NONE',  ( -193.7729072607041019, 171.4105743736550096, 16.84697481024021215 ) ) ;
#4684 = CARTESIAN_POINT ( 'NONE',  ( 45.97405463901890954, 111.8991599288777365, 32.44865405788785750 ) ) ;
#4685 = CARTESIAN_POINT ( 'NONE',  ( -215.2912758726428706, 183.4629474877235680, 2.963175324477884232 ) ) ;
#4686 = CARTESIAN_POINT ( 'NONE',  ( -33.01262735438984208, -28.90003035850290658, 48.99633025713274037 ) ) ;
#4687 = CARTESIAN_POINT ( 'NONE',  ( 215.7293584012459178, -183.4967789680676447, 1.574680594478687468 ) ) ;
#4688 = VERTEX_POINT ( 'NONE', #5031 ) ;
#4689 = CARTESIAN_POINT ( 'NONE',  ( 215.8999999999999773, -184.4162978572969962, -9.771776172705226994E-05 ) ) ;
#4690 = ADVANCED_FACE ( 'NONE', ( #5691, #3801 ), #3883, .F. ) ;
#4691 = CARTESIAN_POINT ( 'NONE',  ( 191.0608402215725619, -166.8775959849972423, 18.21414970778517883 ) ) ;
#4692 = CARTESIAN_POINT ( 'NONE',  ( -202.2962696437380714, 175.2837275547087188, 13.64472874352915355 ) ) ;
#4693 = CARTESIAN_POINT ( 'NONE',  ( -156.3209329969744203, 137.9231733499350980, 27.65849367273569825 ) ) ;
#4694 = CARTESIAN_POINT ( 'NONE',  ( -28.33577714665680247, 33.30356994643052815, 48.81709058927001621 ) ) ;
#4695 = CARTESIAN_POINT ( 'NONE',  ( -215.8999999999999204, -200.5000000000000284, 2.000000000000001776 ) ) ;
#4696 = CARTESIAN_POINT ( 'NONE',  ( -208.9000000000000341, 190.5000000000000000, -0.4257127542561995881 ) ) ;
#4697 = CARTESIAN_POINT ( 'NONE',  ( 206.6149194608912580, 186.7127810795721246, 7.684168310707328864 ) ) ;
#4698 = CARTESIAN_POINT ( 'NONE',  ( 215.8991139690482726, -184.4162359711266390, 0.1179370426585360926 ) ) ;
#4699 = CARTESIAN_POINT ( 'NONE',  ( 148.2330746988941428, -131.8735541523772099, 29.24715090564159681 ) ) ;
#4700 = CARTESIAN_POINT ( 'NONE',  ( -208.8999964552282336, -190.4999914583585507, 0.01196061668097267959 ) ) ;
#4701 = CARTESIAN_POINT ( 'NONE',  ( -121.0721624688891467, 106.8283786490198395, 35.74265220146897093 ) ) ;
#4702 = CARTESIAN_POINT ( 'NONE',  ( 214.9651771110791003, -183.4100935267431680, 3.666959849594191301 ) ) ;
#4703 = ORIENTED_EDGE ( 'NONE', *, *, #4048, .F. ) ;
#4704 = CARTESIAN_POINT ( 'NONE',  ( -212.3114850119333994, 185.4068505482404987, 6.441732631564130784 ) ) ;
#4705 = CARTESIAN_POINT ( 'NONE',  ( 225.8999999999999488, -200.5000000000000284, 70.00000000000000000 ) ) ;
#4706 = CARTESIAN_POINT ( 'NONE',  ( -213.8496784095322880, 188.4497251563508371, 0.03154443473186824970 ) ) ;
#4707 = CARTESIAN_POINT ( 'NONE',  ( 211.4870916519560069, -189.9105929862807045, 1.144125839490917951 ) ) ;
#4708 = CARTESIAN_POINT ( 'NONE',  ( -62.01401356201984783, -54.71989950313823670, 44.58397419903698733 ) ) ;
#4709 = CARTESIAN_POINT ( 'NONE',  ( 212.4848214533861892, -183.1395193076717476, 6.948661368341641165 ) ) ;
#4710 = CARTESIAN_POINT ( 'NONE',  ( -115.4833923198191030, 100.5819178757644465, 35.88732034657817138 ) ) ;
#4711 = VERTEX_POINT ( 'NONE', #6282 ) ;
#4712 = CARTESIAN_POINT ( 'NONE',  ( -206.7805566718234900, 184.5526913521468941, 9.421073246753408625 ) ) ;
#4713 = CARTESIAN_POINT ( 'NONE',  ( -210.7231712694523083, 190.3122228214414235, 0.3465646932764166466 ) ) ;
#4714 = CARTESIAN_POINT ( 'NONE',  ( 31.91863894956335912, 27.96788265256109796, 49.15921352248235365 ) ) ;
#4715 = CARTESIAN_POINT ( 'NONE',  ( -39.89665914638740674, -17.82454320792547264, 48.80719770860414997 ) ) ;
#4716 = CARTESIAN_POINT ( 'NONE',  ( 46.86575975984342790, -41.44797442184664504, 46.87079671620546861 ) ) ;
#4717 = LINE ( 'NONE', #4971, #7773 ) ;
#4718 = CARTESIAN_POINT ( 'NONE',  ( 203.1899220550004657, -181.6623460856354768, 11.63170093155426343 ) ) ;
#4719 = CARTESIAN_POINT ( 'NONE',  ( -211.8317163114973596, -190.0473319209009730, 1.214234363560308080E-12 ) ) ;
#4720 = ORIENTED_EDGE ( 'NONE', *, *, #5191, .F. ) ;
#4721 = CARTESIAN_POINT ( 'NONE',  ( -3.037307056502636993, -42.64791916618560919, 48.19926424803485787 ) ) ;
#4722 = CARTESIAN_POINT ( 'NONE',  ( -9.367506770274758310E-14, 190.4999999999998010, 13.40248707893273483 ) ) ;
#4723 = CARTESIAN_POINT ( 'NONE',  ( -209.5857834050614485, 190.1072037356623810, 2.526198546744284457 ) ) ;
#4724 = CARTESIAN_POINT ( 'NONE',  ( -32.78265962694510449, 29.15505980491360916, 48.99405119645791729 ) ) ;
#4725 = CARTESIAN_POINT ( 'NONE',  ( -217.6836110407054150, -183.4969353413794977, 1.734723475976807094E-15 ) ) ;
#4726 = DIRECTION ( 'NONE',  ( 0.000000000000000000, 0.000000000000000000, -1.000000000000000000 ) ) ;
#4727 = ORIENTED_EDGE ( 'NONE', *, *, #519, .T. ) ;
#4728 = CARTESIAN_POINT ( 'NONE',  ( -214.9825721791351043, 187.3090865754779202, -2.720197860774053764E-12 ) ) ;
#4729 = CARTESIAN_POINT ( 'NONE',  ( 211.5787840265555531, -189.9671567275789812, -0.4257127542553629795 ) ) ;
#4730 = CARTESIAN_POINT ( 'NONE',  ( 183.4352351375320609, -160.3384838762860625, 20.73783611975463259 ) ) ;
#4731 = EDGE_CURVE ( 'NONE', #7181, #6559, #1860, .T. ) ;
#4732 = CARTESIAN_POINT ( 'NONE',  ( -71.77497888172949558, 62.40867466249346762, 43.09983413618679293 ) ) ;
#4733 = CARTESIAN_POINT ( 'NONE',  ( -155.5935569591305807, 138.7143861260572635, 27.52633513445007551 ) ) ;
#4734 = EDGE_CURVE ( 'NONE', #2399, #1196, #7277, .T. ) ;
#4735 = CARTESIAN_POINT ( 'NONE',  ( -20.56467949208721180, 38.03346880737316127, 48.54576608582766539 ) ) ;
#4736 = CARTESIAN_POINT ( 'NONE',  ( 26.41788385323992827, 22.95855859405650534, 58.93158553432860458 ) ) ;
#4737 = CARTESIAN_POINT ( 'NONE',  ( -215.7178087366782222, 185.3322351905149787, -0.7499908772995507178 ) ) ;
#4738 = CARTESIAN_POINT ( 'NONE',  ( 215.5391065564612916, 190.3026246526552256, 2.380966534328923245 ) ) ;
#4739 = CARTESIAN_POINT ( 'NONE',  ( 215.3649123455225549, -186.1783970612198686, 0.1801604760058356236 ) ) ;
#4740 = CARTESIAN_POINT ( 'NONE',  ( 122.9488912742282309, -107.3320906436093338, 34.51647540280338688 ) ) ;
#4741 = CARTESIAN_POINT ( 'NONE',  ( -208.8999879079452171, -190.4999709092986109, 0.02216056454477818502 ) ) ;
#4742 = CARTESIAN_POINT ( 'NONE',  ( 208.8458060418408593, 190.6627464050829417, 6.505213034913026604E-15 ) ) ;
#4743 = EDGE_LOOP ( 'NONE', ( #4494, #5801, #7667, #3879 ) ) ;
#4744 = CARTESIAN_POINT ( 'NONE',  ( 36.91230832197877021, 32.22513249897797749, 48.41531176924046065 ) ) ;
#4745 = CARTESIAN_POINT ( 'NONE',  ( -210.7322057480883188, 190.3177900479176969, 0.02006641466489602482 ) ) ;
#4746 = CARTESIAN_POINT ( 'NONE',  ( 215.1322876932269708, -186.1245372422890796, 1.857175633705424600 ) ) ;
#4747 = CARTESIAN_POINT ( 'NONE',  ( -69.99789064314778386, -60.86060431244985836, 43.37684144519897700 ) ) ;
#4748 = CARTESIAN_POINT ( 'NONE',  ( 207.8175044067147041, -188.3268227492472420, 5.837972745103176209 ) ) ;
#4749 = CARTESIAN_POINT ( 'NONE',  ( -92.00753166028134444, 81.55635674561264636, 39.74927169517137315 ) ) ;
#4750 = VERTEX_POINT ( 'NONE', #3207 ) ;
#4751 = CARTESIAN_POINT ( 'NONE',  ( -18.48275179502371657, -38.98534682957831166, 48.48224574853779956 ) ) ;
#4752 = CARTESIAN_POINT ( 'NONE',  ( -209.1806655839461655, 183.0416283564028390, 9.304077783100710874 ) ) ;
#4753 = CARTESIAN_POINT ( 'NONE',  ( -214.9916560055267496, 187.0198987361910667, 0.6059231043091587443 ) ) ;
#4754 = CARTESIAN_POINT ( 'NONE',  ( 210.0000360322368920, -192.2430111813234817, -0.000000000000000000 ) ) ;
#4755 = CARTESIAN_POINT ( 'NONE',  ( 214.6858000941871012, 190.1347895871980143, -0.000000000000000000 ) ) ;
#4756 = CARTESIAN_POINT ( 'NONE',  ( 39.40101085319924579, -34.69819727137091547, 48.01978720992085670 ) ) ;
#4757 = CARTESIAN_POINT ( 'NONE',  ( -210.4136293373014439, -190.1675210261524853, 1.588416910253571457 ) ) ;
#4758 = CARTESIAN_POINT ( 'NONE',  ( 206.8813125095703072, -180.5581692060839885, 10.99419741524094718 ) ) ;
#4759 = CARTESIAN_POINT ( 'NONE',  ( -26.22446048638015625, 23.17936438372644048, 50.00257421659842549 ) ) ;
#4760 = CARTESIAN_POINT ( 'NONE',  ( -80.96250000000010516, 190.5000000000000284, 0.000000000000000000 ) ) ;
#4761 = CARTESIAN_POINT ( 'NONE',  ( -214.9909529840139157, 185.1399055226930557, 3.266778232308924501 ) ) ;
#4762 = AXIS2_PLACEMENT_3D ( 'NONE', #5012, #2485, #1459 ) ;
#4763 = CARTESIAN_POINT ( 'NONE',  ( 208.8460603981854433, 190.3381654414763773, 1.603115284326944723 ) ) ;
#4764 = CARTESIAN_POINT ( 'NONE',  ( 213.3935953378203578, -188.6629096140245565, 1.575619667301039195 ) ) ;
#4765 = CARTESIAN_POINT ( 'NONE',  ( 208.8458060474210072, -190.6627464068766926, -1.908195823574487804E-14 ) ) ;
#4766 = CARTESIAN_POINT ( 'NONE',  ( 215.3671567275789869, -186.1787840265556042, -0.2635736927339806246 ) ) ;
#4767 = CARTESIAN_POINT ( 'NONE',  ( 190.0190667612885136, -168.0702923137247922, 18.23614826133156797 ) ) ;
#4768 = CARTESIAN_POINT ( 'NONE',  ( -187.9530280913856188, 168.2659350791461748, 18.28511170787392359 ) ) ;
#4769 = CARTESIAN_POINT ( 'NONE',  ( -160.8235225589065465, 140.4094714838998073, 26.77304754852698210 ) ) ;
#4770 = CIRCLE ( 'NONE', #4004, 10.00000000000000888 ) ;
#4771 = EDGE_CURVE ( 'NONE', #1258, #369, #3171, .T. ) ;
#4772 = CARTESIAN_POINT ( 'NONE',  ( -5.303053530234310031, 42.43189113908760390, 48.21768755209181734 ) ) ;
#4773 = PLANE ( 'NONE',  #7638 ) ;
#4774 = CARTESIAN_POINT ( 'NONE',  ( -213.8497474683058783, 188.4497474683058442, -0.4257127542561995881 ) ) ;
#4775 = CARTESIAN_POINT ( 'NONE',  ( 215.8195344784339227, 183.4989999760542787, 1.092930421626393311 ) ) ;
#4776 = VECTOR ( 'NONE', #4365, 1000.000000000000000 ) ;
#4777 = CARTESIAN_POINT ( 'NONE',  ( 213.2018057158930446, -189.0976597710918554, 0.01692545025661277430 ) ) ;
#4778 = CARTESIAN_POINT ( 'NONE',  ( 137.7210843845891475, -121.0093544469434335, 31.69949310545269583 ) ) ;
#4779 = CARTESIAN_POINT ( 'NONE',  ( -215.8455958278176183, -183.4993870334058670, 0.9164201417161104146 ) ) ;
#4780 = CARTESIAN_POINT ( 'NONE',  ( 34.80807913894254568, 190.7324131102553793, 6.794843837685284851E-11 ) ) ;
#4781 = ORIENTED_EDGE ( 'NONE', *, *, #5633, .F. ) ;
#4782 = CIRCLE ( 'NONE', #6528, 35.00000000000000711 ) ;
#4783 = CARTESIAN_POINT ( 'NONE',  ( 212.4876474373921269, 182.4606020272418618, 6.957985493677863786 ) ) ;
#4784 = CARTESIAN_POINT ( 'NONE',  ( -215.8999748493531001, 183.4999997170386337, 0.01919600670040474272 ) ) ;
#4785 = CARTESIAN_POINT ( 'NONE',  ( 210.7106551833716992, -190.3040349832448896, 0.5475676865608782862 ) ) ;
#4786 = CARTESIAN_POINT ( 'NONE',  ( -46.62982340732148856, -41.71394466487523545, 46.85094665946625270 ) ) ;
#4787 = CARTESIAN_POINT ( 'NONE',  ( 210.3845982748907488, -187.4701240373049700, 6.234481326524644373 ) ) ;
#4788 = CARTESIAN_POINT ( 'NONE',  ( -107.2887400094324022, 94.66431210974567989, 37.22553660591773905 ) ) ;
#4789 = ORIENTED_EDGE ( 'NONE', *, *, #5252, .F. ) ;
#4790 = CARTESIAN_POINT ( 'NONE',  ( -210.3678100041006758, 181.2166486339057485, 8.811153203274750823 ) ) ;
#4791 = CARTESIAN_POINT ( 'NONE',  ( -215.8419876041192538, 184.4121802042970444, 0.9474482748249123398 ) ) ;
#4792 = CARTESIAN_POINT ( 'NONE',  ( 217.6262127635289687, -184.6558125624151501, -0.000000000000000000 ) ) ;
#4793 = CARTESIAN_POINT ( 'NONE',  ( 131.6431058232996918, -117.6053457109994724, 32.53870667678749840 ) ) ;
#4794 = CARTESIAN_POINT ( 'NONE',  ( 69.47744531314944538, -61.45432078687037603, 43.38344123207103564 ) ) ;
#4795 = CARTESIAN_POINT ( 'NONE',  ( -213.3947022339523869, -188.6619529257249610, 1.575616942696989486 ) ) ;
#4796 = CARTESIAN_POINT ( 'NONE',  ( 204.9117815255827963, -182.7031929862924073, 10.82645561913258625 ) ) ;
#4797 = CARTESIAN_POINT ( 'NONE',  ( -216.7877231997639740, -187.4064363918226661, -0.000000000000000000 ) ) ;
#4798 = CARTESIAN_POINT ( 'NONE',  ( -5.315380633774116070, -42.43053492973969298, 48.21779987650081267 ) ) ;
#4799 = CARTESIAN_POINT ( 'NONE',  ( 26.24432493777823794, 23.15675729803963634, 50.00000000000000000 ) ) ;
#4800 = CARTESIAN_POINT ( 'NONE',  ( -208.8473446528780357, 190.3421052241356222, 1.603538426444714782 ) ) ;
#4801 = CARTESIAN_POINT ( 'NONE',  ( -215.7351207656110716, 61.16558894499387833, 1.593179962845922448 ) ) ;
#4802 = CARTESIAN_POINT ( 'NONE',  ( 215.6904632989879644, -185.8231968436931254, -4.033351897338412145E-12 ) ) ;
#4803 = CARTESIAN_POINT ( 'NONE',  ( -210.6253029142121989, 190.1154549021748039, 1.587034789486773345 ) ) ;
#4804 = CARTESIAN_POINT ( 'NONE',  ( 213.8497474683057931, -188.4497474683058158, -0.3446432234946718021 ) ) ;
#4805 = CARTESIAN_POINT ( 'NONE',  ( 187.5140076796824928, -167.0580276923455472, 18.76602331495215026 ) ) ;
#4806 = CARTESIAN_POINT ( 'NONE',  ( -208.6800401347697118, 189.8774558141493856, 3.149678467650995906 ) ) ;
#4807 = CARTESIAN_POINT ( 'NONE',  ( -184.3849411038212054, 163.0652661783326494, 20.14585985462421647 ) ) ;
#4808 = CARTESIAN_POINT ( 'NONE',  ( 2.489003404830870458, 34.93372605799424235, 50.00180191383357453 ) ) ;
#4809 = CARTESIAN_POINT ( 'NONE',  ( -216.4992273490067305, 187.9135583668462459, 0.000000000000000000 ) ) ;
#4810 = CARTESIAN_POINT ( 'NONE',  ( 0.000000000000000000, 0.000000000000000000, 70.00000000000000000 ) ) ;
#4811 = CARTESIAN_POINT ( 'NONE',  ( 215.8976014077496188, 190.4989250237919407, 0.1964616532492933776 ) ) ;
#4812 = CARTESIAN_POINT ( 'NONE',  ( 208.8999978755063296, -190.4999948761559381, 0.009402726287802271737 ) ) ;
#4813 = CARTESIAN_POINT ( 'NONE',  ( 130.4030304348021332, -114.0946389232268530, 33.14238991114189758 ) ) ;
#4814 = CARTESIAN_POINT ( 'NONE',  ( -208.9000000641142094, -190.4999999999999432, -0.0003705209306093001204 ) ) ;
#4815 = CARTESIAN_POINT ( 'NONE',  ( -208.4977143875271111, -189.4782319128511858, 4.021243952337552052 ) ) ;
#4816 = ORIENTED_EDGE ( 'NONE', *, *, #2831, .F. ) ;
#4817 = CARTESIAN_POINT ( 'NONE',  ( 110.3317468021832326, 96.07793497434806795, 36.78562220452172227 ) ) ;
#4818 = CARTESIAN_POINT ( 'NONE',  ( -213.8497389345304782, 188.4497447032814250, 0.01134281116594767873 ) ) ;
#4819 = CARTESIAN_POINT ( 'NONE',  ( 214.9803434956106969, -187.0172745386524014, 0.7185676643785272599 ) ) ;
#4820 = CARTESIAN_POINT ( 'NONE',  ( -85.16921046898977465, -74.09107493537706546, 40.97535363812281162 ) ) ;
#4821 = CARTESIAN_POINT ( 'NONE',  ( 213.4077298285262714, -184.4115904806293429, 5.794531306815811078 ) ) ;
#4822 = ADVANCED_FACE ( 'NONE', ( #840 ), #285, .T. ) ;
#4823 = CARTESIAN_POINT ( 'NONE',  ( -106.8714311326224191, 95.12796565370871349, 37.17264060084745836 ) ) ;
#4824 = ORIENTED_EDGE ( 'NONE', *, *, #2591, .F. ) ;
#4825 = CARTESIAN_POINT ( 'NONE',  ( -210.9646242180672289, 182.9249178578559452, 8.232201450226991568 ) ) ;
#4826 = ADVANCED_FACE ( 'NONE', ( #7501 ), #6723, .T. ) ;
#4827 = CARTESIAN_POINT ( 'NONE',  ( -215.8915618955243190, 183.4999124607749650, 0.3513003195389992062 ) ) ;
#4828 = CARTESIAN_POINT ( 'NONE',  ( 198.2094096474843639, 171.9940366474344842, 15.49013822161806608 ) ) ;
#4829 = CARTESIAN_POINT ( 'NONE',  ( -42.99024564769963064, 6.538623812090270881, 48.68779182821568696 ) ) ;
#4830 = CARTESIAN_POINT ( 'NONE',  ( 54.17039239435854370, -48.37752578062696074, 45.69353591235640266 ) ) ;
#4831 = CARTESIAN_POINT ( 'NONE',  ( 206.8391287801447618, -185.3798383914187866, 8.872317773600732593 ) ) ;
#4832 = CARTESIAN_POINT ( 'NONE',  ( -26.13271791919301634, 23.28363761606706106, 58.93389689813341903 ) ) ;
#4833 = VERTEX_POINT ( 'NONE', #7188 ) ;
#4834 = CARTESIAN_POINT ( 'NONE',  ( -200.4419077999679928, 175.2781353661105470, 14.40434946751288869 ) ) ;
#4835 = CARTESIAN_POINT ( 'NONE',  ( -213.8693672609721830, 187.4881257853359955, 3.137705932614329729 ) ) ;
#4836 = CARTESIAN_POINT ( 'NONE',  ( 34.71048353585396029, -26.88303169778523483, 48.95891842184119724 ) ) ;
#4837 = CARTESIAN_POINT ( 'NONE',  ( 216.0662222241863901, -60.69229502164970569, -7.456131254071381282E-10 ) ) ;
#4838 = CARTESIAN_POINT ( 'NONE',  ( -212.4608864652458351, 189.7419471625649408, -3.579592199848300968E-12 ) ) ;
#4839 = CARTESIAN_POINT ( 'NONE',  ( 208.8999999999999204, -190.4999999999999716, -0.3446432234946718021 ) ) ;
#4840 = CARTESIAN_POINT ( 'NONE',  ( 191.8963233750308461, -169.7397325335196854, 17.56201313950261422 ) ) ;
#4841 = CARTESIAN_POINT ( 'NONE',  ( 223.8999999999999488, -190.5000000000000284, 2.000000000000001776 ) ) ;
#4842 = CARTESIAN_POINT ( 'NONE',  ( -178.5644551261523532, 158.2610429076041783, 21.84390592721461388 ) ) ;
#4843 = CARTESIAN_POINT ( 'NONE',  ( -212.8582123811748090, 184.9229202108847119, 6.118055523043016031 ) ) ;
#4844 = CARTESIAN_POINT ( 'NONE',  ( -9.671933779799866571, 33.72631257027902052, 58.08696777719306681 ) ) ;
#4845 = CARTESIAN_POINT ( 'NONE',  ( 32.40490891920457983, -13.23619685854566086, 58.69215383345393633 ) ) ;
#4846 = CARTESIAN_POINT ( 'NONE',  ( 215.8318011552959206, 185.3593352489565120, -3.054145855194996659E-12 ) ) ;
#4847 = CARTESIAN_POINT ( 'NONE',  ( 215.3261245137080380, 183.4673668253174696, 2.879058932840789620 ) ) ;
#4848 = CARTESIAN_POINT ( 'NONE',  ( 215.7177596284915921, -185.3322289562396463, 0.02785029245316330421 ) ) ;
#4849 = CARTESIAN_POINT ( 'NONE',  ( 145.1437978948076761, -127.7966387201157659, 30.12663676932704959 ) ) ;
#4850 = CARTESIAN_POINT ( 'NONE',  ( -215.9000000000000057, -183.5000000045032209, -0.001964874535017140968 ) ) ;
#4851 = DIRECTION ( 'NONE',  ( -0.000000000000000000, 0.000000000000000000, 1.000000000000000000 ) ) ;
#4852 = VERTEX_POINT ( 'NONE', #7152 ) ;
#4853 = CARTESIAN_POINT ( 'NONE',  ( 1.512139737408786599, -42.71981975277017085, 48.19309466397016450 ) ) ;
#4854 = CARTESIAN_POINT ( 'NONE',  ( -208.8460603981853581, -190.3381654414763489, 1.603115284326936507 ) ) ;
#4855 = CARTESIAN_POINT ( 'NONE',  ( -210.7322351905149844, 190.3178087366781881, -0.02036510045201300398 ) ) ;
#4856 = CARTESIAN_POINT ( 'NONE',  ( 209.8088821033269653, -190.4935666085710579, 0.3324438900997590540 ) ) ;
#4857 = CARTESIAN_POINT ( 'NONE',  ( -208.2062714669077650, -183.7481709774227454, 10.40536088672168269 ) ) ;
#4858 = CARTESIAN_POINT ( 'NONE',  ( 211.7113075713602939, -185.8428442892588919, 6.663805964666297044 ) ) ;
#4859 = CARTESIAN_POINT ( 'NONE',  ( -99.14753186405812357, 88.66270634118019700, 38.40199282175996132 ) ) ;
#4860 = ORIENTED_EDGE ( 'NONE', *, *, #145, .T. ) ;
#4861 = CARTESIAN_POINT ( 'NONE',  ( -207.5240782872395755, 186.1361181369450719, 8.176408297492470112 ) ) ;
#4862 = ADVANCED_FACE ( 'NONE', ( #4170 ), #1092, .T. ) ;
#4863 = FACE_OUTER_BOUND ( 'NONE', #1924, .T. ) ;
#4864 = CARTESIAN_POINT ( 'NONE',  ( -209.8159993425254299, 190.4997416645477415, 0.06812359637780326937 ) ) ;
#4865 = CARTESIAN_POINT ( 'NONE',  ( 200.7473299159778435, 180.4023911711216215, 12.45186938564351564 ) ) ;
#4866 = B_SPLINE_CURVE_WITH_KNOTS ( 'NONE', 3,
 ( #4867, #1974, #6779, #5487, #3788, #2599, #2013, #4432, #7259, #1858, #1269, #1899, #672, #3081, #6339, #827, #3235, #2086, #6229, #239, #1540, #7566, #3947 ),
 .UNSPECIFIED., .F., .F.,
 ( 4, 2, 2, 1, 2, 2, 2, 2, 2, 2, 2, 4 ),
 ( 2.775642263565186517E-17, 0.001351626937814539870, 0.002027440406721747572, 0.002703253875628954840, 0.003379067344536162108, 0.004054880813443370244, 0.005406507751257830750, 0.006758134689072290389, 0.008109761626886750896, 0.008785575095793942552, 0.009461388564701134207, 0.01081301550251553487 ),
 .UNSPECIFIED. ) ;
#4867 = CARTESIAN_POINT ( 'NONE',  ( 208.8460603981854433, 190.3381654414763773, 1.603115284326944723 ) ) ;
#4868 = CARTESIAN_POINT ( 'NONE',  ( 50.68570719044369355, -44.72355248029018071, 46.29653568541140629 ) ) ;
#4869 = CARTESIAN_POINT ( 'NONE',  ( 208.2151713956307049, -179.7569102247059050, 10.33560849134089565 ) ) ;
#4870 = CARTESIAN_POINT ( 'NONE',  ( -217.1205744980117345, -186.6059872439016658, 0.000000000000000000 ) ) ;
#4871 = EDGE_CURVE ( 'NONE', #3836, #2853, #5703, .T. ) ;
#4872 = CARTESIAN_POINT ( 'NONE',  ( -201.1430048318161710, 174.3659729066610282, 14.19147622413487575 ) ) ;
#4873 = CARTESIAN_POINT ( 'NONE',  ( 4.961084775516015455, -34.65244425704292297, 50.00511664080964636 ) ) ;
#4874 = CARTESIAN_POINT ( 'NONE',  ( -209.7562596761569864, 190.4284768630363658, 1.093484275309372089 ) ) ;
#4875 = LINE ( 'NONE', #6197, #677 ) ;
#4876 = CARTESIAN_POINT ( 'NONE',  ( 217.6836110407053582, -183.4969353407483368, -1.301042606982605321E-15 ) ) ;
#4877 = CARTESIAN_POINT ( 'NONE',  ( 139.2316259696071370, -190.3012674236800876, 1.486701558607449458 ) ) ;
#4878 = CARTESIAN_POINT ( 'NONE',  ( 210.7322351905148707, -190.3178087366781881, -0.3446432234946718021 ) ) ;
#4879 = CARTESIAN_POINT ( 'NONE',  ( 196.7612365633517300, -175.5457188478868318, 15.07208040908722424 ) ) ;
#4880 = CARTESIAN_POINT ( 'NONE',  ( 215.8999999999999204, 200.5000000000000568, 70.00000000000000000 ) ) ;
#4881 = CARTESIAN_POINT ( 'NONE',  ( -182.3147923555266914, 161.6034710342634639, 20.71798946755338022 ) ) ;
#4882 = VECTOR ( 'NONE', #7270, 1000.000000000000000 ) ;
#4883 = CARTESIAN_POINT ( 'NONE',  ( -214.0935885001512702, 183.9230994189467765, 5.081713206859255649 ) ) ;
#4884 = CARTESIAN_POINT ( 'NONE',  ( 215.3591702495483275, -183.4723229180846999, 2.811240868539708337 ) ) ;
#4885 = CARTESIAN_POINT ( 'NONE',  ( -52.43740824130990319, -45.60822864791174425, 46.07295230779314466 ) ) ;
#4886 = CARTESIAN_POINT ( 'NONE',  ( 261.2553390593274116, 150.0000000000000000, 57.50000000000000711 ) ) ;
#4887 = CARTESIAN_POINT ( 'NONE',  ( 215.6779581651988735, 190.3886896928451620, 1.867971752449238299 ) ) ;
#4888 = CARTESIAN_POINT ( 'NONE',  ( 211.5787752192807716, -189.9671521932473013, 0.01092048699994517709 ) ) ;
#4889 = CARTESIAN_POINT ( 'NONE',  ( 164.3153013042363568, -144.0552075407001382, 25.90610467229370784 ) ) ;
#4890 = CARTESIAN_POINT ( 'NONE',  ( -215.8999999999999773, -183.4999999999999432, -0.006113443211640397570 ) ) ;
#4891 = CARTESIAN_POINT ( 'NONE',  ( 225.8999999999999488, 190.5000000000000853, 85.00000000000000000 ) ) ;
#4892 = CIRCLE ( 'NONE', #2726, 12.50000000000000355 ) ;
#4893 = VERTEX_POINT ( 'NONE', #2927 ) ;
#4894 = AXIS2_PLACEMENT_3D ( 'NONE', #75, #6025, #2473 ) ;
#4895 = CARTESIAN_POINT ( 'NONE',  ( 215.8999999999999488, -190.4999999999999716, 21.48530440293794186 ) ) ;
#4896 = CARTESIAN_POINT ( 'NONE',  ( -215.8999992168609765, 183.4999999910671988, 0.004917762184687511813 ) ) ;
#4897 = CARTESIAN_POINT ( 'NONE',  ( 215.3306208511653779, -186.1724452424040237, 0.7259595334853614634 ) ) ;
#4898 = CARTESIAN_POINT ( 'NONE',  ( -181.5456353423026883, -162.3929016417472155, 20.47999906073761878 ) ) ;
#4899 = CARTESIAN_POINT ( 'NONE',  ( 211.2380894415819625, -187.3258465585414854, 5.915669815533957099 ) ) ;
#4900 = CARTESIAN_POINT ( 'NONE',  ( -137.8454066867866175, 120.8669039518454582, 31.69333882079083864 ) ) ;
#4901 = VECTOR ( 'NONE', #1597, 1000.000000000000000 ) ;
#4902 = CARTESIAN_POINT ( 'NONE',  ( -207.9821784677829157, 186.6582189142447703, 7.660952544654698215 ) ) ;
#4903 = CARTESIAN_POINT ( 'NONE',  ( 209.2994167012816717, -190.3396747670646221, 1.597415359924455602 ) ) ;
#4904 = CARTESIAN_POINT ( 'NONE',  ( -209.8150568116798524, 190.4989399449437428, 0.1380167249375139626 ) ) ;
#4905 = CARTESIAN_POINT ( 'NONE',  ( 187.6137274614333137, 163.1573613023440146, 19.42900268891794724 ) ) ;
#4906 = CARTESIAN_POINT ( 'NONE',  ( 165.6732806046209134, -148.0367877579396065, 25.01388960699426178 ) ) ;
#4907 = CARTESIAN_POINT ( 'NONE',  ( 69.17732672567773022, -61.78955797136480754, 43.34728695340019300 ) ) ;
#4908 = CARTESIAN_POINT ( 'NONE',  ( 206.6971252196733531, -183.7484336244640133, 9.927295996414949641 ) ) ;
#4909 = CARTESIAN_POINT ( 'NONE',  ( -23.27054206948538351, -36.61716699649475260, 48.63433255017760359 ) ) ;
#4910 = DIRECTION ( 'NONE',  ( -0.000000000000000000, -0.000000000000000000, -1.000000000000000000 ) ) ;
#4911 = CARTESIAN_POINT ( 'NONE',  ( -201.1619477632856388, 176.4011042157695215, 13.99471154884962232 ) ) ;
#4912 = CARTESIAN_POINT ( 'NONE',  ( -214.7530954208169760, 186.9453591506228349, 1.970371808845221562 ) ) ;
#4913 = CARTESIAN_POINT ( 'NONE',  ( 208.3395681614906607, 189.1769674915657049, 4.569503029964127272 ) ) ;
#4914 = CARTESIAN_POINT ( 'NONE',  ( -215.8999999999999204, 190.5000000000000853, 2.000000000000001776 ) ) ;
#4915 = CARTESIAN_POINT ( 'NONE',  ( -27.79923372929254555, 21.36907115188545703, 58.88833091519260421 ) ) ;
#4916 = DIRECTION ( 'NONE',  ( -1.000000000000000000, 0.000000000000000000, 0.000000000000000000 ) ) ;
#4917 = CARTESIAN_POINT ( 'NONE',  ( 192.5516495646530473, -169.0070567160630901, 17.59096315897464535 ) ) ;
#4918 = CARTESIAN_POINT ( 'NONE',  ( -205.8612330506112755, 185.8081857144106834, 8.544109307303919820 ) ) ;
#4919 = CARTESIAN_POINT ( 'NONE',  ( -180.4396158674494473, 159.9313962930688717, 21.29245539537350496 ) ) ;
#4920 = CARTESIAN_POINT ( 'NONE',  ( -214.4198561317028862, 184.0503149867271588, 4.606609647921393602 ) ) ;
#4921 = EDGE_CURVE ( 'NONE', #2754, #7514, #6591, .T. ) ;
#4922 = CARTESIAN_POINT ( 'NONE',  ( 118.0312133768777016, -102.8088134642197105, 35.43533975736458075 ) ) ;
#4923 = CARTESIAN_POINT ( 'NONE',  ( -156.4676367586381502, -136.3342811101354641, 27.77758864161398478 ) ) ;
#4924 = DIRECTION ( 'NONE',  ( -1.000000000000000000, 0.000000000000000000, 0.000000000000000000 ) ) ;
#4925 = CARTESIAN_POINT ( 'NONE',  ( 208.8999999903295191, 190.5000000000000284, -0.0004210451845424670737 ) ) ;
#4926 = CARTESIAN_POINT ( 'NONE',  ( 215.8999524898365792, -184.4162944931416348, 0.02742834278059910411 ) ) ;
#4927 = CARTESIAN_POINT ( 'NONE',  ( 152.4111577578028403, -134.7540820138923721, 28.50479310818595735 ) ) ;
#4928 = CARTESIAN_POINT ( 'NONE',  ( -215.9000000000000057, -183.4999999999999432, -0.002946669697187515036 ) ) ;
#4929 = CARTESIAN_POINT ( 'NONE',  ( -208.7256664929743692, -189.9924899208245108, 2.849498309499803650 ) ) ;
#4930 = ORIENTED_EDGE ( 'NONE', *, *, #5811, .F. ) ;
#4931 = CARTESIAN_POINT ( 'NONE',  ( 215.8999999999998636, 190.5000000000000284, 21.48530440293794186 ) ) ;
#4932 = CARTESIAN_POINT ( 'NONE',  ( -213.8497428313908131, 188.4497459654597833, 0.007987188306419661446 ) ) ;
#4933 = CARTESIAN_POINT ( 'NONE',  ( 213.1739227277359987, -189.0871580866067063, 0.6100345902421886457 ) ) ;
#4934 = CARTESIAN_POINT ( 'NONE',  ( -195.2983743288683627, -169.6053741741158376, 16.68764172781070343 ) ) ;
#4935 = CARTESIAN_POINT ( 'NONE',  ( -215.8999999999999204, 200.5000000000000568, 70.00000000000000000 ) ) ;
#4936 = CARTESIAN_POINT ( 'NONE',  ( 209.2689191494162060, -188.2407651442732686, 5.828207579551991202 ) ) ;
#4937 = CARTESIAN_POINT ( 'NONE',  ( -148.0954238358496013, 132.0209338283919465, 29.21080000179665959 ) ) ;
#4938 = CARTESIAN_POINT ( 'NONE',  ( -209.0935040101053346, 185.2602458789030493, 8.362432454208155619 ) ) ;
#4939 = CARTESIAN_POINT ( 'NONE',  ( 210.4038611501242144, -190.1696680601382354, 1.588485104617502364 ) ) ;
#4940 = CARTESIAN_POINT ( 'NONE',  ( -215.8965711644050316, 183.4999636930880342, 0.2317353335832244010 ) ) ;
#4941 = CARTESIAN_POINT ( 'NONE',  ( 172.3580055703392873, 150.1004001437094360, 23.91782544048047399 ) ) ;
#4942 = CARTESIAN_POINT ( 'NONE',  ( 204.7730853499477632, -184.5813364950675179, 9.577132599583956463 ) ) ;
#4943 = CARTESIAN_POINT ( 'NONE',  ( 62.07252168736469855, -54.63477492337880648, 44.56201023643862413 ) ) ;
#4944 = CARTESIAN_POINT ( 'NONE',  ( 208.4940923065574339, -180.5447221877095956, 10.15278322007365119 ) ) ;
#4945 = CARTESIAN_POINT ( 'NONE',  ( 28.33577714662368763, -33.30356994650531988, 48.81709058926122680 ) ) ;
#4946 = CARTESIAN_POINT ( 'NONE',  ( -35.72406698784586609, 31.25963927590257896, 48.58992915471252871 ) ) ;
#4947 = CARTESIAN_POINT ( 'NONE',  ( -202.1351723549676649, 177.2246748509781185, 13.51223508810713092 ) ) ;
#4948 = CARTESIAN_POINT ( 'NONE',  ( -214.2189974357633275, 187.6952676945022915, 2.031642994511422717 ) ) ;
#4949 = CARTESIAN_POINT ( 'NONE',  ( 207.7013429512509219, 188.1473905561866218, 6.085235142839993117 ) ) ;
#4950 = CARTESIAN_POINT ( 'NONE',  ( -223.8999999999999204, 200.5000000000000568, 0.000000000000000000 ) ) ;
#4951 = DIRECTION ( 'NONE',  ( -0.9999999967986707983, -8.001661463974391432E-05, 0.000000000000000000 ) ) ;
#4952 = CARTESIAN_POINT ( 'NONE',  ( -33.61501813227837232, -9.762434718216114860, 58.62785129566496778 ) ) ;
#4953 = CARTESIAN_POINT ( 'NONE',  ( 197.7770592947044577, -172.5581274887318273, 15.63861618729120373 ) ) ;
#4954 = DIRECTION ( 'NONE',  ( 1.000000000000000000, 0.000000000000000000, 0.000000000000000000 ) ) ;
#4955 = CARTESIAN_POINT ( 'NONE',  ( -183.0696786179664457, 160.7666398628525144, 20.77546894244623843 ) ) ;
#4956 = CARTESIAN_POINT ( 'NONE',  ( -211.8781309002694968, 187.9633946449885400, 4.851016022533220173 ) ) ;
#4957 = DIRECTION ( 'NONE',  ( 0.000000000000000000, 0.000000000000000000, 1.000000000000000000 ) ) ;
#4958 = EDGE_CURVE ( 'NONE', #2794, #3219, #2370, .T. ) ;
#4959 = CARTESIAN_POINT ( 'NONE',  ( -118.0312132609565055, -102.8088135656136615, 35.43533977515825484 ) ) ;
#4960 = CARTESIAN_POINT ( 'NONE',  ( 212.4957979234985999, 191.5228227994365113, 0.000000000000000000 ) ) ;
#4961 = CARTESIAN_POINT ( 'NONE',  ( 215.8998805125735032, 190.4999459312763008, 0.04402816093576737699 ) ) ;
#4962 = CARTESIAN_POINT ( 'NONE',  ( 211.5787812842692404, -189.9671553146517056, 0.005933511417799684426 ) ) ;
#4963 = CARTESIAN_POINT ( 'NONE',  ( 152.1288449439716146, -135.0623251127634319, 28.45632447065331050 ) ) ;
#4964 = CARTESIAN_POINT ( 'NONE',  ( -215.6606496910272313, 183.4946183391379009, 1.890383368486210580 ) ) ;
#4965 = ORIENTED_EDGE ( 'NONE', *, *, #1103, .F. ) ;
#4966 = ADVANCED_FACE ( 'NONE', ( #1233 ), #699, .F. ) ;
#4967 = CARTESIAN_POINT ( 'NONE',  ( 215.7293584012457188, 183.4967789686988908, 1.574680594478582440 ) ) ;
#4968 = CARTESIAN_POINT ( 'NONE',  ( -214.4976670815680109, 187.8018268130998081, 0.004923799643488822528 ) ) ;
#4969 = CARTESIAN_POINT ( 'NONE',  ( 213.1899206720795803, -189.0932628728413647, 0.4109754251668049641 ) ) ;
#4970 = CARTESIAN_POINT ( 'NONE',  ( -201.6414453832955189, -181.2963029143523954, 11.90509816156066947 ) ) ;
#4971 = CARTESIAN_POINT ( 'NONE',  ( -35.00000000000000711, 0.000000000000000000, 85.00000000000000000 ) ) ;
#4972 = CARTESIAN_POINT ( 'NONE',  ( 210.6960365022727331, -188.9489363148330483, 4.286357386714127138 ) ) ;
#4973 = CARTESIAN_POINT ( 'NONE',  ( -129.4435413660322922, 115.1692344915197594, 33.07523513773571011 ) ) ;
#4974 = CARTESIAN_POINT ( 'NONE',  ( -210.6269333924752232, 183.4151166797953465, 8.322516819284214051 ) ) ;
#4975 = CARTESIAN_POINT ( 'NONE',  ( 215.7293584012458325, -183.4967789680676162, 1.574680594478727880 ) ) ;
#4976 = CARTESIAN_POINT ( 'NONE',  ( -209.8144211062815714, 190.4984001617583829, 0.1660232500839725900 ) ) ;
#4977 = CARTESIAN_POINT ( 'NONE',  ( 193.3715282835370886, 168.0010688329788593, 17.41633382310483213 ) ) ;
#4978 = LINE ( 'NONE', #53, #2114 ) ;
#4979 = CARTESIAN_POINT ( 'NONE',  ( 84.38305089831665384, -74.98297519862953209, 40.96376721231134610 ) ) ;
#4980 = CARTESIAN_POINT ( 'NONE',  ( 209.5041515886273658, -182.5920565848511785, 9.222865560624949666 ) ) ;
#4981 = CARTESIAN_POINT ( 'NONE',  ( -31.91863753465075959, 27.96788146149933496, 49.15921373212638201 ) ) ;
#4982 = CARTESIAN_POINT ( 'NONE',  ( -201.3075981466834889, 178.1508702484841251, 13.47892023048107113 ) ) ;
#4983 = CARTESIAN_POINT ( 'NONE',  ( -214.9665053653461371, 186.0674893832270129, 2.438710993463892418 ) ) ;
#4984 = CARTESIAN_POINT ( 'NONE',  ( 215.7294212074127699, 182.1634456520886545, 1.574882225973271543 ) ) ;
#4985 = EDGE_LOOP ( 'NONE', ( #1180, #4512, #2474, #2135 ) ) ;
#4986 = CARTESIAN_POINT ( 'NONE',  ( -34.76455899002925776, 4.185544674171059576, 58.56052692533013015 ) ) ;
#4987 = CARTESIAN_POINT ( 'NONE',  ( -34.81378179686618779, -4.161700548733249683, 58.55781645694725057 ) ) ;
#4988 = CARTESIAN_POINT ( 'NONE',  ( 198.9694078801766750, -173.0765606687141940, 15.16463547414619484 ) ) ;
#4989 = CARTESIAN_POINT ( 'NONE',  ( -216.0720685486026866, -183.4968063912046148, 0.000000000000000000 ) ) ;
#4990 = CARTESIAN_POINT ( 'NONE',  ( -187.6139287976768344, 163.1575317014821849, 19.42893628160205566 ) ) ;
#4991 = B_SPLINE_SURFACE_WITH_KNOTS ( 'NONE', 3, 3, ( 
 ( #4128, #3486, #444, #4799 ),
 ( #1636, #2893, #6518, #1791 ),
 ( #5890, #5970, #4044, #7703 ),
 ( #4207, #1757, #2302, #1125 ),
 ( #603, #1040, #4684, #6560 ),
 ( #3568, #5343, #2929, #6593 ),
 ( #567, #4722, #2968, #7740 ),
 ( #7075, #7115, #2339, #1198 ),
 ( #4760, #7153, #4172, #5380 ),
 ( #7779, #2379, #3604, #6435 ),
 ( #3007, #5416, #2219, #3442 ),
 ( #2847, #3334, #1649, #415 ),
 ( #5192, #4656, #1607, #3454 ) ),
 .UNSPECIFIED., .F., .F., .F.,
 ( 4, 1, 1, 1, 1, 1, 1, 1, 1, 1, 4 ),
 ( 4, 4 ),
 ( 0.000000000000000000, 0.1250000000000000000, 0.2500000000000000000, 0.3125000000000000000, 0.3750000000000000000, 0.5000000000000000000, 0.6250000000000000000, 0.6875000000000000000, 0.7500000000000000000, 0.8750000000000000000, 1.000000000000000000 ),
 ( 0.000000000000000000, 1.000000000000000000 ),
 .UNSPECIFIED. ) ;
#4992 = CARTESIAN_POINT ( 'NONE',  ( -209.8970997085287138, 189.1280619799117346, 4.455381620796842412 ) ) ;
#4993 = CARTESIAN_POINT ( 'NONE',  ( 211.1073702656656508, -189.4901860572992973, 3.021478691414883233 ) ) ;
#4994 = CARTESIAN_POINT ( 'NONE',  ( 211.1671472204582471, -181.7123256714568811, 8.161044686305693574 ) ) ;
#4995 = CARTESIAN_POINT ( 'NONE',  ( -36.91230832197884126, -32.22513249897788512, 48.41531176924046775 ) ) ;
#4996 = CARTESIAN_POINT ( 'NONE',  ( 215.4917719816858721, 189.3126732529279650, 0.000000000000000000 ) ) ;
#4997 = CARTESIAN_POINT ( 'NONE',  ( 215.8999978431545230, 190.4999990227337605, 0.001173247198951065566 ) ) ;
#4998 = CARTESIAN_POINT ( 'NONE',  ( 208.8999995613068847, -190.4999989409844261, 0.004307380242755068193 ) ) ;
#4999 = CARTESIAN_POINT ( 'NONE',  ( 153.1066945474073577, -133.9660813252271794, 28.50938976923013612 ) ) ;
#5000 = CARTESIAN_POINT ( 'NONE',  ( -215.5722117974847833, 183.4907493359046100, 2.200685460775027025 ) ) ;
#5001 = EDGE_LOOP ( 'NONE', ( #1667, #6382, #1372, #3011 ) ) ;
#5002 = EDGE_CURVE ( 'NONE', #7215, #6983, #32, .T. ) ;
#5003 = EDGE_LOOP ( 'NONE', ( #1506, #5795, #2113, #4171 ) ) ;
#5004 = CARTESIAN_POINT ( 'NONE',  ( 215.2338922915975559, 183.4574704826158040, 3.112794624502929430 ) ) ;
#5005 = CARTESIAN_POINT ( 'NONE',  ( -209.8162978572970587, 190.5000000000000000, -0.1014346312128484584 ) ) ;
#5006 = CARTESIAN_POINT ( 'NONE',  ( 212.4238909194778842, -189.6158732543408121, 0.1368582076719150886 ) ) ;
#5007 = CARTESIAN_POINT ( 'NONE',  ( -209.8183769960662914, -180.8567621039789515, 9.223398008771654943 ) ) ;
#5008 = CARTESIAN_POINT ( 'NONE',  ( 33.96585066845081258, 29.51814676378753433, 58.93158553432866142 ) ) ;
#5009 = CARTESIAN_POINT ( 'NONE',  ( 214.5718427820324905, -183.3163941515639976, 4.360739780451576841 ) ) ;
#5010 = CARTESIAN_POINT ( 'NONE',  ( -137.5957609827330259, 121.1512555508268321, 31.69808332036321019 ) ) ;
#5011 = CARTESIAN_POINT ( 'NONE',  ( -208.3640192354065448, 188.0912682805136740, 6.160090536186403121 ) ) ;
#5012 = CARTESIAN_POINT ( 'NONE',  ( -33.96585066845099021, -29.51814676378728208, 58.93158553432861879 ) ) ;
#5013 = CARTESIAN_POINT ( 'NONE',  ( -214.4973392536116137, 187.8017366543962794, 0.06959026443995473821 ) ) ;
#5014 = CARTESIAN_POINT ( 'NONE',  ( 206.6370935277443834, 182.3525324299889689, 11.35891276175534692 ) ) ;
#5015 = EDGE_CURVE ( 'NONE', #1217, #509, #6773, .T. ) ;
#5016 = CARTESIAN_POINT ( 'NONE',  ( 215.5215658342365543, -184.3696528005320943, 2.347190583734340308 ) ) ;
#5017 = CARTESIAN_POINT ( 'NONE',  ( 208.5659086866171776, -189.6199046863117132, 3.736596359337156503 ) ) ;
#5018 = CARTESIAN_POINT ( 'NONE',  ( 99.14753186405800989, -88.66270634118022542, 38.40199282175995421 ) ) ;
#5019 = TOROIDAL_SURFACE ( 'NONE', #4894, 8.000000000000000000, 2.000000000000000000 ) ;
#5020 = CARTESIAN_POINT ( 'NONE',  ( 210.5789678436071597, -184.1263874749426179, 8.159403267020817196 ) ) ;
#5021 = CARTESIAN_POINT ( 'NONE',  ( -35.69826328446260533, 31.28927928901283195, 48.59039139484940506 ) ) ;
#5022 = CARTESIAN_POINT ( 'NONE',  ( -205.2641151339605017, 182.3846848917160060, 10.94585854958279825 ) ) ;
#5023 = VECTOR ( 'NONE', #5770, 1000.000000000000000 ) ;
#5024 = CARTESIAN_POINT ( 'NONE',  ( -212.9709663177729055, 188.9766146087795278, 1.854486311372128826 ) ) ;
#5025 = FACE_OUTER_BOUND ( 'NONE', #4589, .T. ) ;
#5026 = CARTESIAN_POINT ( 'NONE',  ( -215.7311553181739612, -142.1634460671109252, 1.580433870365707261 ) ) ;
#5027 = ORIENTED_EDGE ( 'NONE', *, *, #6383, .T. ) ;
#5028 = CARTESIAN_POINT ( 'NONE',  ( -217.4547442831701574, 185.5107768018916090, 0.000000000000000000 ) ) ;
#5029 = CARTESIAN_POINT ( 'NONE',  ( -32.05582382108963202, -14.20499185849958224, 58.71056696534360242 ) ) ;
#5030 = CARTESIAN_POINT ( 'NONE',  ( 203.1241767801037952, -175.9311586781313963, 13.22682630650795943 ) ) ;
#5031 = CARTESIAN_POINT ( 'NONE',  ( -215.8999999999999204, 150.0000000000000000, 42.49999999999999289 ) ) ;
#5032 = CARTESIAN_POINT ( 'NONE',  ( -185.6554222128837353, 165.3728052230925698, 19.40530027456282269 ) ) ;
#5033 = CARTESIAN_POINT ( 'NONE',  ( -213.4211460658872568, 186.1684896715734112, 4.971224421300226126 ) ) ;
#5034 = CARTESIAN_POINT ( 'NONE',  ( 213.6173257305549669, -187.3130654452001806, 3.743849805946793285 ) ) ;
#5035 = DIRECTION ( 'NONE',  ( 1.000000000000000000, -0.000000000000000000, -0.000000000000000000 ) ) ;
#5036 = CARTESIAN_POINT ( 'NONE',  ( 210.6253029142125683, -190.1154549021747755, 1.587034789485732622 ) ) ;
#5037 = CARTESIAN_POINT ( 'NONE',  ( 210.4923274269656304, 190.4923827100120093, 2.559318313763071554E-12 ) ) ;
#5038 = CARTESIAN_POINT ( 'NONE',  ( 215.8999990868559280, 183.5000000040463135, 0.003825491945030903233 ) ) ;
#5039 = CARTESIAN_POINT ( 'NONE',  ( 215.8999950890368780, -183.4999999445028891, 0.008482656851184893279 ) ) ;
#5040 = CARTESIAN_POINT ( 'NONE',  ( 149.1877507598855459, -130.8114241627077661, 29.33418780416046800 ) ) ;
#5041 = CARTESIAN_POINT ( 'NONE',  ( -225.8999999999999204, -150.0000000000000000, 62.50000000000001421 ) ) ;
#5042 = ORIENTED_EDGE ( 'NONE', *, *, #954, .F. ) ;
#5043 = FACE_OUTER_BOUND ( 'NONE', #4176, .T. ) ;
#5044 = CARTESIAN_POINT ( 'NONE',  ( -215.3671567275790437, 186.1787840265556326, -0.04063248314221953178 ) ) ;
#5045 = CARTESIAN_POINT ( 'NONE',  ( 215.3578507640477255, -186.1771973346885432, 0.3665455125588079621 ) ) ;
#5046 = CARTESIAN_POINT ( 'NONE',  ( -214.4654160993530354, -183.2872175591596147, 4.533433562890911261 ) ) ;
#5047 = LINE ( 'NONE', #7483, #6021 ) ;
#5048 = CARTESIAN_POINT ( 'NONE',  ( 210.4594507658996463, -188.6415543460576600, 4.845705912640755564 ) ) ;
#5049 = CARTESIAN_POINT ( 'NONE',  ( -137.3439272434595182, 121.4330359006410447, 31.68014501311832021 ) ) ;
#5050 = CARTESIAN_POINT ( 'NONE',  ( -210.3197087325426935, 186.4287362522174192, 7.099929353695817014 ) ) ;
#5051 = CARTESIAN_POINT ( 'NONE',  ( 214.8072750354386642, -186.9341856962651889, 1.573116341641441096 ) ) ;
#5052 = CARTESIAN_POINT ( 'NONE',  ( -215.7172677490914339, 185.3321671634305687, 0.08894072081548397291 ) ) ;
#5053 = CARTESIAN_POINT ( 'NONE',  ( 213.1837921189832343, 188.2586351694105815, 6.459766722994164212 ) ) ;
#5054 = CARTESIAN_POINT ( 'NONE',  ( 209.7342135576292321, -190.3934966160597071, 1.335752156143869662 ) ) ;
#5055 = CARTESIAN_POINT ( 'NONE',  ( -111.2458755023839245, -107.7695594332812590, 35.21051340716660150 ) ) ;
#5056 = EDGE_CURVE ( 'NONE', #6178, #4534, #4782, .T. ) ;
#5057 = CARTESIAN_POINT ( 'NONE',  ( 114.1780033976618114, -102.0466686459302394, 35.80006992429463963 ) ) ;
#5058 = CARTESIAN_POINT ( 'NONE',  ( 210.0082976670908010, -183.6879987299410004, 8.645408637969886456 ) ) ;
#5059 = CARTESIAN_POINT ( 'NONE',  ( -50.36914609222071704, 45.08012619885463579, 46.26960720655915793 ) ) ;
#5060 = CARTESIAN_POINT ( 'NONE',  ( -202.5249247112380147, 182.2040556746050015, 11.29877950644541151 ) ) ;
#5061 = CARTESIAN_POINT ( 'NONE',  ( -212.2688141530557573, 189.5266057712983070, 1.515961452409964716 ) ) ;
#5062 = CARTESIAN_POINT ( 'NONE',  ( 200.3468716180875049, 180.0053266412988364, 12.68719774478108597 ) ) ;
#5063 = CARTESIAN_POINT ( 'NONE',  ( -4.247934936434903719, 34.74662100916913232, 57.96178192934249296 ) ) ;
#5064 = PLANE ( 'NONE',  #1822 ) ;
#5065 = CARTESIAN_POINT ( 'NONE',  ( 215.7178087366781654, -185.3322351905149787, -0.7499908772981371818 ) ) ;
#5066 = CARTESIAN_POINT ( 'NONE',  ( 200.6296227911573169, -177.0025197394012935, 13.98377215824615760 ) ) ;
#5067 = DIRECTION ( 'NONE',  ( -1.000000000000000000, 0.000000000000000000, 0.000000000000000000 ) ) ;
#5068 = CARTESIAN_POINT ( 'NONE',  ( -193.1756316785955221, 168.2540582870296646, 17.48719855059671602 ) ) ;
#5069 = CARTESIAN_POINT ( 'NONE',  ( -214.6025513130954891, 184.9851414446119122, 4.046416062758814824 ) ) ;
#5070 = CARTESIAN_POINT ( 'NONE',  ( 214.0261570342109962, -186.5556176384888261, 3.909350962020373910 ) ) ;
#5071 = DIRECTION ( 'NONE',  ( -1.000000000000000000, 0.000000000000000000, 0.000000000000000000 ) ) ;
#5072 = CARTESIAN_POINT ( 'NONE',  ( 211.9554597972906151, -191.7448700567164224, 0.000000000000000000 ) ) ;
#5073 = CARTESIAN_POINT ( 'NONE',  ( 215.8999999999998352, 183.5000000000000284, -0.001363282941627990807 ) ) ;
#5074 = CARTESIAN_POINT ( 'NONE',  ( 213.2018228742453516, -189.0976663069404538, 0.007482855880495147341 ) ) ;
#5075 = CARTESIAN_POINT ( 'NONE',  ( 176.1603400214558235, -153.3778084321252493, 22.89858494491846841 ) ) ;
#5076 = DIRECTION ( 'NONE',  ( 0.000000000000000000, -0.000000000000000000, 1.000000000000000000 ) ) ;
#5077 = ADVANCED_BREP_SHAPE_REPRESENTATION ( 'Concept 01 Sink-one', ( #3068, #3056, #3083 ), #3332 ) ;
#5078 = EDGE_LOOP ( 'NONE', ( #6292, #3661, #4816, #5176 ) ) ;
#5079 = CARTESIAN_POINT ( 'NONE',  ( 32.05663618055179143, 14.20321133327988150, 58.71052717879654637 ) ) ;
#5080 = CARTESIAN_POINT ( 'NONE',  ( -213.8497474683058783, 188.4497474683058442, -0.06089986583242601448 ) ) ;
#5081 = CARTESIAN_POINT ( 'NONE',  ( 215.0072982211433157, -187.0233153976835183, 0.3626180382863030682 ) ) ;
#5082 = CARTESIAN_POINT ( 'NONE',  ( -214.3644411650247434, -183.2566145001687232, 4.687113910689806318 ) ) ;
#5083 = FILL_AREA_STYLE ('',( #3938 ) ) ;
#5084 = CARTESIAN_POINT ( 'NONE',  ( 208.5044124951398317, -189.4945419716293884, 3.983025736357450164 ) ) ;
#5085 = CARTESIAN_POINT ( 'NONE',  ( -170.7275645985571941, 151.9405880981883286, 23.88378261660159296 ) ) ;
#5086 = CARTESIAN_POINT ( 'NONE',  ( -210.9247959129116339, 186.0750163192585092, 6.978433585712550347 ) ) ;
#5087 = CIRCLE ( 'NONE', #2321, 2.000000000000000000 ) ;
#5088 = CARTESIAN_POINT ( 'NONE',  ( -33.61578207880945968, -9.759807609809778128, 58.62780865056947732 ) ) ;
#5089 = CARTESIAN_POINT ( 'NONE',  ( -213.2016632978520079, 189.0976057643374872, 0.04854749992069830322 ) ) ;
#5090 = CARTESIAN_POINT ( 'NONE',  ( 209.7489109699808978, -190.4168167807108034, 1.174240235587673320 ) ) ;
#5091 = CARTESIAN_POINT ( 'NONE',  ( 91.41179233186834097, -109.4502229970678968, 34.14623512106970082 ) ) ;
#5092 = CARTESIAN_POINT ( 'NONE',  ( 208.6881228761110378, -186.5536561769412742, 7.566446893236047799 ) ) ;
#5093 = CARTESIAN_POINT ( 'NONE',  ( -62.40731575079010440, 54.25136791237788714, 44.55080472834561078 ) ) ;
#5094 = AXIS2_PLACEMENT_3D ( 'NONE', #450, #2226, #7041 ) ;
#5095 = VERTEX_POINT ( 'NONE', #4296 ) ;
#5096 = ADVANCED_FACE ( 'NONE', ( #5467, #7201 ), #1288, .T. ) ;
#5097 = CARTESIAN_POINT ( 'NONE',  ( -204.1035171507944597, 182.5633545839439762, 11.03326533847890722 ) ) ;
#5098 = CARTESIAN_POINT ( 'NONE',  ( -210.6416893072110099, 190.2428230695210516, 1.199298753042706389 ) ) ;
#5099 = CARTESIAN_POINT ( 'NONE',  ( 0.000000000000000000, 0.000000000000000000, 85.00000000000000000 ) ) ;
#5100 = CARTESIAN_POINT ( 'NONE',  ( 210.8999999999999773, -150.0000000000000000, 50.00000000000000000 ) ) ;
#5101 = CYLINDRICAL_SURFACE ( 'NONE', #2989, 35.00000000000000711 ) ;
#5102 = CARTESIAN_POINT ( 'NONE',  ( 201.1430048318160289, -174.3659729066609430, 14.19147622413489529 ) ) ;
#5103 = CARTESIAN_POINT ( 'NONE',  ( -225.8999999999999204, -200.5000000000000284, 70.00000000000000000 ) ) ;
#5104 = CARTESIAN_POINT ( 'NONE',  ( -192.7616208961100597, 168.7569157069233938, 17.56374235524807759 ) ) ;
#5105 = CARTESIAN_POINT ( 'NONE',  ( -210.2150881362079247, 189.6186970135020431, 3.450624348258474861 ) ) ;
#5106 = CARTESIAN_POINT ( 'NONE',  ( 211.9719109111182433, -189.2534083110527092, 2.805037012712191302 ) ) ;
#5107 = CARTESIAN_POINT ( 'NONE',  ( 174.0383856325677812, 190.3212140693465528, 1.552117364033504199 ) ) ;
#5108 = CARTESIAN_POINT ( 'NONE',  ( 212.2917405581212051, -189.4460995022199654, 1.578916552387327865 ) ) ;
#5109 = CARTESIAN_POINT ( 'NONE',  ( 208.9000000000009436, 190.5000000000000284, -0.2632554525766324094 ) ) ;
#5110 = CARTESIAN_POINT ( 'NONE',  ( 210.7322351905149560, -190.3178087366781881, 6.062116553582942984E-05 ) ) ;
#5111 = CARTESIAN_POINT ( 'NONE',  ( 171.0615107485062083, -151.5842691777725975, 23.95953354863931395 ) ) ;
#5112 = CARTESIAN_POINT ( 'NONE',  ( -40.33923046242563970, -36.03024556804946599, 47.82660554217602566 ) ) ;
#5113 = ORIENTED_EDGE ( 'NONE', *, *, #2585, .T. ) ;
#5114 = CARTESIAN_POINT ( 'NONE',  ( 12.09514244349778522, 41.26642201054287540, 48.31432030501892427 ) ) ;
#5115 = CARTESIAN_POINT ( 'NONE',  ( 31.99324739203492740, -14.20236143095383774, 58.71258955890278486 ) ) ;
#5116 = CARTESIAN_POINT ( 'NONE',  ( -208.9000000000000909, 190.5000000000000284, -0.1825041619736932907 ) ) ;
#5117 = CARTESIAN_POINT ( 'NONE',  ( 215.8939781257593040, -184.4158858478987213, 0.3033730844726340026 ) ) ;
#5118 = CARTESIAN_POINT ( 'NONE',  ( -213.8266206583277267, -188.8524617333627305, 5.704499676051347556 ) ) ;
#5119 = CARTESIAN_POINT ( 'NONE',  ( 210.5357863299576593, -188.7399792720071900, 4.675755241047043320 ) ) ;
#5120 = CARTESIAN_POINT ( 'NONE',  ( -164.0122925921960757, 144.4018972320268119, 25.91672610903067309 ) ) ;
#5121 = CARTESIAN_POINT ( 'NONE',  ( -207.7202946457408075, 188.1835886563131055, 6.024494714765651793 ) ) ;
#5122 = AXIS2_PLACEMENT_3D ( 'NONE', #5476, #2624, #1296 ) ;
#5123 = CARTESIAN_POINT ( 'NONE',  ( -32.92961973955803501, -11.87139379942530226, 50.00783932129995435 ) ) ;
#5124 = CARTESIAN_POINT ( 'NONE',  ( -215.8998066466325270, 183.4999978503432203, 0.05513505110726477088 ) ) ;
#5125 = CARTESIAN_POINT ( 'NONE',  ( 211.2710870301299337, -189.6948779266196823, 2.352574673646746994 ) ) ;
#5126 = CARTESIAN_POINT ( 'NONE',  ( -25.60813520224255768, -112.5480210578140401, 31.96277954046265179 ) ) ;
#5127 = CARTESIAN_POINT ( 'NONE',  ( 207.9653745699044123, -185.7774707075600418, 8.336446958313832312 ) ) ;
#5128 = CARTESIAN_POINT ( 'NONE',  ( -76.61041493218358767, 68.57368218072232935, 42.12425283020846933 ) ) ;
#5129 = AXIS2_PLACEMENT_3D ( 'NONE', #2297, #4382, #1300 ) ;
#5130 = VERTEX_POINT ( 'NONE', #3691 ) ;
#5131 = CARTESIAN_POINT ( 'NONE',  ( -206.5868046111476986, 180.9441386878407059, 11.05850989165398879 ) ) ;
#5132 = CARTESIAN_POINT ( 'NONE',  ( -209.7778023179565992, 190.4592130753295010, 0.8326130291413242901 ) ) ;
#5133 = AXIS2_PLACEMENT_3D ( 'NONE', #1293, #5398, #1331 ) ;
#5134 = CARTESIAN_POINT ( 'NONE',  ( 40.33923046291903347, 36.03024556849648263, 47.82660554209961390 ) ) ;
#5135 = CARTESIAN_POINT ( 'NONE',  ( -215.7335303889696263, 41.99999892439754490, 1.587963651693777400 ) ) ;
#5136 = ORIENTED_EDGE ( 'NONE', *, *, #7790, .T. ) ;
#5137 = DIRECTION ( 'NONE',  ( -0.000000000000000000, 0.000000000000000000, -1.000000000000000000 ) ) ;
#5138 = CARTESIAN_POINT ( 'NONE',  ( -211.8927972770563031, 189.6571127529926173, 1.580410758754222211 ) ) ;
#5139 = CARTESIAN_POINT ( 'NONE',  ( 199.8501267428628125, -179.5188406865922275, 12.96167530266507839 ) ) ;
#5140 = CARTESIAN_POINT ( 'NONE',  ( -209.7929030215164516, -190.6258561070931137, 1.282646073400411368E-12 ) ) ;
#5141 = CARTESIAN_POINT ( 'NONE',  ( -187.3030735707436918, 167.2690567414399538, 18.69233947835017062 ) ) ;
#5142 = CIRCLE ( 'NONE', #5274, 10.00000000000000888 ) ;
#5143 = CARTESIAN_POINT ( 'NONE',  ( -212.3908688596546597, 188.4711448488160954, 3.742438747556487755 ) ) ;
#5144 = CARTESIAN_POINT ( 'NONE',  ( 208.7991650168464730, -190.1954177436377051, 2.205400003533676490 ) ) ;
#5145 = CARTESIAN_POINT ( 'NONE',  ( 223.8999999999999488, -200.5000000000000284, 2.000000000000001776 ) ) ;
#5146 = LINE ( 'NONE', #6914, #2987 ) ;
#5147 = ORIENTED_EDGE ( 'NONE', *, *, #84, .F. ) ;
#5148 = CARTESIAN_POINT ( 'NONE',  ( -69.99073532884636961, -190.7239199611153992, 3.546601181631907634E-10 ) ) ;
#5149 = CARTESIAN_POINT ( 'NONE',  ( 214.4976678967872203, -187.8018270398243885, -0.1014346312125887634 ) ) ;
#5150 = CARTESIAN_POINT ( 'NONE',  ( 181.7084124657785935, -158.4868230955312640, 21.27954061956527454 ) ) ;
#5151 = ADVANCED_FACE ( 'NONE', ( #690 ), #6770, .T. ) ;
#5152 = CARTESIAN_POINT ( 'NONE',  ( -33.01262735031749429, 28.90003036334078246, 48.99633025722246060 ) ) ;
#5153 = EDGE_CURVE ( 'NONE', #11, #7708, #6732, .T. ) ;
#5154 = CARTESIAN_POINT ( 'NONE',  ( -33.01262735031749429, 28.90003036334078246, 48.99633025722246060 ) ) ;
#5155 = CARTESIAN_POINT ( 'NONE',  ( 215.8999999999999488, -198.5000000000000284, 0.000000000000000000 ) ) ;
#5156 = CARTESIAN_POINT ( 'NONE',  ( 31.93875158263203318, -14.32522399625486464, 50.00883764727381475 ) ) ;
#5157 = CARTESIAN_POINT ( 'NONE',  ( -215.7178087366782506, 185.3322351905149787, -0.1014346312128484584 ) ) ;
#5158 = CARTESIAN_POINT ( 'NONE',  ( 213.2015591455346168, -189.0975664238121965, 0.06127336404039989554 ) ) ;
#5159 = CARTESIAN_POINT ( 'NONE',  ( -212.1042202329255417, -187.2635131063174470, 7.520589469873655730 ) ) ;
#5160 = CARTESIAN_POINT ( 'NONE',  ( -215.9000000000000625, 190.5000000000000284, 0.000000000000000000 ) ) ;
#5161 = CARTESIAN_POINT ( 'NONE',  ( 213.8061979559880967, -186.4181849891135130, 4.328710431658726598 ) ) ;
#5162 = CARTESIAN_POINT ( 'NONE',  ( -211.0736853867230991, 185.3297101954878485, 7.348261907082039635 ) ) ;
#5163 = CARTESIAN_POINT ( 'NONE',  ( -11.98759635493205522, -32.97333026768006903, 58.17543218742751066 ) ) ;
#5164 = CARTESIAN_POINT ( 'NONE',  ( -31.93875158264121694, 14.32522399625748832, 50.00883764726916780 ) ) ;
#5165 = CARTESIAN_POINT ( 'NONE',  ( -215.3662504555246926, 186.1786265031783785, 0.1185113504828870928 ) ) ;
#5166 = CARTESIAN_POINT ( 'NONE',  ( 215.3809683280707645, -184.3419711814111110, 2.755472362732869662 ) ) ;
#5167 = CARTESIAN_POINT ( 'NONE',  ( 45.97407920719496133, -111.8991605672696323, 32.44865345979901861 ) ) ;
#5168 = CARTESIAN_POINT ( 'NONE',  ( 207.7275741747976667, -185.5289034376810093, 8.564262153236027686 ) ) ;
#5169 = CARTESIAN_POINT ( 'NONE',  ( -54.28591848937850273, 48.24794293511398280, 45.70597058823009462 ) ) ;
#5170 = ORIENTED_EDGE ( 'NONE', *, *, #3453, .F. ) ;
#5171 = CARTESIAN_POINT ( 'NONE',  ( -206.1478738052963706, 178.2487703507121068, 11.60075614966440227 ) ) ;
#5172 = CARTESIAN_POINT ( 'NONE',  ( -212.3289482576753073, 189.5673753669143196, 1.162333777884883901 ) ) ;
#5173 = FACE_OUTER_BOUND ( 'NONE', #914, .T. ) ;
#5174 = CARTESIAN_POINT ( 'NONE',  ( -38.73630850992378072, 20.20465700185645730, 48.84491081138001078 ) ) ;
#5175 = CARTESIAN_POINT ( 'NONE',  ( -1.211912216317691637, 35.00011072952369062, 57.92963099015948814 ) ) ;
#5176 = ORIENTED_EDGE ( 'NONE', *, *, #1150, .T. ) ;
#5177 = DIRECTION ( 'NONE',  ( -1.000000000000000000, 0.000000000000000000, 0.000000000000000000 ) ) ;
#5178 = CARTESIAN_POINT ( 'NONE',  ( 199.2354349461924699, -174.7576946605249475, 14.87320474751414423 ) ) ;
#5179 = CARTESIAN_POINT ( 'NONE',  ( -213.8733651714676967, -188.1861335988561450, 1.574576500437323778 ) ) ;
#5180 = CARTESIAN_POINT ( 'NONE',  ( -196.5009068793829101, 175.7913607807772109, 14.96937076401461830 ) ) ;
#5181 = CARTESIAN_POINT ( 'NONE',  ( -214.5341643937461811, 184.9556397970847854, 4.165790017259036304 ) ) ;
#5182 = CYLINDRICAL_SURFACE ( 'NONE', #966, 10.00000000000000888 ) ;
#5183 = DIRECTION ( 'NONE',  ( 1.000000000000000000, -0.000000000000000000, -0.000000000000000000 ) ) ;
#5184 = CYLINDRICAL_SURFACE ( 'NONE', #3490, 12.50000000000000355 ) ;
#5185 = ORIENTED_EDGE ( 'NONE', *, *, #624, .F. ) ;
#5186 = CARTESIAN_POINT ( 'NONE',  ( 208.8999999999998352, 190.5000000000000284, -1.398227080112045995 ) ) ;
#5187 = CARTESIAN_POINT ( 'NONE',  ( 208.8999999999999204, -190.4999999999999716, -0.1014346312125887634 ) ) ;
#5188 = CARTESIAN_POINT ( 'NONE',  ( 170.5600668060446310, -152.1155627012637694, 23.83323130526348876 ) ) ;
#5189 = CARTESIAN_POINT ( 'NONE',  ( -215.8999999999999204, -150.0000000000000000, 62.50000000000001421 ) ) ;
#5190 = ORIENTED_EDGE ( 'NONE', *, *, #6012, .T. ) ;
#5191 = EDGE_CURVE ( 'NONE', #187, #7549, #4398, .T. ) ;
#5192 = CARTESIAN_POINT ( 'NONE',  ( -215.9000000000000909, 190.5000000000000284, 0.000000000000000000 ) ) ;
#5193 = CARTESIAN_POINT ( 'NONE',  ( 40.31000742522536484, -16.62589300385872093, 48.79190744907141664 ) ) ;
#5194 = CARTESIAN_POINT ( 'NONE',  ( -213.8497474683058783, 188.4497474683058442, -0.7499908772995507178 ) ) ;
#5195 = CARTESIAN_POINT ( 'NONE',  ( 213.3294820692230758, 188.3933925690283502, 6.299727764471062308 ) ) ;
#5196 = CARTESIAN_POINT ( 'NONE',  ( 210.7321081048721965, -190.3177284447870647, 0.04156193057459220408 ) ) ;
#5197 = CARTESIAN_POINT ( 'NONE',  ( 114.5071042593232704, -101.6876020733997592, 35.87309517950315296 ) ) ;
#5198 = CARTESIAN_POINT ( 'NONE',  ( -208.8898533952596210, -190.4737674796699594, 0.6511898075814890330 ) ) ;
#5199 = CARTESIAN_POINT ( 'NONE',  ( -69.61485876471043355, 192.1711732917130746, 5.204170427930421283E-15 ) ) ;
#5200 = CARTESIAN_POINT ( 'NONE',  ( 211.6663795938248427, -188.9155171530630639, 3.751089791319639044 ) ) ;
#5201 = CARTESIAN_POINT ( 'NONE',  ( -213.4077298285264419, 184.4115904806293997, 5.794531306815764893 ) ) ;
#5202 = CARTESIAN_POINT ( 'NONE',  ( -43.38327672689452896, 2.643136778276477195, 48.67076288934554640 ) ) ;
#5203 = CARTESIAN_POINT ( 'NONE',  ( -212.4253149115498900, 189.6164967129654713, 0.01533553975679767187 ) ) ;
#5204 = CARTESIAN_POINT ( 'NONE',  ( 215.2200839897723483, -186.1489368890542266, 1.470205134106835398 ) ) ;
#5205 = CARTESIAN_POINT ( 'NONE',  ( 197.9083333333332746, -190.4999999999999716, 20.42102634933840477 ) ) ;
#5206 = CARTESIAN_POINT ( 'NONE',  ( 213.0342568766704403, -182.7265905197122891, 6.374629066154963830 ) ) ;
#5207 = CARTESIAN_POINT ( 'NONE',  ( -77.50364546926459752, 67.56838083348385737, 42.18453722289564212 ) ) ;
#5208 = VECTOR ( 'NONE', #7665, 1000.000000000000000 ) ;
#5209 = EDGE_LOOP ( 'NONE', ( #1583, #2683, #3147, #6140 ) ) ;
#5210 = CARTESIAN_POINT ( 'NONE',  ( -206.4073817351644209, 186.4609857189878994, 7.928203216314776647 ) ) ;
#5211 = CARTESIAN_POINT ( 'NONE',  ( -215.6750586252442190, 184.3942264866466303, 1.812342890173556764 ) ) ;
#5212 = CARTESIAN_POINT ( 'NONE',  ( 173.1630905339931701, 154.7859985066147885, 23.00817883398503128 ) ) ;
#5213 = CARTESIAN_POINT ( 'NONE',  ( 209.3214379092517277, 190.6679847219796216, 0.000000000000000000 ) ) ;
#5214 = CARTESIAN_POINT ( 'NONE',  ( 46.77148505286687907, -41.55459264866019709, 46.86475755026366841 ) ) ;
#5215 = EDGE_LOOP ( 'NONE', ( #7040, #7683 ) ) ;
#5216 = DIRECTION ( 'NONE',  ( -1.000000000000000000, 0.000000000000000000, 0.000000000000000000 ) ) ;
#5217 = LINE ( 'NONE', #6316, #5636 ) ;
#5218 = CARTESIAN_POINT ( 'NONE',  ( 204.3619666242248343, -178.5303827923439144, 12.46267530227738796 ) ) ;
#5219 = CARTESIAN_POINT ( 'NONE',  ( -215.2918285959628975, -185.9150836354974956, 1.572841804821942358 ) ) ;
#5220 = EDGE_LOOP ( 'NONE', ( #6448, #4339, #359, #5284 ) ) ;
#5221 = CARTESIAN_POINT ( 'NONE',  ( -197.2767330779532813, 175.0331193900342441, 15.22257938340382744 ) ) ;
#5222 = CARTESIAN_POINT ( 'NONE',  ( -213.9486376214353811, 186.5080554126963932, 4.065647975290979765 ) ) ;
#5223 = DIRECTION ( 'NONE',  ( -0.7547966814264607249, 0.6559588170819885544, 0.000000000000000000 ) ) ;
#5224 = LINE ( 'NONE', #2143, #5023 ) ;
#5225 = DIRECTION ( 'NONE',  ( 0.000000000000000000, -1.000000000000000000, 0.000000000000000000 ) ) ;
#5226 = ORIENTED_EDGE ( 'NONE', *, *, #7225, .T. ) ;
#5227 = CARTESIAN_POINT ( 'NONE',  ( 215.8999999999999204, 190.5000000000000568, 2.000000000000001776 ) ) ;
#5228 = CARTESIAN_POINT ( 'NONE',  ( 215.0165047184797800, -187.0253328625962865, -0.1014346312125887634 ) ) ;
#5229 = CARTESIAN_POINT ( 'NONE',  ( 180.4396158674492199, -159.9313962930687296, 21.29245539537351917 ) ) ;
#5230 = CARTESIAN_POINT ( 'NONE',  ( -196.6134321806154901, 170.6899041375865238, 16.16252754579344497 ) ) ;
#5231 = ORIENTED_EDGE ( 'NONE', *, *, #5153, .F. ) ;
#5232 = CARTESIAN_POINT ( 'NONE',  ( 11.98759635499668796, 32.97333026765132757, 58.17543218744925326 ) ) ;
#5233 = CARTESIAN_POINT ( 'NONE',  ( -214.6807517592563386, 190.1392100615055369, 0.000000000000000000 ) ) ;
#5234 = CARTESIAN_POINT ( 'NONE',  ( -215.7178087366782222, 185.3322351905149787, -0.3446432234953641371 ) ) ;
#5235 = CARTESIAN_POINT ( 'NONE',  ( 208.6695171221864769, 189.8540820133694353, 3.204117051043811504 ) ) ;
#5236 = CARTESIAN_POINT ( 'NONE',  ( 215.7155412725514907, -185.3319531974100016, 0.1820179904557597539 ) ) ;
#5237 = CARTESIAN_POINT ( 'NONE',  ( 100.3280934032834182, -87.33553728112447345, 38.47584345949941564 ) ) ;
#5238 = CARTESIAN_POINT ( 'NONE',  ( -208.8998279611407725, -190.4995896461719269, 0.08353524275499084328 ) ) ;
#5239 = CARTESIAN_POINT ( 'NONE',  ( -26.24432493777824860, -23.15675729803962213, 50.00000000000000000 ) ) ;
#5240 = CARTESIAN_POINT ( 'NONE',  ( 210.2529941263781552, -189.6785862757722043, 3.307408039275363087 ) ) ;
#5241 = CARTESIAN_POINT ( 'NONE',  ( -210.7630945738778223, 186.8590911575394671, 6.563439796665761605 ) ) ;
#5242 = CARTESIAN_POINT ( 'NONE',  ( -20.57605558771511056, -38.02792994077714894, 48.54612454044593761 ) ) ;
#5243 = CARTESIAN_POINT ( 'NONE',  ( -43.44105655568748148, -2.621658938942683648, 48.66820782029310521 ) ) ;
#5244 = CARTESIAN_POINT ( 'NONE',  ( -213.8497237305348335, 188.4497397871177213, 0.01806774002568070983 ) ) ;
#5245 = CARTESIAN_POINT ( 'NONE',  ( 210.6297669840304252, -190.2298179710828947, 1.292012720409450699 ) ) ;
#5246 = CARTESIAN_POINT ( 'NONE',  ( -171.4162021330275536, -151.2507828215209713, 24.15230736673634482 ) ) ;
#5247 = CARTESIAN_POINT ( 'NONE',  ( 208.6762630333575430, -187.4844416525217810, 6.767367321064567065 ) ) ;
#5248 = CARTESIAN_POINT ( 'NONE',  ( -69.92423224671689752, 60.94580480892586394, 43.38392309485521281 ) ) ;
#5249 = TOROIDAL_SURFACE ( 'NONE', #3622, 8.000000000000000000, 2.000000000000000000 ) ;
#5250 = ORIENTED_EDGE ( 'NONE', *, *, #4156, .F. ) ;
#5251 = CARTESIAN_POINT ( 'NONE',  ( -208.4370347970439923, 181.7762769749649863, 9.979074226708521067 ) ) ;
#5252 = EDGE_CURVE ( 'NONE', #1558, #432, #3724, .T. ) ;
#5253 = CARTESIAN_POINT ( 'NONE',  ( -213.8284111970068579, 188.4430500790376755, 0.5487184704657094292 ) ) ;
#5254 = CARTESIAN_POINT ( 'NONE',  ( 84.65633207453338116, 74.69840305106060896, 41.03340442892054796 ) ) ;
#5255 = CARTESIAN_POINT ( 'NONE',  ( 212.7560416979733589, 191.4006256878324450, -0.000000000000000000 ) ) ;
#5256 = CARTESIAN_POINT ( 'NONE',  ( 35.56900121523001701, -31.43727264891593620, 48.58988182091879793 ) ) ;
#5257 = MECHANICAL_DESIGN_GEOMETRIC_PRESENTATION_REPRESENTATION (  '', ( #1611 ), #6640 ) ;
#5258 = CARTESIAN_POINT ( 'NONE',  ( 225.8999999999999488, -190.5000000000000284, 70.00000000000000000 ) ) ;
#5259 = CARTESIAN_POINT ( 'NONE',  ( 203.7541727332167341, -182.8537828278887503, 10.87523807340058468 ) ) ;
#5260 = CARTESIAN_POINT ( 'NONE',  ( -215.3686716656109468, -185.7010161387055405, 1.572861270964098335 ) ) ;
#5261 = CARTESIAN_POINT ( 'NONE',  ( -197.2392811436923239, 171.1979934486997195, 15.88921695411698032 ) ) ;
#5262 = CARTESIAN_POINT ( 'NONE',  ( -215.9000000000010857, -190.5000000000022169, -0.1416513496249340032 ) ) ;
#5263 = AXIS2_PLACEMENT_3D ( 'NONE', #658, #4851, #1843 ) ;
#5264 = CARTESIAN_POINT ( 'NONE',  ( -211.2146158517629146, 189.6254306266898197, 2.595406178226802751 ) ) ;
#5265 = CARTESIAN_POINT ( 'NONE',  ( 26.32429621090497918, -23.06624773553520313, 50.00097781201389324 ) ) ;
#5266 = CARTESIAN_POINT ( 'NONE',  ( 225.8999999999999488, -200.5000000000000284, 70.00000000000000000 ) ) ;
#5267 = CARTESIAN_POINT ( 'NONE',  ( 214.5858724961204871, -187.8980886402369777, -4.440689338635771190E-14 ) ) ;
#5268 = ORIENTED_EDGE ( 'NONE', *, *, #5252, .T. ) ;
#5269 = CARTESIAN_POINT ( 'NONE',  ( 208.8999999999998352, 190.5000000000000284, -1.073949472244801751 ) ) ;
#5270 = CARTESIAN_POINT ( 'NONE',  ( 213.8497474683057931, -188.4497474683058158, -0.04063248314206800715 ) ) ;
#5271 = CARTESIAN_POINT ( 'NONE',  ( 24.56530428167812374, -35.84041861088687142, 48.67965497165006639 ) ) ;
#5272 = CARTESIAN_POINT ( 'NONE',  ( 183.3965188918611773, -164.0852153648683895, 19.86378394243868684 ) ) ;
#5273 = CARTESIAN_POINT ( 'NONE',  ( 35.00000000000000711, 4.286263797015737285E-15, 85.00000000000000000 ) ) ;
#5274 = AXIS2_PLACEMENT_3D ( 'NONE', #5810, #327, #3289 ) ;
#5275 = CARTESIAN_POINT ( 'NONE',  ( -167.3059540587069876, 148.2488658092549088, 24.91542091805599313 ) ) ;
#5276 = CARTESIAN_POINT ( 'NONE',  ( -225.8999999999999204, -200.5000000000000284, 70.00000000000000000 ) ) ;
#5277 = CARTESIAN_POINT ( 'NONE',  ( -211.5787840265556667, 189.9671567275789812, -0.4257127542561995881 ) ) ;
#5278 = CARTESIAN_POINT ( 'NONE',  ( 208.1020112841509899, 188.7695863485634789, 5.216933049599409067 ) ) ;
#5279 = CARTESIAN_POINT ( 'NONE',  ( 213.2014175920457149, -189.0975132289983378, 0.07404937708060477242 ) ) ;
#5280 = CARTESIAN_POINT ( 'NONE',  ( 144.7443954751452964, -128.2410366697941697, 30.08939429209829797 ) ) ;
#5281 = CARTESIAN_POINT ( 'NONE',  ( -215.6947682780741218, -183.4956381595553125, 1.729700797071016982 ) ) ;
#5282 = CARTESIAN_POINT ( 'NONE',  ( -139.6141447753912530, 190.6970936577491216, 5.417631682565169460E-10 ) ) ;
#5283 = CARTESIAN_POINT ( 'NONE',  ( 214.6738750741836554, -185.0151813534064047, 3.916732707859726492 ) ) ;
#5284 = ORIENTED_EDGE ( 'NONE', *, *, #3312, .F. ) ;
#5285 = CARTESIAN_POINT ( 'NONE',  ( -212.6786893417660735, 185.6650598076854806, 6.002678850898956142 ) ) ;
#5286 = CARTESIAN_POINT ( 'NONE',  ( 179.4557429495568215, 156.2087012970803244, 21.97061161061605006 ) ) ;
#5287 = CARTESIAN_POINT ( 'NONE',  ( -215.7177805997477265, 185.3322316160377738, 0.02028973187883211654 ) ) ;
#5288 = CARTESIAN_POINT ( 'NONE',  ( 208.8875171423493953, -190.4670129872521613, 0.7250582656527085890 ) ) ;
#5289 = CARTESIAN_POINT ( 'NONE',  ( 26.24432493777824860, -23.15675729803962923, 50.00000000000000000 ) ) ;
#5290 = CARTESIAN_POINT ( 'NONE',  ( 212.9812406044682120, -183.4052789974659845, 6.433391353044124905 ) ) ;
#5291 = CARTESIAN_POINT ( 'NONE',  ( -115.0533255521676779, 101.0769697440729402, 35.92095711456590124 ) ) ;
#5292 = ORIENTED_EDGE ( 'NONE', *, *, #1825, .F. ) ;
#5293 = CARTESIAN_POINT ( 'NONE',  ( -6.061113671436821448, -42.35967822728016330, 48.22384201442957163 ) ) ;
#5294 = CARTESIAN_POINT ( 'NONE',  ( -207.9682080938826800, 180.1623677217683337, 10.49574191624300390 ) ) ;
#5295 = EDGE_CURVE ( 'NONE', #187, #6863, #6543, .T. ) ;
#5296 = CARTESIAN_POINT ( 'NONE',  ( -215.8642580162553486, 184.4138092813387004, 0.7227022787377429536 ) ) ;
#5297 = CARTESIAN_POINT ( 'NONE',  ( 212.7576739025428765, -191.4156286396500093, -0.000000000000000000 ) ) ;
#5298 = CARTESIAN_POINT ( 'NONE',  ( 215.5011391683619593, 189.3231948919967351, 0.000000000000000000 ) ) ;
#5299 = CARTESIAN_POINT ( 'NONE',  ( 39.19878623599040424, -34.92807091044872436, 48.01120493518754984 ) ) ;
#5300 = CYLINDRICAL_SURFACE ( 'NONE', #5513, 35.00000000000000711 ) ;
#5301 = CARTESIAN_POINT ( 'NONE',  ( 202.9665604825420928, -182.6578272735648625, 10.99568614030517644 ) ) ;
#5302 = CARTESIAN_POINT ( 'NONE',  ( -213.2657159273269087, -191.1299765872079490, 0.000000000000000000 ) ) ;
#5303 = EDGE_CURVE ( 'NONE', #7045, #929, #7408, .T. ) ;
#5304 = CARTESIAN_POINT ( 'NONE',  ( -198.5088845166249882, 173.6508615618722899, 15.26518455441016364 ) ) ;
#5305 = CARTESIAN_POINT ( 'NONE',  ( -2.489003404809681630, -34.93372605796156449, 50.00180191383899597 ) ) ;
#5306 = CARTESIAN_POINT ( 'NONE',  ( -208.8999999999966235, -190.4999999999999432, -0.3443248545422080142 ) ) ;
#5307 = CARTESIAN_POINT ( 'NONE',  ( -213.9614092231132076, 187.5492635792837746, 2.893179807777305435 ) ) ;
#5308 = CARTESIAN_POINT ( 'NONE',  ( -35.00000000000000711, 2.637317887256817073E-15, 58.54591266636803226 ) ) ;
#5309 = CYLINDRICAL_SURFACE ( 'NONE', #2180, 12.50000000000000355 ) ;
#5310 = CARTESIAN_POINT ( 'NONE',  ( 215.7294826004118420, -183.9499622982089022, 1.573943308486168036 ) ) ;
#5311 = ORIENTED_EDGE ( 'NONE', *, *, #2199, .T. ) ;
#5312 = CARTESIAN_POINT ( 'NONE',  ( -214.5858724961128985, 187.8980886402285080, 5.385664970461418649E-12 ) ) ;
#5313 = CARTESIAN_POINT ( 'NONE',  ( 215.8999999999999773, -183.4999999999999716, -9.771776172705226994E-05 ) ) ;
#5314 = CARTESIAN_POINT ( 'NONE',  ( 188.7549461306200556, -165.7152156575346567, 18.93814395874268897 ) ) ;
#5315 = CARTESIAN_POINT ( 'NONE',  ( -207.9488016228924891, 179.5759313576132570, 10.52354835733761185 ) ) ;
#5316 = CARTESIAN_POINT ( 'NONE',  ( -163.3952801248552760, 145.0802169574536435, 25.83768789508001618 ) ) ;
#5317 = CARTESIAN_POINT ( 'NONE',  ( -26.17504677236992094, 23.23671591229984301, 50.00190764222935513 ) ) ;
#5318 = CARTESIAN_POINT ( 'NONE',  ( 34.66254140864401023, 26.84679679978357569, 48.95853614357895367 ) ) ;
#5319 = CARTESIAN_POINT ( 'NONE',  ( -215.0165047184798368, 187.0253328625962865, -0.3446432234953641371 ) ) ;
#5320 = CARTESIAN_POINT ( 'NONE',  ( 208.8236426246091355, 190.2687237744983975, 1.917760575883322938 ) ) ;
#5321 = CARTESIAN_POINT ( 'NONE',  ( 215.3666210588497734, -186.1786907009080778, 0.08806515742073003916 ) ) ;
#5322 = CARTESIAN_POINT ( 'NONE',  ( 148.9178163508450154, -131.1193303047602399, 29.34091349380896929 ) ) ;
#5323 = CARTESIAN_POINT ( 'NONE',  ( -215.8195344784297163, -183.4989999760538240, 1.092930421654707107 ) ) ;
#5324 = CARTESIAN_POINT ( 'NONE',  ( 32.93753752405422119, -28.98647546915100293, 48.99815650470716832 ) ) ;
#5325 = ORIENTED_EDGE ( 'NONE', *, *, #3350, .F. ) ;
#5326 = CARTESIAN_POINT ( 'NONE',  ( 175.6303502034934070, 152.9201194329419593, 23.03918420776506082 ) ) ;
#5327 = CARTESIAN_POINT ( 'NONE',  ( -214.4975502225756543, 187.8017945787165388, 0.04073636344831863682 ) ) ;
#5328 = CARTESIAN_POINT ( 'NONE',  ( 214.7530954208167202, -186.9453591506228349, 1.970371808845421402 ) ) ;
#5329 = CARTESIAN_POINT ( 'NONE',  ( -114.8479846345955053, -101.3378053852235183, 35.97971916291299266 ) ) ;
#5330 = CARTESIAN_POINT ( 'NONE',  ( 211.4820362601888064, -184.8048858464493378, 7.320272658517543718 ) ) ;
#5331 = CARTESIAN_POINT ( 'NONE',  ( -107.4963966649488327, 94.43008232146353009, 37.23383961559616040 ) ) ;
#5332 = ORIENTED_EDGE ( 'NONE', *, *, #6867, .T. ) ;
#5333 = CARTESIAN_POINT ( 'NONE',  ( -208.8243730958535593, 183.4778736859944388, 9.327945766980260345 ) ) ;
#5334 = CARTESIAN_POINT ( 'NONE',  ( -209.7979298294449109, 190.4831376708759478, 0.5451403446694185195 ) ) ;
#5335 = CARTESIAN_POINT ( 'NONE',  ( 217.4547442833247715, -185.5107768019078662, 0.000000000000000000 ) ) ;
#5336 = CARTESIAN_POINT ( 'NONE',  ( 209.4270312512960288, 192.2988464387917418, -0.000000000000000000 ) ) ;
#5337 = CARTESIAN_POINT ( 'NONE',  ( 43.38131774459419887, -37.78929880127672192, 47.44255789948189772 ) ) ;
#5338 = CARTESIAN_POINT ( 'NONE',  ( -209.2994137245825641, -190.3396747591175711, 1.597415402422757147 ) ) ;
#5339 = CARTESIAN_POINT ( 'NONE',  ( 205.2641151339602743, -182.3846848917158070, 10.94585854958283733 ) ) ;
#5340 = CARTESIAN_POINT ( 'NONE',  ( -213.5164598749669835, -190.9806094292082435, -0.000000000000000000 ) ) ;
#5341 = ADVANCED_FACE ( 'NONE', ( #3123 ), #5527, .F. ) ;
#5342 = CARTESIAN_POINT ( 'NONE',  ( -7.595474627970878245, -42.12044222137949134, 48.24397057923091836 ) ) ;
#5343 = CARTESIAN_POINT ( 'NONE',  ( 44.97916666666656482, 190.4999999999999716, 13.92555908092534800 ) ) ;
#5344 = CARTESIAN_POINT ( 'NONE',  ( -211.9719109111185560, 189.2534083110529366, 2.805037012711681932 ) ) ;
#5345 = PRODUCT_DEFINITION ( 'UNKNOWN', '', #7486, #7672 ) ;
#5346 = CARTESIAN_POINT ( 'NONE',  ( -217.6836110407055287, 183.4969353407484505, -1.691355389077386917E-14 ) ) ;
#5347 = CYLINDRICAL_SURFACE ( 'NONE', #3357, 12.50000000000000355 ) ;
#5348 = CARTESIAN_POINT ( 'NONE',  ( -211.8967301731954933, 189.6551988556491324, 1.580394705296578550 ) ) ;
#5349 = CARTESIAN_POINT ( 'NONE',  ( 208.8999999999999204, -190.4999999999999716, -0.7499908772981371818 ) ) ;
#5350 = CARTESIAN_POINT ( 'NONE',  ( 182.6945283783165053, -161.1882638659204190, 20.76333034062179550 ) ) ;
#5351 = CARTESIAN_POINT ( 'NONE',  ( -63.11918414713667147, 56.52609073505073667, 44.27654034098981839 ) ) ;
#5352 = CARTESIAN_POINT ( 'NONE',  ( -163.0846543410851268, 145.4111372587229312, 25.75940217817546340 ) ) ;
#5353 = CIRCLE ( 'NONE', #6098, 2.000000000000003997 ) ;
#5354 = CARTESIAN_POINT ( 'NONE',  ( -6.061428101659837253, 42.34143859314232117, 48.22537874385314893 ) ) ;
#5355 = CARTESIAN_POINT ( 'NONE',  ( -215.8999999999999204, -200.5000000000000284, 85.00000000000000000 ) ) ;
#5356 = CARTESIAN_POINT ( 'NONE',  ( -213.2018270398244795, 189.0976678967872715, -0.1825041619736932907 ) ) ;
#5357 = CARTESIAN_POINT ( 'NONE',  ( 208.8999813394681837, 190.4999551333233399, 0.02726460012320522722 ) ) ;
#5358 = AXIS2_PLACEMENT_3D ( 'NONE', #7027, #360, #995 ) ;
#5359 = CARTESIAN_POINT ( 'NONE',  ( 214.4974670417375080, -187.8017716989451742, 0.05512568530982826787 ) ) ;
#5360 = CARTESIAN_POINT ( 'NONE',  ( 144.3426689920997319, -128.6761849560920723, 30.00186924212737338 ) ) ;
#5361 = CARTESIAN_POINT ( 'NONE',  ( -215.9000006095113235, -190.5000002729262292, 0.005034993286176603008 ) ) ;
#5362 = CARTESIAN_POINT ( 'NONE',  ( 69.99073532768188954, 190.7239199620717329, 1.567960092647994430E-10 ) ) ;
#5363 = ORIENTED_EDGE ( 'NONE', *, *, #6827, .T. ) ;
#5364 = CARTESIAN_POINT ( 'NONE',  ( 210.7158721578274765, 181.4338586057371003, 8.530486301035352881 ) ) ;
#5365 = CARTESIAN_POINT ( 'NONE',  ( -208.8999992348473711, 190.4999981533180460, 0.005581043102369415837 ) ) ;
#5366 = CARTESIAN_POINT ( 'NONE',  ( 212.9938991398461781, -188.9922471077032924, 1.752147049777956100 ) ) ;
#5367 = CARTESIAN_POINT ( 'NONE',  ( -35.59615269370559787, -31.40886025210033594, 48.59350002557102499 ) ) ;
#5368 = CARTESIAN_POINT ( 'NONE',  ( 211.1668372008799963, -184.5720813989633484, 7.632552675182018298 ) ) ;
#5369 = CARTESIAN_POINT ( 'NONE',  ( -92.47325993243971709, 81.03068890420880166, 39.76886838014728909 ) ) ;
#5370 = ORIENTED_EDGE ( 'NONE', *, *, #1339, .F. ) ;
#5371 = CARTESIAN_POINT ( 'NONE',  ( -208.3012216521572668, 183.0392776600567686, 9.714980079009126968 ) ) ;
#5372 = CARTESIAN_POINT ( 'NONE',  ( -209.8131496954849524, 190.4973205953876629, 0.2220363003768897892 ) ) ;
#5373 = CARTESIAN_POINT ( 'NONE',  ( 217.2145958875890130, -186.3446648841010926, -0.000000000000000000 ) ) ;
#5374 = CARTESIAN_POINT ( 'NONE',  ( 93.58886251532135248, -83.71231426882070537, 39.35542027831501599 ) ) ;
#5375 = CARTESIAN_POINT ( 'NONE',  ( 61.87015192577233336, -54.86341301399578896, 44.55101716310706195 ) ) ;
#5376 = PLANE ( 'NONE',  #3239 ) ;
#5377 = CARTESIAN_POINT ( 'NONE',  ( 203.6471180984756018, -182.1110288019299617, 11.33948080393986402 ) ) ;
#5378 = CARTESIAN_POINT ( 'NONE',  ( -25.98792483414294807, 23.44414133242965548, 58.92519609199869279 ) ) ;
#5379 = ORIENTED_EDGE ( 'NONE', *, *, #5153, .T. ) ;
#5380 = CARTESIAN_POINT ( 'NONE',  ( -10.98565841438998092, 33.29832113453930020, 50.00000000000002132 ) ) ;
#5381 = CARTESIAN_POINT ( 'NONE',  ( -210.4148559293100789, 189.9321592061574506, 2.595043958238212767 ) ) ;
#5382 = CARTESIAN_POINT ( 'NONE',  ( 40.99944040342710849, 14.74822922576420403, 48.76693653539168594 ) ) ;
#5383 = CARTESIAN_POINT ( 'NONE',  ( 215.3649526968511907, -185.7118314957788812, 1.572859759086697062 ) ) ;
#5384 = CARTESIAN_POINT ( 'NONE',  ( -208.8460604039523218, 190.3381654394181055, 1.603115278390396359 ) ) ;
#5385 = CARTESIAN_POINT ( 'NONE',  ( 213.2018270398243374, -189.0976678967872431, -0.2635736927339806246 ) ) ;
#5386 = CARTESIAN_POINT ( 'NONE',  ( 184.3849411038210064, -163.0652661783325925, 20.14585985462422002 ) ) ;
#5387 = CARTESIAN_POINT ( 'NONE',  ( -200.3468715466470655, 180.0053266524325295, 12.68719768234172918 ) ) ;
#5388 = CARTESIAN_POINT ( 'NONE',  ( -183.9907777505435149, 163.4830808055682780, 20.06390850503441214 ) ) ;
#5389 = CARTESIAN_POINT ( 'NONE',  ( -15.31650376479295161, 31.47664870804817028, 58.32836753927332296 ) ) ;
#5390 = EDGE_CURVE ( 'NONE', #5666, #3608, #3129, .T. ) ;
#5391 = LINE ( 'NONE', #5355, #1224 ) ;
#5392 = CARTESIAN_POINT ( 'NONE',  ( -215.9000000000000341, 184.4162978572970246, -1.398547123386250313 ) ) ;
#5393 = CARTESIAN_POINT ( 'NONE',  ( 215.8853551586879576, 183.4998487982101381, 0.4777658211329785520 ) ) ;
#5394 = CIRCLE ( 'NONE', #2865, 10.00000000000000178 ) ;
#5395 = CARTESIAN_POINT ( 'NONE',  ( 213.2017898259494189, -189.0976537245434770, 0.02322844875665002959 ) ) ;
#5396 = CARTESIAN_POINT ( 'NONE',  ( 115.2694858024869404, -100.8298769699217274, 35.91269789246985056 ) ) ;
#5397 = CARTESIAN_POINT ( 'NONE',  ( -208.9000000000002331, -190.4999999999999432, -0.009913571428837466767 ) ) ;
#5398 = DIRECTION ( 'NONE',  ( 1.000000000000000000, -0.000000000000000000, -0.000000000000000000 ) ) ;
#5399 = ORIENTED_EDGE ( 'NONE', *, *, #2359, .T. ) ;
#5400 = EDGE_CURVE ( 'NONE', #1317, #2282, #4978, .T. ) ;
#5401 = CIRCLE ( 'NONE', #3755, 2.000000000000000000 ) ;
#5402 = CARTESIAN_POINT ( 'NONE',  ( 52.43740824130984635, 45.60822864791184372, 46.07295230779314466 ) ) ;
#5403 = CARTESIAN_POINT ( 'NONE',  ( -211.5787840265556667, 189.9671567275789812, 6.062116545664508331E-05 ) ) ;
#5404 = CARTESIAN_POINT ( 'NONE',  ( 210.6884313925077947, -190.2868705430709042, 0.7839810740292779689 ) ) ;
#5405 = CARTESIAN_POINT ( 'NONE',  ( -39.16498828922726005, -34.96622865126999358, 48.00835495737322844 ) ) ;
#5406 = CARTESIAN_POINT ( 'NONE',  ( 213.1999588501524272, -182.8024565576008058, 6.187771610226625363 ) ) ;
#5407 = CARTESIAN_POINT ( 'NONE',  ( -121.8051207583420990, 108.6142263724443779, 34.43813919558226644 ) ) ;
#5408 = ORIENTED_EDGE ( 'NONE', *, *, #3119, .T. ) ;
#5409 = CARTESIAN_POINT ( 'NONE',  ( -209.7758680675124481, 185.0611457993888678, 8.146522883715906715 ) ) ;
#5410 = CARTESIAN_POINT ( 'NONE',  ( -215.7949770231169850, 183.4984848359960381, 1.236464630171694834 ) ) ;
#5411 = CARTESIAN_POINT ( 'NONE',  ( 84.11856598787434791, 75.27477222683238267, 40.91561960491617356 ) ) ;
#5412 = CARTESIAN_POINT ( 'NONE',  ( 213.2657159273951777, 191.1299765873833110, 0.000000000000000000 ) ) ;
#5413 = CARTESIAN_POINT ( 'NONE',  ( 69.40250830353292599, -61.53849973722324052, 43.37708493457245851 ) ) ;
#5414 = CARTESIAN_POINT ( 'NONE',  ( 208.1260286463830482, -182.1968823706525029, 10.05275974309682674 ) ) ;
#5415 = CARTESIAN_POINT ( 'NONE',  ( -31.87042414510138499, 28.02326475106672277, 49.15982942683321966 ) ) ;
#5416 = CARTESIAN_POINT ( 'NONE',  ( -161.9250000000000966, 190.5000000000000853, 18.29247024213934480 ) ) ;
#5417 = CARTESIAN_POINT ( 'NONE',  ( -208.7816967399372743, 190.1453349495356235, 2.374920652293845524 ) ) ;
#5418 = DIRECTION ( 'NONE',  ( 0.000000000000000000, 0.000000000000000000, -1.000000000000000000 ) ) ;
#5419 = CARTESIAN_POINT ( 'NONE',  ( -215.7295449224811534, -179.4967790178292830, 1.575279173766000573 ) ) ;
#5420 = CARTESIAN_POINT ( 'NONE',  ( -209.3214263761981329, 190.6679845959688464, 2.668118378049607331E-11 ) ) ;
#5421 =( BOUNDED_SURFACE ( )  B_SPLINE_SURFACE ( 3, 2, ( 
 ( #1127, #22, #5346 ),
 ( #4801, #7706, #4209 ),
 ( #4133, #2970, #2419 ),
 ( #2931, #4174, #4725 ) ),
 .UNSPECIFIED., .F., .F., .F. ) 
 B_SPLINE_SURFACE_WITH_KNOTS ( ( 4, 4 ),
 ( 3, 3 ),
 ( -2.775557561562891351E-17, 0.3669938712040951012 ),
 ( 0.000000000000000000, 1.000000000000000000 ),
 .UNSPECIFIED. ) 
 GEOMETRIC_REPRESENTATION_ITEM ( )  RATIONAL_B_SPLINE_SURFACE ( (
 ( 1.000000000000000000, 0.7786718508976215869, 1.000000000000000000),
 ( 1.000000000000000000, 0.7756707585141250361, 1.000000000000000000),
 ( 1.000000000000000000, 0.7756707585148737705, 1.000000000000000000),
 ( 1.000000000000000000, 0.7786718508976369080, 1.000000000000000000) ) ) 
 REPRESENTATION_ITEM ( '' )  SURFACE ( )  );
#5422 = CARTESIAN_POINT ( 'NONE',  ( 215.0165047184797800, -187.0253328625962865, -0.4257127542553629795 ) ) ;
#5423 = CARTESIAN_POINT ( 'NONE',  ( 186.4634560294824155, -164.5123572918808463, 19.55803311127348465 ) ) ;
#5424 = DIRECTION ( 'NONE',  ( -1.000000000000000000, 0.000000000000000000, 0.000000000000000000 ) ) ;
#5425 = CARTESIAN_POINT ( 'NONE',  ( -181.8790515509183763, 158.2764459874680938, 21.23045947232925457 ) ) ;
#5426 = CARTESIAN_POINT ( 'NONE',  ( -210.8373123835315823, 187.9699035102760547, 5.527086330680493376 ) ) ;
#5427 = CARTESIAN_POINT ( 'NONE',  ( -18.49227996817412034, 38.98124533572912753, 48.48252893085660276 ) ) ;
#5428 = CARTESIAN_POINT ( 'NONE',  ( 34.76455899002925776, -4.185544674171072010, 58.56052692533012305 ) ) ;
#5429 = CARTESIAN_POINT ( 'NONE',  ( -208.9000000000000341, 190.5000000000000000, -1.398547123386250313 ) ) ;
#5430 = CARTESIAN_POINT ( 'NONE',  ( 215.6711175672553225, 183.4946912601573388, 1.824598801568281692 ) ) ;
#5431 = CARTESIAN_POINT ( 'NONE',  ( 215.8999727795154797, -184.4162959283001726, 0.01998174178913691978 ) ) ;
#5432 = CARTESIAN_POINT ( 'NONE',  ( 137.4698441130962010, -121.2921457257339029, 31.68911416674075809 ) ) ;
#5433 = CARTESIAN_POINT ( 'NONE',  ( -208.8999999903297464, -190.4999999999999432, -0.0004210451821394529796 ) ) ;
#5434 = CARTESIAN_POINT ( 'NONE',  ( -208.8256032266848479, -190.2740071871963039, 1.919915487135574139 ) ) ;
#5435 = ORIENTED_EDGE ( 'NONE', *, *, #7021, .T. ) ;
#5436 = EDGE_CURVE ( 'NONE', #4375, #994, #6816, .T. ) ;
#5437 = DIRECTION ( 'NONE',  ( -1.000000000000000000, 0.000000000000000000, 0.000000000000000000 ) ) ;
#5438 = CARTESIAN_POINT ( 'NONE',  ( -215.8999991521054937, 184.4162977968155417, 0.005119552541907767228 ) ) ;
#5439 = EDGE_CURVE ( 'NONE', #5921, #877, #4866, .T. ) ;
#5440 = CARTESIAN_POINT ( 'NONE',  ( 211.5488767996738204, -189.9517133305698735, 0.6380387620841800889 ) ) ;
#5441 = CARTESIAN_POINT ( 'NONE',  ( -207.1729410906134774, -179.0081367566434096, 10.99568722763681095 ) ) ;
#5442 = CARTESIAN_POINT ( 'NONE',  ( 209.5130128187885248, -188.5728991246957378, 5.358582712978630092 ) ) ;
#5443 = CARTESIAN_POINT ( 'NONE',  ( -91.91386234945413491, 81.66022172547383207, 39.73532243457701441 ) ) ;
#5444 = ORIENTED_EDGE ( 'NONE', *, *, #4526, .T. ) ;
#5445 = CARTESIAN_POINT ( 'NONE',  ( -207.9653745699045828, 185.7774707075602123, 8.336446958313759481 ) ) ;
#5446 = CARTESIAN_POINT ( 'NONE',  ( -26.27410675405259965, -23.12265572133407332, 50.00225945955671847 ) ) ;
#5447 = CARTESIAN_POINT ( 'NONE',  ( -215.8978042949888732, 184.4161459859060130, 0.1793819786481848089 ) ) ;
#5448 = CARTESIAN_POINT ( 'NONE',  ( 202.6634153278767201, 178.8328284513950450, 13.47768773028515632 ) ) ;
#5449 = CARTESIAN_POINT ( 'NONE',  ( 207.1537471130246502, -187.3936708848228818, 6.978108269414251552 ) ) ;
#5450 = CARTESIAN_POINT ( 'NONE',  ( 54.80243177292835810, -47.65979386247375515, 45.71118959058212283 ) ) ;
#5451 = CARTESIAN_POINT ( 'NONE',  ( 206.4073817351642788, -186.4609857189877289, 7.928203216314844148 ) ) ;
#5452 = CARTESIAN_POINT ( 'NONE',  ( -31.75767844637669057, 28.15227153795299841, 49.15833193069735074 ) ) ;
#5453 = CARTESIAN_POINT ( 'NONE',  ( -6.075118446242890435, -42.33971736449386469, 48.22552200999773930 ) ) ;
#5454 = CARTESIAN_POINT ( 'NONE',  ( -203.8874514858588043, 177.0482474546347191, 12.84665081037832302 ) ) ;
#5455 = CARTESIAN_POINT ( 'NONE',  ( -208.8824723349189014, 190.4521902383625616, 0.8755965346097275281 ) ) ;
#5456 = CARTESIAN_POINT ( 'NONE',  ( 215.7293584012458325, -183.4967789680676162, 1.574680594478727880 ) ) ;
#5457 = LINE ( 'NONE', #1316, #6879 ) ;
#5458 = EDGE_LOOP ( 'NONE', ( #3632, #2329, #4340, #7618 ) ) ;
#5459 = CARTESIAN_POINT ( 'NONE',  ( -210.4074272944997404, 190.1688658469808502, 1.588460531845883317 ) ) ;
#5460 = CARTESIAN_POINT ( 'NONE',  ( 215.8999999999999488, -184.4162978572969962, -0.2635736927339806246 ) ) ;
#5461 = CARTESIAN_POINT ( 'NONE',  ( 197.9988005910906850, -172.2762229891423544, 15.57735607907368447 ) ) ;
#5462 = CARTESIAN_POINT ( 'NONE',  ( 215.8999999999999204, -200.5000000000000284, 70.00000000000000000 ) ) ;
#5463 = CARTESIAN_POINT ( 'NONE',  ( -174.1180513973377231, 155.6472841497555351, 22.74465482517491921 ) ) ;
#5464 = CARTESIAN_POINT ( 'NONE',  ( -211.4059853713401935, 187.4922756665589247, 5.666735363632357192 ) ) ;
#5465 = CARTESIAN_POINT ( 'NONE',  ( -22.77360228108512175, 26.69193059729443362, 50.01804590263062522 ) ) ;
#5466 = CARTESIAN_POINT ( 'NONE',  ( -187.0990295999631599, -162.7218058367776337, 19.59945952964360316 ) ) ;
#5467 = FACE_BOUND ( 'NONE', #3398, .T. ) ;
#5468 = CARTESIAN_POINT ( 'NONE',  ( 215.4771934889000704, 183.4827060690801090, 2.476022469244571589 ) ) ;
#5469 = CARTESIAN_POINT ( 'NONE',  ( 208.8999992348472574, -190.4999981533179891, 0.005581043103000067618 ) ) ;
#5470 = CARTESIAN_POINT ( 'NONE',  ( 155.5935569591303818, -138.7143861260571214, 27.52633513445007551 ) ) ;
#5471 = CARTESIAN_POINT ( 'NONE',  ( -215.8999999999998920, -190.5000000000001137, -0.01244699024033357922 ) ) ;
#5472 = FACE_OUTER_BOUND ( 'NONE', #3663, .T. ) ;
#5473 = ORIENTED_EDGE ( 'NONE', *, *, #4043, .T. ) ;
#5474 = CARTESIAN_POINT ( 'NONE',  ( 14.76539345946323145, -31.73883959916508246, 58.30219010005043145 ) ) ;
#5475 = CIRCLE ( 'NONE', #2193, 7.500000000000007105 ) ;
#5476 = CARTESIAN_POINT ( 'NONE',  ( 208.8445242821260024, -192.2983899566820583, 2.000000000000001776 ) ) ;
#5477 = CARTESIAN_POINT ( 'NONE',  ( -215.8999909612130921, 183.4999998979386362, 0.01204755151443548042 ) ) ;
#5478 = CARTESIAN_POINT ( 'NONE',  ( 215.8419876041192538, -184.4121802042969591, 0.9474482748250643294 ) ) ;
#5479 = CARTESIAN_POINT ( 'NONE',  ( -186.5004671593366368, -164.5614419631060059, 19.78417079372589527 ) ) ;
#5480 = ADVANCED_FACE ( 'NONE', ( #906 ), #4508, .F. ) ;
#5481 = CARTESIAN_POINT ( 'NONE',  ( 209.6952639832841783, -187.6989394458564107, 6.236171451955808465 ) ) ;
#5482 = CARTESIAN_POINT ( 'NONE',  ( -130.0459872750114130, 114.5018720276468969, 33.15166360796165890 ) ) ;
#5483 = CARTESIAN_POINT ( 'NONE',  ( -209.3648913231245388, 183.9268386046601051, 8.890097787666650930 ) ) ;
#5484 = CARTESIAN_POINT ( 'NONE',  ( 9.673735274280074847, -33.72582214096023279, 58.08702592606758230 ) ) ;
#5485 = CARTESIAN_POINT ( 'NONE',  ( -215.7084033069523059, 185.3310792716936817, 0.3704729868300618012 ) ) ;
#5486 = CARTESIAN_POINT ( 'NONE',  ( 196.2410654250012669, 176.0230582722285817, 14.84058907497934676 ) ) ;
#5487 = CARTESIAN_POINT ( 'NONE',  ( 210.4136293373015008, 190.1675210261525422, 1.588416910253569014 ) ) ;
#5488 = CARTESIAN_POINT ( 'NONE',  ( 69.25244900355862399, -61.70611833644887412, 43.35900779452095577 ) ) ;
#5489 = CARTESIAN_POINT ( 'NONE',  ( 207.6648179890236463, -184.6836994044269886, 9.167467312560132697 ) ) ;
#5490 = CARTESIAN_POINT ( 'NONE',  ( -28.33414679096873456, -33.30479897636217856, 48.81702788885484523 ) ) ;
#5491 = CARTESIAN_POINT ( 'NONE',  ( -210.0032770357389040, -192.2430109678353176, -0.000000000000000000 ) ) ;
#5492 = ADVANCED_FACE ( 'NONE', ( #7454 ), #7316, .F. ) ;
#5493 = CARTESIAN_POINT ( 'NONE',  ( -198.8740674240131625, 176.9995840104063802, 14.27907794533638075 ) ) ;
#5494 = CARTESIAN_POINT ( 'NONE',  ( 12.08809008772233362, -41.26864000076212591, 48.31414394102753818 ) ) ;
#5495 = CARTESIAN_POINT ( 'NONE',  ( -209.7192720062256797, 190.3672925421997775, 1.483275324969608011 ) ) ;
#5496 = CARTESIAN_POINT ( 'NONE',  ( 208.5659086813454905, 189.6199046978358353, 3.736596368130063794 ) ) ;
#5497 = DIRECTION ( 'NONE',  ( -1.000000000000000000, -0.000000000000000000, -0.000000000000000000 ) ) ;
#5498 = CARTESIAN_POINT ( 'NONE',  ( -35.00000000000000711, 2.637317887256817073E-15, 58.54591266636803226 ) ) ;
#5499 = CARTESIAN_POINT ( 'NONE',  ( 215.0165047184797800, -187.0253328625962581, -0.2635736927339806246 ) ) ;
#5500 = CARTESIAN_POINT ( 'NONE',  ( 196.5009068793827396, -175.7913607807771257, 14.96937076401464672 ) ) ;
#5501 = CARTESIAN_POINT ( 'NONE',  ( -208.2494643280855939, 189.0169509345176664, 4.834079432088808304 ) ) ;
#5502 = CARTESIAN_POINT ( 'NONE',  ( -179.9728143744309534, 156.6435668023538597, 21.78650129652565681 ) ) ;
#5503 = CIRCLE ( 'NONE', #4762, 10.00000000000000000 ) ;
#5504 = CARTESIAN_POINT ( 'NONE',  ( -211.1744729513870311, 188.3518965641029581, 4.896128861296888957 ) ) ;
#5505 = CARTESIAN_POINT ( 'NONE',  ( 190.9111731150855178, -165.9400984526944001, 18.30564714187478970 ) ) ;
#5506 = CARTESIAN_POINT ( 'NONE',  ( -179.4557429495566225, -156.2087012970800401, 21.97061161061615664 ) ) ;
#5507 = CARTESIAN_POINT ( 'NONE',  ( 216.0720685486025445, 183.4968063912048706, 0.000000000000000000 ) ) ;
#5508 = CARTESIAN_POINT ( 'NONE',  ( 208.8999999999998067, 190.5000000000000284, -0.009913571430409655327 ) ) ;
#5509 = CARTESIAN_POINT ( 'NONE',  ( 209.8162723498616913, -190.4999776631657653, 0.01959680656377628394 ) ) ;
#5510 = CARTESIAN_POINT ( 'NONE',  ( 163.8587077134854439, -144.5730084714744237, 25.90530487631457390 ) ) ;
#5511 = CARTESIAN_POINT ( 'NONE',  ( -215.8999999999999773, -183.5000000000000000, -0.001363282940074982000 ) ) ;
#5512 = PLANE ( 'NONE',  #5263 ) ;
#5513 = AXIS2_PLACEMENT_3D ( 'NONE', #7737, #1122, #7111 ) ;
#5514 = ORIENTED_EDGE ( 'NONE', *, *, #6968, .F. ) ;
#5515 = CARTESIAN_POINT ( 'NONE',  ( 214.8139545016710485, 183.3856584521369939, 3.991990947007042934 ) ) ;
#5516 = CARTESIAN_POINT ( 'NONE',  ( -215.3671558590965560, 186.1787838729445355, 0.005150018375166048532 ) ) ;
#5517 = CARTESIAN_POINT ( 'NONE',  ( 214.9916560055266928, -187.0198987361909531, 0.6059231043098672886 ) ) ;
#5518 = CARTESIAN_POINT ( 'NONE',  ( -183.7883379241191619, -159.9067486100918529, 20.65076587654437290 ) ) ;
#5519 = CARTESIAN_POINT ( 'NONE',  ( -214.8204950731453664, -186.9333467003545763, 1.573072985352997222 ) ) ;
#5520 = CARTESIAN_POINT ( 'NONE',  ( 212.6786893417659030, -185.6650598076853669, 6.002678850899004992 ) ) ;
#5521 = CARTESIAN_POINT ( 'NONE',  ( -145.1437978948077330, 127.7966387201157943, 30.12663676932705314 ) ) ;
#5522 = AXIS2_PLACEMENT_3D ( 'NONE', #2561, #6663, #1423 ) ;
#5523 = CARTESIAN_POINT ( 'NONE',  ( -208.5783494325346226, 184.7774856878599792, 8.817686066211864571 ) ) ;
#5524 = CARTESIAN_POINT ( 'NONE',  ( -27.79898887869862278, 21.36935289581646558, 58.88833858221260442 ) ) ;
#5525 = CARTESIAN_POINT ( 'NONE',  ( -215.7155412725515760, 185.3319531974100300, 0.1820179904541245341 ) ) ;
#5526 = CARTESIAN_POINT ( 'NONE',  ( 190.7694157651166904, 170.8737251516982951, 17.21459386292156424 ) ) ;
#5527 = CYLINDRICAL_SURFACE ( 'NONE', #350, 12.50000000000000355 ) ;
#5528 = CARTESIAN_POINT ( 'NONE',  ( 61.73487067188837329, -55.01499612947495166, 44.53649598048188096 ) ) ;
#5529 = CARTESIAN_POINT ( 'NONE',  ( 205.9919088032604009, -185.9569038881875542, 8.416764180297487741 ) ) ;
#5530 = CARTESIAN_POINT ( 'NONE',  ( -46.77148505286686486, 41.55459264866027524, 46.86475755026366841 ) ) ;
#5531 = ADVANCED_FACE ( 'NONE', ( #8 ), #3515, .T. ) ;
#5532 = CARTESIAN_POINT ( 'NONE',  ( -199.2362628613155380, 178.3923550627471286, 13.61895830127648566 ) ) ;
#5533 = CARTESIAN_POINT ( 'NONE',  ( -209.7489109699811252, 190.4168167807108318, 1.174240235587405534 ) ) ;
#5534 = CARTESIAN_POINT ( 'NONE',  ( 207.9472888409524387, 188.5144408056438010, 5.603034706100615381 ) ) ;
#5535 = CARTESIAN_POINT ( 'NONE',  ( 225.8999999999999488, -190.5000000000000284, 85.00000000000000000 ) ) ;
#5536 = CARTESIAN_POINT ( 'NONE',  ( -215.6849685776032288, 184.3982286820539969, 1.573494175829609931 ) ) ;
#5537 = CARTESIAN_POINT ( 'NONE',  ( 209.8162978572970019, -190.4999999999999716, -1.074269000340911884 ) ) ;
#5538 = ADVANCED_FACE ( 'NONE', ( #7727 ), #585, .F. ) ;
#5539 = CARTESIAN_POINT ( 'NONE',  ( 193.1756316785954368, -168.2540582870296078, 17.48719855059670536 ) ) ;
#5540 = DIRECTION ( 'NONE',  ( -1.000000000000000000, 0.000000000000000000, 0.000000000000000000 ) ) ;
#5541 = CARTESIAN_POINT ( 'NONE',  ( -182.5058064796127724, 161.3974720280598660, 20.74896044654566296 ) ) ;
#5542 = CARTESIAN_POINT ( 'NONE',  ( -210.6960365022729604, 188.9489363148331904, 4.286357386713920192 ) ) ;
#5543 = CARTESIAN_POINT ( 'NONE',  ( 214.8139545394086269, -183.3856584489105330, 3.991990879690914706 ) ) ;
#5544 = CARTESIAN_POINT ( 'NONE',  ( -214.8139545016709349, -183.3856584521368234, 3.991990947007629575 ) ) ;
#5545 = CARTESIAN_POINT ( 'NONE',  ( 217.4577427259930573, 185.4974933970248685, 0.000000000000000000 ) ) ;
#5546 = CARTESIAN_POINT ( 'NONE',  ( 208.9000000000000057, 190.5000000000000284, -0.01244699024190549369 ) ) ;
#5547 = CARTESIAN_POINT ( 'NONE',  ( 215.0165038581799024, -187.0253326673865502, 0.005101070522869003386 ) ) ;
#5548 = CARTESIAN_POINT ( 'NONE',  ( 164.0122925921960189, -144.4018972320266982, 25.91672610903067309 ) ) ;
#5549 = CARTESIAN_POINT ( 'NONE',  ( -208.8999999999998636, -190.4999999999999432, -0.006113443211640392366 ) ) ;
#5550 = LINE ( 'NONE', #2397, #6141 ) ;
#5551 = ORIENTED_EDGE ( 'NONE', *, *, #5390, .F. ) ;
#5552 = CARTESIAN_POINT ( 'NONE',  ( 28.93101307789241261, -19.80804630509339503, 50.00655652309497157 ) ) ;
#5553 = CARTESIAN_POINT ( 'NONE',  ( -215.9000000000000625, 184.4162978572970246, -9.771776180651828541E-05 ) ) ;
#5554 = CARTESIAN_POINT ( 'NONE',  ( 209.7979298294447403, -190.4831376708758910, 0.5451403446697165034 ) ) ;
#5555 = CARTESIAN_POINT ( 'NONE',  ( -208.2149219795037993, -179.7567338370358243, 10.33577164157914829 ) ) ;
#5556 = DIRECTION ( 'NONE',  ( 0.000000000000000000, 0.000000000000000000, -1.000000000000000000 ) ) ;
#5557 = CARTESIAN_POINT ( 'NONE',  ( 210.5336399869246122, -187.6339095808883712, 6.006871942129998310 ) ) ;
#5558 = CARTESIAN_POINT ( 'NONE',  ( -145.0109013255320178, 127.9451656352963198, 30.11703072332111120 ) ) ;
#5559 = CARTESIAN_POINT ( 'NONE',  ( -208.4462727290214445, 186.2922323553218860, 7.830562991420583430 ) ) ;
#5560 = CARTESIAN_POINT ( 'NONE',  ( 4.854941606343415650, -34.66708895160702752, 57.97180242461534050 ) ) ;
#5561 = CARTESIAN_POINT ( 'NONE',  ( -211.5768839915492947, 189.9662005215680267, 0.1603850005375114240 ) ) ;
#5562 = CARTESIAN_POINT ( 'NONE',  ( 162.9293397233211067, 145.5717690740038677, 25.70394916926251483 ) ) ;
#5563 = CARTESIAN_POINT ( 'NONE',  ( 207.9472888344903936, -188.5144407916006628, 5.603034682440642733 ) ) ;
#5564 = CARTESIAN_POINT ( 'NONE',  ( 84.29496760254448873, -75.08086830205678552, 40.95139242130195356 ) ) ;
#5565 = CARTESIAN_POINT ( 'NONE',  ( 205.1386943664513183, -184.9894278423522849, 9.240810483412342791 ) ) ;
#5566 = CARTESIAN_POINT ( 'NONE',  ( -43.26091407569627734, 37.92758443107316424, 47.44649025497869843 ) ) ;
#5567 = CARTESIAN_POINT ( 'NONE',  ( -200.4388331590530186, 179.0067374559372695, 13.24108502747113647 ) ) ;
#5568 = CARTESIAN_POINT ( 'NONE',  ( -208.8740289194476532, 190.4264441245055082, 1.091478024423480298 ) ) ;
#5569 = CARTESIAN_POINT ( 'NONE',  ( 215.7302527344545240, 163.4967791937965842, 1.577546599059017840 ) ) ;
#5570 = CARTESIAN_POINT ( 'NONE',  ( 217.6933995751854525, -61.16564529449555465, -1.301042606982605321E-15 ) ) ;
#5571 = DIRECTION ( 'NONE',  ( 0.000000000000000000, 0.000000000000000000, 1.000000000000000000 ) ) ;
#5572 = CARTESIAN_POINT ( 'NONE',  ( -215.8999999999999204, -200.5000000000000284, 70.00000000000000000 ) ) ;
#5573 = CARTESIAN_POINT ( 'NONE',  ( 196.8352451243883934, -173.6579684118539149, 15.69605993099038699 ) ) ;
#5574 = ADVANCED_FACE ( 'NONE', ( #2262 ), #4991, .F. ) ;
#5575 = DIRECTION ( 'NONE',  ( 1.000000000000000000, -0.000000000000000000, -0.000000000000000000 ) ) ;
#5576 = CARTESIAN_POINT ( 'NONE',  ( -189.5856764049580647, 168.5242331509948315, 18.14119076121203378 ) ) ;
#5577 = CARTESIAN_POINT ( 'NONE',  ( -210.3853661787221085, 188.5471492672770353, 5.001487156161712910 ) ) ;
#5578 = CARTESIAN_POINT ( 'NONE',  ( 26.41788385323952326, 22.95855859405697430, 58.93158553432861879 ) ) ;
#5579 = CARTESIAN_POINT ( 'NONE',  ( -64.04941879955153183, -55.67923214215159078, 44.29780522487788375 ) ) ;
#5580 = CARTESIAN_POINT ( 'NONE',  ( 214.2409271126099100, 190.4987983777076010, 0.000000000000000000 ) ) ;
#5581 = CARTESIAN_POINT ( 'NONE',  ( 208.8999964552281767, 190.4999914583586929, 0.01196061666859357664 ) ) ;
#5582 = CARTESIAN_POINT ( 'NONE',  ( 212.4253328625962638, -189.6165047184798027, -9.771776172705226994E-05 ) ) ;
#5583 = CARTESIAN_POINT ( 'NONE',  ( 152.8308438937656888, -134.2832508041680342, 28.52623814756774223 ) ) ;
#5584 = CARTESIAN_POINT ( 'NONE',  ( 32.86088036907688092, 29.07148419722861021, 48.99739561376181030 ) ) ;
#5585 = ORIENTED_EDGE ( 'NONE', *, *, #5827, .F. ) ;
#5586 = CIRCLE ( 'NONE', #4098, 7.500000000000007105 ) ;
#5587 = ORIENTED_EDGE ( 'NONE', *, *, #2687, .F. ) ;
#5588 = CARTESIAN_POINT ( 'NONE',  ( -25.98792475563373117, -23.44414141945744134, 58.92519608697405431 ) ) ;
#5589 = CARTESIAN_POINT ( 'NONE',  ( -210.7322351905149844, 190.3178087366781881, -0.06089986583242601448 ) ) ;
#5590 = CARTESIAN_POINT ( 'NONE',  ( 208.8998391216252344, -190.4996161205006899, 0.08096243613401744865 ) ) ;
#5591 = CARTESIAN_POINT ( 'NONE',  ( -193.3715282834847073, -168.0010688329639663, 17.41633382312438982 ) ) ;
#5592 = DIRECTION ( 'NONE',  ( 0.000000000000000000, 1.000000000000000000, 0.000000000000000000 ) ) ;
#5593 = CARTESIAN_POINT ( 'NONE',  ( 210.6159114161151820, -188.8444577934201334, 4.481056313880585229 ) ) ;
#5594 = CARTESIAN_POINT ( 'NONE',  ( -130.2843072336643502, 114.2305467433966726, 33.14778165837195445 ) ) ;
#5595 = AXIS2_PLACEMENT_3D ( 'NONE', #3880, #6315, #399 ) ;
#5596 = CARTESIAN_POINT ( 'NONE',  ( -207.9129581767117543, 188.4733832776677218, 5.635910485273583070 ) ) ;
#5597 = CARTESIAN_POINT ( 'NONE',  ( -212.4229014475397719, 189.6154433203644487, 0.1836384615511666152 ) ) ;
#5598 = CARTESIAN_POINT ( 'NONE',  ( 202.1282408871590235, 175.1511423177792324, 13.72692334165505201 ) ) ;
#5599 = CARTESIAN_POINT ( 'NONE',  ( 210.5475767775826625, -190.1268641710767611, 1.858688992790696881 ) ) ;
#5600 = CARTESIAN_POINT ( 'NONE',  ( 205.1442555998327180, -184.9917481297990207, 9.245863926076923534 ) ) ;
#5601 = CARTESIAN_POINT ( 'NONE',  ( 99.24662775422009986, -88.55485792578731719, 38.42681291741011051 ) ) ;
#5602 = CARTESIAN_POINT ( 'NONE',  ( 209.7324203060425418, -183.4725419387615659, 8.864965019680182579 ) ) ;
#5603 = CARTESIAN_POINT ( 'NONE',  ( -35.74984334625298743, 31.22998202485929298, 48.58918487443732204 ) ) ;
#5604 = CARTESIAN_POINT ( 'NONE',  ( -204.6451814236998530, 181.1640579829698368, 11.63107780900535282 ) ) ;
#5605 = B_SPLINE_CURVE_WITH_KNOTS ( 'NONE', 3,
 ( #1481, #4049, #1043, #3445, #6286, #886, #289, #2691, #5107, #4763 ),
 .UNSPECIFIED., .F., .F.,
 ( 4, 2, 2, 2, 4 ),
 ( 2.775557561562891351E-17, 0.1044231311343524760, 0.2088462622687049242, 0.3132693934030573724, 0.4176925245374097928 ),
 .UNSPECIFIED. ) ;
#5606 = CARTESIAN_POINT ( 'NONE',  ( -209.7043445580705736, 190.3398319830179162, 1.619681354755166280 ) ) ;
#5607 = DIRECTION ( 'NONE',  ( 1.000000000000000000, 0.000000000000000000, 0.000000000000000000 ) ) ;
#5608 = CARTESIAN_POINT ( 'NONE',  ( -215.7297910833217998, -174.1634457485209850, 1.576068851222155898 ) ) ;
#5609 = ORIENTED_EDGE ( 'NONE', *, *, #1730, .F. ) ;
#5610 = CARTESIAN_POINT ( 'NONE',  ( 210.8999999999999488, 150.0000000000000000, 37.49999999999999289 ) ) ;
#5611 = CARTESIAN_POINT ( 'NONE',  ( 214.4976678967872203, -187.8018270398243885, -0.7499908772981371818 ) ) ;
#5612 = CARTESIAN_POINT ( 'NONE',  ( 198.3259377534720329, -177.5218752664266333, 14.08506050556254685 ) ) ;
#5613 = LINE ( 'NONE', #5103, #4776 ) ;
#5614 = CARTESIAN_POINT ( 'NONE',  ( -185.7012313667974297, 161.5322236458422083, 20.03982083028510530 ) ) ;
#5615 = CARTESIAN_POINT ( 'NONE',  ( -211.0878166674781085, 188.2532114965294170, 5.064584678936751239 ) ) ;
#5616 = CARTESIAN_POINT ( 'NONE',  ( 208.8155671812752132, -190.2445429080715655, 2.012593327442694147 ) ) ;
#5617 = CARTESIAN_POINT ( 'NONE',  ( 94.92157134161574561, -82.61056135902440190, 39.39155621209350500 ) ) ;
#5618 = CARTESIAN_POINT ( 'NONE',  ( -25.98792483414297294, 23.44414133242963771, 58.92519609199868569 ) ) ;
#5619 = CARTESIAN_POINT ( 'NONE',  ( 214.3122563283320687, 187.6713303721474233, 1.573777957619004297 ) ) ;
#5620 = CARTESIAN_POINT ( 'NONE',  ( 215.9000006488462873, 190.5000002945184008, -0.002265963072824757254 ) ) ;
#5621 = CARTESIAN_POINT ( 'NONE',  ( 215.7178087366781654, -185.3322351905149503, 6.062116553579250598E-05 ) ) ;
#5622 = CARTESIAN_POINT ( 'NONE',  ( 156.6089555272937730, -137.5993152550478271, 27.66985055865385945 ) ) ;
#5623 = CARTESIAN_POINT ( 'NONE',  ( 261.2553390593274116, -150.0000000000000000, 50.00000000000000000 ) ) ;
#5624 = ORIENTED_EDGE ( 'NONE', *, *, #1438, .T. ) ;
#5625 = CIRCLE ( 'NONE', #3230, 10.00000000000000888 ) ;
#5626 = EDGE_CURVE ( 'NONE', #2928, #7549, #6167, .T. ) ;
#5627 = CARTESIAN_POINT ( 'NONE',  ( 121.0721624688890614, 106.8283786490198395, 35.74265220146897093 ) ) ;
#5628 = CARTESIAN_POINT ( 'NONE',  ( -214.4976678967873056, 187.8018270398243885, -0.1014346312128484584 ) ) ;
#5629 = AXIS2_PLACEMENT_3D ( 'NONE', #1132, #3537, #5938 ) ;
#5630 = CARTESIAN_POINT ( 'NONE',  ( 212.4193627940337876, -189.6139161591245283, 0.2777639530123272582 ) ) ;
#5631 = CARTESIAN_POINT ( 'NONE',  ( -213.3653329365309901, -182.8781778470878407, 6.001295378341365172 ) ) ;
#5632 = CARTESIAN_POINT ( 'NONE',  ( -225.8999999999999204, 150.0000000000000000, 50.00000000000000000 ) ) ;
#5633 = EDGE_CURVE ( 'NONE', #6977, #4375, #7515, .T. ) ;
#5634 = CARTESIAN_POINT ( 'NONE',  ( 213.8165220975623981, -184.6209801280920715, 5.263082738232854219 ) ) ;
#5635 = CARTESIAN_POINT ( 'NONE',  ( -129.5643332448794354, 115.0368934871545150, 33.09739062324261738 ) ) ;
#5636 = VECTOR ( 'NONE', #6944, 1000.000000000000000 ) ;
#5637 = CARTESIAN_POINT ( 'NONE',  ( -208.9325966732303925, 186.8228641636882514, 7.280894287340363036 ) ) ;
#5638 = CARTESIAN_POINT ( 'NONE',  ( 213.3907059827461126, -188.6654480751472249, 1.575626691731462081 ) ) ;
#5639 = CARTESIAN_POINT ( 'NONE',  ( -212.4251073761661246, 189.6164047634063081, 0.05549346602635219644 ) ) ;
#5640 = CARTESIAN_POINT ( 'NONE',  ( 212.0958971052294544, 182.2461156856273874, 7.328344146723101638 ) ) ;
#5641 = CARTESIAN_POINT ( 'NONE',  ( 212.9251006736255647, -188.9453496109317712, 2.059164834561388879 ) ) ;
#5642 = CARTESIAN_POINT ( 'NONE',  ( -20.89850207406313132, -28.40047618240216210, 50.00000000000003553 ) ) ;
#5643 = CARTESIAN_POINT ( 'NONE',  ( 84.99632229248085480, -74.29069444249263654, 40.99126733155607383 ) ) ;
#5644 = CIRCLE ( 'NONE', #4013, 12.50000000000001066 ) ;
#5645 = CARTESIAN_POINT ( 'NONE',  ( 207.5023984601865266, -186.9750159987329710, 7.428299221388504847 ) ) ;
#5646 = CARTESIAN_POINT ( 'NONE',  ( -39.50175558741665327, 34.58285382408821107, 48.01928017779804492 ) ) ;
#5647 = CARTESIAN_POINT ( 'NONE',  ( -205.3643962880911431, 179.3417230198515995, 11.89322878255772409 ) ) ;
#5648 = CARTESIAN_POINT ( 'NONE',  ( -213.0877415486820041, 189.0480331680669792, 1.270234465241346200 ) ) ;
#5649 = DIRECTION ( 'NONE',  ( 0.000000000000000000, 0.000000000000000000, 1.000000000000000000 ) ) ;
#5650 = CARTESIAN_POINT ( 'NONE',  ( -11.98471777768345525, 32.97420477139107220, 58.17532841647440733 ) ) ;
#5651 = ORIENTED_EDGE ( 'NONE', *, *, #1244, .T. ) ;
#5652 = CARTESIAN_POINT ( 'NONE',  ( -32.60067820650507997, 12.74641780248006206, 58.68217410898169817 ) ) ;
#5653 = LINE ( 'NONE', #7463, #716 ) ;
#5654 = CARTESIAN_POINT ( 'NONE',  ( 202.8302481750141624, -178.3739547949354858, 13.04264347572030225 ) ) ;
#5655 = CARTESIAN_POINT ( 'NONE',  ( -215.7294825909316387, -183.9499278505224709, 1.573943364710411075 ) ) ;
#5656 = CARTESIAN_POINT ( 'NONE',  ( -190.6532978476366225, 167.3611361867989444, 18.26455355885866538 ) ) ;
#5657 = CARTESIAN_POINT ( 'NONE',  ( 23.27179443700008576, -36.61646696790118227, 48.63437460331732609 ) ) ;
#5658 = CARTESIAN_POINT ( 'NONE',  ( -209.2766614888254537, 189.5128116784408405, 3.965252862592222094 ) ) ;
#5659 = CARTESIAN_POINT ( 'NONE',  ( 209.5857834050611928, -190.1072037356621820, 2.526198546744670370 ) ) ;
#5660 = CARTESIAN_POINT ( 'NONE',  ( 207.9488016228919776, -179.5759313576128591, 10.52354835733785698 ) ) ;
#5661 = CARTESIAN_POINT ( 'NONE',  ( 211.2719934841083784, -189.9109157350067960, 1.583362535239381419 ) ) ;
#5662 = CARTESIAN_POINT ( 'NONE',  ( 208.8999999999998067, 190.5000000000000284, -0.006113443213213365021 ) ) ;
#5663 = CARTESIAN_POINT ( 'NONE',  ( 215.7178078600128970, -185.3322350785024639, 0.005198966231032936883 ) ) ;
#5664 = CARTESIAN_POINT ( 'NONE',  ( 179.8054191591796211, -156.8490450804924308, 21.83325912025821935 ) ) ;
#5665 = CARTESIAN_POINT ( 'NONE',  ( -212.4876474932986810, 182.4606020181574024, 6.957985438061014882 ) ) ;
#5666 = VERTEX_POINT ( 'NONE', #5155 ) ;
#5667 = CARTESIAN_POINT ( 'NONE',  ( 40.99364410180226770, 14.76515140224153200, 48.76715143287062659 ) ) ;
#5668 = CARTESIAN_POINT ( 'NONE',  ( -215.0165047184798368, 187.0253328625962865, -0.02036510045201299704 ) ) ;
#5669 = CARTESIAN_POINT ( 'NONE',  ( 209.8150568116797956, -190.4989399449436576, 0.1380167249381335226 ) ) ;
#5670 = CARTESIAN_POINT ( 'NONE',  ( -215.2199148708497489, -183.4538979499400853, 3.135424877438762081 ) ) ;
#5671 = CARTESIAN_POINT ( 'NONE',  ( 213.0842863855389453, -185.9429996640249385, 5.464675312479807978 ) ) ;
#5672 = B_SPLINE_CURVE_WITH_KNOTS ( 'NONE', 3,
 ( #1257, #5434, #4338, #4929, #5987, #7325, #4815, #3107, #1179, #2548, #7171, #6576, #37, #583, #2435, #2986, #7206, #1807, #4224, #6610, #1216, #927, #6176, #3894, #6918, #3931, #4454, #772, #2696, #3852, #6252, #186, #852, #7360, #223, #2000, #3331, #891, #6760, #3181, #5738, #1524, #2073, #332, #6802, #5112, #6878, #1487 ),
 .UNSPECIFIED., .F., .F.,
 ( 4, 2, 2, 2, 2, 2, 2, 2, 2, 2, 2, 2, 2, 2, 2, 2, 2, 2, 2, 2, 2, 2, 2, 4 ),
 ( 0.001622659036352062240, 0.002600770258307735956, 0.003578881480263409239, 0.004556992702219082522, 0.005535103924174756239, 0.007491326368086102805, 0.009447548811997450238, 0.01140377125590879941, 0.01335999369982015031, 0.01727243858764290069, 0.02118488347546564760, 0.02509732836328839797, 0.03292221813893389526, 0.04074710791457938908, 0.04857199769022489677, 0.06422177724151588440, 0.07987155679280687204, 0.09552133634409787355, 0.1268208954466799043, 0.1581204545492618518, 0.1894200136518438271, 0.2207195727544257469, 0.2363693523057167067, 0.2520191318570076944 ),
 .UNSPECIFIED. ) ;
#5673 = ADVANCED_FACE ( 'NONE', ( #3376 ), #2189, .F. ) ;
#5674 = CARTESIAN_POINT ( 'NONE',  ( -164.6145517169041455, 143.7066558739980735, 25.87317210035354975 ) ) ;
#5675 = CARTESIAN_POINT ( 'NONE',  ( -209.4364371146238852, 187.3960425894289870, 6.615751524383552962 ) ) ;
#5676 = CARTESIAN_POINT ( 'NONE',  ( -33.14203290129334079, -11.26416100934073405, 58.65375011541913608 ) ) ;
#5677 = CARTESIAN_POINT ( 'NONE',  ( -215.0159743686081981, 187.0252142383856722, 0.08718959402282602800 ) ) ;
#5678 = CARTESIAN_POINT ( 'NONE',  ( 214.9665053653458244, -186.0674893832268424, 2.438710993464411558 ) ) ;
#5679 = CARTESIAN_POINT ( 'NONE',  ( -161.9249999999999829, -190.5000000000000284, 0.000000000000000000 ) ) ;
#5680 = CARTESIAN_POINT ( 'NONE',  ( 211.5587246677225153, -182.5996062268103515, 7.815382882784334129 ) ) ;
#5681 = CARTESIAN_POINT ( 'NONE',  ( -35.67243472684263850, 31.31889920310357311, 48.59057155573809439 ) ) ;
#5682 = ORIENTED_EDGE ( 'NONE', *, *, #3462, .F. ) ;
#5683 = CARTESIAN_POINT ( 'NONE',  ( -203.5172237598064555, 181.3583382695123589, 11.73926499641108911 ) ) ;
#5684 = CARTESIAN_POINT ( 'NONE',  ( -215.7443574358117075, 183.4972834679844595, 1.508175948323690285 ) ) ;
#5685 = CARTESIAN_POINT ( 'NONE',  ( 85.96861752711720328, 76.92393456258326978, 40.61324103151461884 ) ) ;
#5686 = CARTESIAN_POINT ( 'NONE',  ( -2.426584857528808037, 34.93711746903686333, 57.93769158766723137 ) ) ;
#5687 = EDGE_LOOP ( 'NONE', ( #5878, #3006, #3813, #556 ) ) ;
#5688 = CARTESIAN_POINT ( 'NONE',  ( -215.8999999999999204, -150.0000000000000000, 50.00000000000000000 ) ) ;
#5689 = DIRECTION ( 'NONE',  ( 0.000000000000000000, 0.000000000000000000, 1.000000000000000000 ) ) ;
#5690 = CARTESIAN_POINT ( 'NONE',  ( 202.6505152298313135, -176.5831911192861980, 13.42019949260697587 ) ) ;
#5691 = FACE_OUTER_BOUND ( 'NONE', #1885, .T. ) ;
#5692 = CARTESIAN_POINT ( 'NONE',  ( -191.4504845830420265, 166.3892681585332411, 18.10181263907393401 ) ) ;
#5693 = CARTESIAN_POINT ( 'NONE',  ( -210.8688109646934095, 189.1769707005941257, 3.805019640439347040 ) ) ;
#5694 = CARTESIAN_POINT ( 'NONE',  ( 214.9051300840474994, -185.1081149362543954, 3.459946876783142944 ) ) ;
#5695 = CARTESIAN_POINT ( 'NONE',  ( 52.43740831146124037, -45.60822857387077534, 46.07295230259352081 ) ) ;
#5696 = CARTESIAN_POINT ( 'NONE',  ( 210.0000360322603967, -192.2430111814545342, 0.000000000000000000 ) ) ;
#5697 = CARTESIAN_POINT ( 'NONE',  ( 215.8999999999954014, 190.5000000000000284, -0.7496718643774107349 ) ) ;
#5698 = CARTESIAN_POINT ( 'NONE',  ( 215.7178032415206701, -185.3322344911248649, 0.008967068454436876931 ) ) ;
#5699 = CARTESIAN_POINT ( 'NONE',  ( 178.5644551261521258, -158.2610429076040361, 21.84390592721462454 ) ) ;
#5700 = CARTESIAN_POINT ( 'NONE',  ( 32.78265958801134161, 29.15505984842926779, 48.99405119429582101 ) ) ;
#5701 = CARTESIAN_POINT ( 'NONE',  ( 19.17973926698764942, 38.68099459252344019, 48.50300078289069461 ) ) ;
#5702 = ORIENTED_EDGE ( 'NONE', *, *, #6550, .T. ) ;
#5703 = B_SPLINE_CURVE_WITH_KNOTS ( 'NONE', 3,
 ( #3677, #2415, #3565, #4279, #6666, #565, #4870, #4797, #6043, #1124, #2492, #1789, #3601, #5340, #6558, #6002, #4205, #3086, #1162, #2337, #5491, #526, #7263 ),
 .UNSPECIFIED., .F., .F.,
 ( 4, 2, 2, 2, 2, 2, 2, 2, 1, 2, 2, 4 ),
 ( 0.000000000000000000, 0.001722923700906772411, 0.002584385551360158292, 0.003445847401813544823, 0.005168771102720349543, 0.006891694803627153830, 0.008614618504533957249, 0.009476080354987360260, 0.01033754220544076154, 0.01119900405589416281, 0.01206046590634756235, 0.01378338960725436838 ),
 .UNSPECIFIED. ) ;
#5704 = CARTESIAN_POINT ( 'NONE',  ( 24.56113278626740737, 25.05493861867824634, 50.01034824496277054 ) ) ;
#5705 = CARTESIAN_POINT ( 'NONE',  ( 38.80347921973002911, 20.19838798658636847, 48.84411430089829054 ) ) ;
#5706 = CARTESIAN_POINT ( 'NONE',  ( -212.4253328625963775, 189.6165047184798311, -0.1419693965932708468 ) ) ;
#5707 = CARTESIAN_POINT ( 'NONE',  ( 214.4941200869825195, -187.8008664824652669, 0.2308810194198697707 ) ) ;
#5708 = CARTESIAN_POINT ( 'NONE',  ( -207.4259509528602052, -187.7629484107042401, 6.550291862626838046 ) ) ;
#5709 = SURFACE_STYLE_USAGE ( .BOTH. , #6927 ) ;
#5710 = CARTESIAN_POINT ( 'NONE',  ( 211.5891715917713611, -187.6748813106554223, 5.361886944992162896 ) ) ;
#5711 = CARTESIAN_POINT ( 'NONE',  ( -152.9687692205866938, 134.1246660646977205, 28.51781395839893563 ) ) ;
#5712 = CARTESIAN_POINT ( 'NONE',  ( -212.6457787124967069, 183.2286191469815151, 6.788099857145793337 ) ) ;
#5713 = CARTESIAN_POINT ( 'NONE',  ( -34.01005635018218953, -8.333054431144528706, 50.00514945998881444 ) ) ;
#5714 = CARTESIAN_POINT ( 'NONE',  ( -215.7175925398253753, 185.3322078606646244, 0.05825599759025707619 ) ) ;
#5715 = CARTESIAN_POINT ( 'NONE',  ( 208.8677015925233889, -190.4064665908703375, 1.226180659144576746 ) ) ;
#5716 = CARTESIAN_POINT ( 'NONE',  ( -80.96250000000004832, -190.5000000000000568, 0.000000000000000000 ) ) ;
#5717 = CARTESIAN_POINT ( 'NONE',  ( 209.1644736604002617, -186.1839722079721753, 7.741095956484370433 ) ) ;
#5718 = CARTESIAN_POINT ( 'NONE',  ( -77.26181632222778717, 67.84518617433437271, 42.19392382738917036 ) ) ;
#5719 = EDGE_LOOP ( 'NONE', ( #1815, #5585 ) ) ;
#5720 = CARTESIAN_POINT ( 'NONE',  ( -204.9117815255829953, 182.7031929862925779, 10.82645561913255072 ) ) ;
#5721 = CARTESIAN_POINT ( 'NONE',  ( -209.7706738333930048, 190.4493076913622360, 0.9209246956414355312 ) ) ;
#5722 = CARTESIAN_POINT ( 'NONE',  ( 203.6313134556973523, 183.3452276016009250, 10.52725791380136577 ) ) ;
#5723 = DIRECTION ( 'NONE',  ( 0.000000000000000000, 0.000000000000000000, 1.000000000000000000 ) ) ;
#5724 = VERTEX_POINT ( 'NONE', #335 ) ;
#5725 = CARTESIAN_POINT ( 'NONE',  ( 174.0371035094832735, -192.2711132655191761, -9.629649721936185834E-32 ) ) ;
#5726 = CARTESIAN_POINT ( 'NONE',  ( -214.0265310308730875, 188.0345642147956085, 1.574242042300536770 ) ) ;
#5727 = CARTESIAN_POINT ( 'NONE',  ( 202.1351723549674944, -177.2246748509780048, 13.51223508810717000 ) ) ;
#5728 = CARTESIAN_POINT ( 'NONE',  ( -211.6937744878562739, -191.8377166151946653, 0.000000000000000000 ) ) ;
#5729 = ADVANCED_FACE ( 'NONE', ( #7630 ), #1895, .T. ) ;
#5730 = CARTESIAN_POINT ( 'NONE',  ( -186.4634560294825860, 164.5123572918808748, 19.55803311127348465 ) ) ;
#5731 = CARTESIAN_POINT ( 'NONE',  ( -214.9651771110791572, 183.4100935267431964, 3.666959849594130905 ) ) ;
#5732 = CARTESIAN_POINT ( 'NONE',  ( 213.0367009835874228, -187.9237265105963957, 3.661270834547989850 ) ) ;
#5733 = DIRECTION ( 'NONE',  ( 0.6695046039935069748, -0.7421485377021815877, 0.03129110445495683623 ) ) ;
#5734 = DIRECTION ( 'NONE',  ( 0.000000000000000000, 0.000000000000000000, 1.000000000000000000 ) ) ;
#5735 = CARTESIAN_POINT ( 'NONE',  ( -139.2296889069691872, -192.2351553063946596, 5.204170427930421283E-15 ) ) ;
#5736 = CARTESIAN_POINT ( 'NONE',  ( 213.2018270398243374, -189.0976678967872147, -0.06089986583223843536 ) ) ;
#5737 = CARTESIAN_POINT ( 'NONE',  ( 174.8141336435579376, -154.9203361366746492, 22.94680699089683173 ) ) ;
#5738 = CARTESIAN_POINT ( 'NONE',  ( -85.96861752675019375, -76.92393456225613591, 40.61324103157480181 ) ) ;
#5739 = ORIENTED_EDGE ( 'NONE', *, *, #49, .F. ) ;
#5740 = DIRECTION ( 'NONE',  ( -1.000000000000000000, 0.000000000000000000, 0.000000000000000000 ) ) ;
#5741 = CARTESIAN_POINT ( 'NONE',  ( 34.24499586877539059, 7.306861233109199993, 50.00424286714748945 ) ) ;
#5742 = CARTESIAN_POINT ( 'NONE',  ( -213.2018270398244226, 189.0976678967872715, -0.06089986583242601448 ) ) ;
#5743 = CARTESIAN_POINT ( 'NONE',  ( 215.3668063605123280, -186.1787227997729701, 0.07284206088877222263 ) ) ;
#5744 = CARTESIAN_POINT ( 'NONE',  ( -215.5593260792781791, -183.4888316863714124, 2.224746749952184022 ) ) ;
#5745 = CARTESIAN_POINT ( 'NONE',  ( 213.3288316787066208, -187.1015058682828851, 4.331913955353474677 ) ) ;
#5746 = CARTESIAN_POINT ( 'NONE',  ( -212.7146660267288780, 182.5691428907909710, 6.711736903117267339 ) ) ;
#5747 = CARTESIAN_POINT ( 'NONE',  ( -34.62413081967328310, 5.219945970374745947, 58.56915860201451807 ) ) ;
#5748 = CARTESIAN_POINT ( 'NONE',  ( -212.4252521069504382, 189.6164688147125617, 0.03250354547731889449 ) ) ;
#5749 = CARTESIAN_POINT ( 'NONE',  ( 214.6140854813409931, -186.8848835813646474, 2.456442880852087729 ) ) ;
#5750 = CARTESIAN_POINT ( 'NONE',  ( -24.58341767143447854, -25.03911886656256414, 50.00000000000000000 ) ) ;
#5751 = CARTESIAN_POINT ( 'NONE',  ( 210.2892425668830754, -183.9053155017345205, 8.412832188341509365 ) ) ;
#5752 = CARTESIAN_POINT ( 'NONE',  ( -62.27388990781705047, 54.40500400267969638, 44.56003948349859911 ) ) ;
#5753 = AXIS2_PLACEMENT_3D ( 'NONE', #4441, #1910, #5689 ) ;
#5754 = ORIENTED_EDGE ( 'NONE', *, *, #4871, .F. ) ;
#5755 = CARTESIAN_POINT ( 'NONE',  ( -204.7892953087252863, 181.9367399975660646, 11.26315316134082245 ) ) ;
#5756 = CARTESIAN_POINT ( 'NONE',  ( -215.7023685149780192, 184.3977041524629783, 1.695608992227633172 ) ) ;
#5757 = CARTESIAN_POINT ( 'NONE',  ( 36.55504966723021454, 32.59945513132237949, 48.41213578239131721 ) ) ;
#5758 = CARTESIAN_POINT ( 'NONE',  ( 216.5161505480072890, 187.9125367764260375, 0.000000000000000000 ) ) ;
#5759 = CARTESIAN_POINT ( 'NONE',  ( -4.854941606343432525, 34.66708895160702042, 57.97180242461531208 ) ) ;
#5760 = ORIENTED_EDGE ( 'NONE', *, *, #6783, .T. ) ;
#5761 = DIRECTION ( 'NONE',  ( 0.000000000000000000, 0.000000000000000000, 1.000000000000000000 ) ) ;
#5762 = CARTESIAN_POINT ( 'NONE',  ( -212.2879941543598363, 189.4482475241267423, 1.578929962107334939 ) ) ;
#5763 = CARTESIAN_POINT ( 'NONE',  ( 200.7297101925672962, -178.7263835970392165, 13.33152736854637332 ) ) ;
#5764 = CARTESIAN_POINT ( 'NONE',  ( -211.2791623624470105, -189.9081967516028442, 1.583326624295126051 ) ) ;
#5765 = CARTESIAN_POINT ( 'NONE',  ( -195.4086511337365550, 173.3437238092454891, 16.02235997254790689 ) ) ;
#5766 = AXIS2_PLACEMENT_3D ( 'NONE', #1005, #5733, #3406 ) ;
#5767 = CARTESIAN_POINT ( 'NONE',  ( -211.6663795938250985, 188.9155171530632344, 3.751089791319477396 ) ) ;
#5768 = CARTESIAN_POINT ( 'NONE',  ( 214.9885370033926222, -184.2395015736151436, 3.625268643603255736 ) ) ;
#5769 = EDGE_CURVE ( 'NONE', #1070, #3836, #6396, .T. ) ;
#5770 = DIRECTION ( 'NONE',  ( 1.000000000000000000, 0.000000000000000000, 0.000000000000000000 ) ) ;
#5771 = CARTESIAN_POINT ( 'NONE',  ( 209.3011414720691619, -190.3396805091256567, 1.597393675362697829 ) ) ;
#5772 = VERTEX_POINT ( 'NONE', #846 ) ;
#5773 = CARTESIAN_POINT ( 'NONE',  ( 215.8999999999998352, 183.4999999999988916, -0.2632554525766301334 ) ) ;
#5774 = CARTESIAN_POINT ( 'NONE',  ( 215.8999999999999488, -183.5000000000000000, -0.04063248314206800715 ) ) ;
#5775 = CARTESIAN_POINT ( 'NONE',  ( 182.3147923555265209, -161.6034710342634071, 20.71798946755338022 ) ) ;
#5776 = CARTESIAN_POINT ( 'NONE',  ( -185.1892583554058831, 161.0993272858979992, 20.21187076611331079 ) ) ;
#5777 = EDGE_LOOP ( 'NONE', ( #38, #4402, #5739, #4789 ) ) ;
#5778 = CARTESIAN_POINT ( 'NONE',  ( 18.81242576008487077, 29.54171865696023858, 50.02529642207650085 ) ) ;
#5779 = CARTESIAN_POINT ( 'NONE',  ( 34.26157474638301181, 7.226656222555521758, 58.59082548958044612 ) ) ;
#5780 = CARTESIAN_POINT ( 'NONE',  ( -215.7178087366782222, 185.3322351905149787, -0.4257127542561995881 ) ) ;
#5781 = CARTESIAN_POINT ( 'NONE',  ( 211.9030323972609438, 187.0792102149093807, 7.696721086234060927 ) ) ;
#5782 = CARTESIAN_POINT ( 'NONE',  ( 210.7321574983547521, -190.3177595601399901, 0.03294729398294855838 ) ) ;
#5783 = CARTESIAN_POINT ( 'NONE',  ( 115.0533255521676068, -101.0769697440728834, 35.92095711456587992 ) ) ;
#5784 = CARTESIAN_POINT ( 'NONE',  ( -211.5217606276605409, -186.7309567875128380, 8.020274511527725636 ) ) ;
#5785 = CARTESIAN_POINT ( 'NONE',  ( 174.0371040111682532, 192.2711132888674399, 1.029168814031928809E-30 ) ) ;
#5786 = CARTESIAN_POINT ( 'NONE',  ( 211.5595028256825572, -188.7932888110863985, 4.027757422351563754 ) ) ;
#5787 = B_SPLINE_CURVE_WITH_KNOTS ( 'NONE', 3,
 ( #1442, #6714, #4368, #4884, #3765, #5543, #3846, #1953, #1915, #6090, #6245, #4994, #7279, #146, #6754, #5660, #1402, #3727, #806, #1877, #6131, #688, #4294, #3100, #5505, #2466, #217, #6170, #2616, #7391, #6678, #1286, #3689, #3806, #2505, #4922, #1993, #5617, #2542, #7354, #7318, #5695, #3926, #4525, #2810, #2103 ),
 .UNSPECIFIED., .F., .F.,
 ( 4, 2, 2, 2, 2, 2, 2, 2, 2, 2, 2, 2, 2, 2, 2, 2, 2, 2, 2, 2, 2, 2, 4 ),
 ( 0.001590621133918382422, 0.002569450262428228920, 0.003548279390938075418, 0.005505937647957774919, 0.007463595904977474854, 0.009421254161997174789, 0.01137891241901687299, 0.01333657067603656945, 0.01725188719007603178, 0.02116720370411549063, 0.02508252021815494601, 0.03291315324623386024, 0.04074378627431277100, 0.04857441930239167482, 0.06423568535854949635, 0.07989695141470731787, 0.09555821747086513940, 0.1268807495831807408, 0.1582032816954963006, 0.1895258138078118326, 0.2208483459201274202, 0.2365096119762852278, 0.2521708780324430355 ),
 .UNSPECIFIED. ) ;
#5788 = CARTESIAN_POINT ( 'NONE',  ( -210.5336399869247543, 187.6339095808884565, 6.006871942129953901 ) ) ;
#5789 = CARTESIAN_POINT ( 'NONE',  ( -34.04758171969213265, 8.377417712569972252, 50.00509104237947611 ) ) ;
#5790 = CARTESIAN_POINT ( 'NONE',  ( -209.8162266784080714, 190.4999378653120630, 0.03341577425075368396 ) ) ;
#5791 = CARTESIAN_POINT ( 'NONE',  ( 215.4826182984504612, -185.2924368057798006, 1.856964118410578957 ) ) ;
#5792 = CARTESIAN_POINT ( 'NONE',  ( 20.89858466373672385, -28.40044599413577231, 50.00000000000006395 ) ) ;
#5793 = CARTESIAN_POINT ( 'NONE',  ( 210.9247959129114918, -186.0750163192583955, 6.978433585712663145 ) ) ;
#5794 = CARTESIAN_POINT ( 'NONE',  ( -84.20678159367625426, 75.17820512854154913, 40.93533118811461691 ) ) ;
#5795 = ORIENTED_EDGE ( 'NONE', *, *, #6151, .F. ) ;
#5796 = CARTESIAN_POINT ( 'NONE',  ( -209.0316026589366061, 180.9239551856263972, 9.779456099032335814 ) ) ;
#5797 = CARTESIAN_POINT ( 'NONE',  ( -215.5699325966810989, 185.3104094716769339, 1.476988383435836605 ) ) ;
#5798 = CARTESIAN_POINT ( 'NONE',  ( 225.8999999999999488, 190.5000000000000853, 70.00000000000000000 ) ) ;
#5799 = CARTESIAN_POINT ( 'NONE',  ( 211.1412140765888523, 192.0042375211276635, 0.000000000000000000 ) ) ;
#5800 = CARTESIAN_POINT ( 'NONE',  ( 46.67709810482008237, -41.66097280779158751, 46.85660419943898347 ) ) ;
#5801 = ORIENTED_EDGE ( 'NONE', *, *, #2402, .F. ) ;
#5802 = CARTESIAN_POINT ( 'NONE',  ( -33.01262735438955787, -28.90003035850321211, 48.99633025713272616 ) ) ;
#5803 = DIRECTION ( 'NONE',  ( 0.000000000000000000, 0.000000000000000000, 1.000000000000000000 ) ) ;
#5804 = CARTESIAN_POINT ( 'NONE',  ( 203.5056724277459352, -179.5368722506700010, 12.50483737402169560 ) ) ;
#5805 = CARTESIAN_POINT ( 'NONE',  ( -211.1757116997490016, -190.3021054764859912, -2.168404344971009184E-14 ) ) ;
#5806 = CARTESIAN_POINT ( 'NONE',  ( -196.8135883412102487, 171.7491054702105089, 16.03149989990003377 ) ) ;
#5807 =( BOUNDED_SURFACE ( )  B_SPLINE_SURFACE ( 3, 2, ( 
 ( #3634, #1083, #6437 ),
 ( #7256, #1596, #2304 ),
 ( #2221, #7077, #2895 ),
 ( #2179, #5265, #1721 ) ),
 .UNSPECIFIED., .F., .F., .F. ) 
 B_SPLINE_SURFACE_WITH_KNOTS ( ( 4, 4 ),
 ( 3, 3 ),
 ( 3.280795773941136417E-16, 0.0008339123866204080186 ),
 ( 0.000000000000000000, 1.000000000000000000 ),
 .UNSPECIFIED. ) 
 GEOMETRIC_REPRESENTATION_ITEM ( )  RATIONAL_B_SPLINE_SURFACE ( (
 ( 1.000000000000000000, 0.7459714310211553734, 1.000000000000000000),
 ( 1.000000000000000000, 0.7458367426943489642, 1.000000000000000000),
 ( 1.000000000000000000, 0.7457861983615233781, 1.000000000000000000),
 ( 1.000000000000000000, 0.7458199749283126456, 1.000000000000000000) ) ) 
 REPRESENTATION_ITEM ( '' )  SURFACE ( )  );
#5808 = CARTESIAN_POINT ( 'NONE',  ( -212.6407501098639443, 187.5868331953563199, 4.516356090152141789 ) ) ;
#5809 = CARTESIAN_POINT ( 'NONE',  ( -19.17047658811118893, 38.68511526100849096, 48.50272372781890340 ) ) ;
#5810 = CARTESIAN_POINT ( 'NONE',  ( 215.8999999999999204, 190.5000000000000568, 70.00000000000000000 ) ) ;
#5811 = EDGE_CURVE ( 'NONE', #2754, #4893, #766, .T. ) ;
#5812 = CARTESIAN_POINT ( 'NONE',  ( 214.9825721791308411, -187.3090865754739127, 4.984732558155657617E-14 ) ) ;
#5813 = FACE_OUTER_BOUND ( 'NONE', #4743, .T. ) ;
#5814 = CARTESIAN_POINT ( 'NONE',  ( 215.0165047184797800, -187.0253328625962865, -0.06089986583223843536 ) ) ;
#5815 = CARTESIAN_POINT ( 'NONE',  ( 179.6903842824951028, -160.7042335525245278, 21.06423914292164667 ) ) ;
#5816 = CARTESIAN_POINT ( 'NONE',  ( 261.2553390593274116, 150.0000000000000000, 42.49999999999999289 ) ) ;
#5817 = ORIENTED_EDGE ( 'NONE', *, *, #2978, .T. ) ;
#5818 = CARTESIAN_POINT ( 'NONE',  ( 22.77458833907784097, 26.69081028373150133, 50.01803765021779213 ) ) ;
#5819 = CARTESIAN_POINT ( 'NONE',  ( 31.10040771846851015, -16.08889164021453055, 58.75490938993716128 ) ) ;
#5820 = CARTESIAN_POINT ( 'NONE',  ( -212.4253328625963775, 189.6165047184798311, -0.2635736927345287417 ) ) ;
#5821 = CARTESIAN_POINT ( 'NONE',  ( 205.1241642202465130, 181.0108313423075117, 12.20771442336485180 ) ) ;
#5822 = CARTESIAN_POINT ( 'NONE',  ( 210.7319068231362849, -190.3176023227598819, 0.06747627104305584100 ) ) ;
#5823 = CARTESIAN_POINT ( 'NONE',  ( 106.8714311326222912, -95.12796565370874191, 37.17264060084745125 ) ) ;
#5824 = CARTESIAN_POINT ( 'NONE',  ( -208.9000000177919674, -190.4999998969393573, 0.001350429621947373156 ) ) ;
#5825 = CARTESIAN_POINT ( 'NONE',  ( -69.61485662449238987, 192.1711732901882499, 2.602085213965211036E-15 ) ) ;
#5826 = CARTESIAN_POINT ( 'NONE',  ( 212.2053415251315016, -188.2892085172587713, 4.181418350460519129 ) ) ;
#5827 = EDGE_CURVE ( 'NONE', #6611, #7215, #731, .T. ) ;
#5828 = CARTESIAN_POINT ( 'NONE',  ( -213.2373802882542861, 185.1567270348042769, 5.656581484122820136 ) ) ;
#5829 = CARTESIAN_POINT ( 'NONE',  ( -42.98846844261309741, 6.551166130569035850, 48.68786790370937467 ) ) ;
#5830 = CARTESIAN_POINT ( 'NONE',  ( -208.8999978755064433, 190.4999948761559949, 0.009402726287178262213 ) ) ;
#5831 = CARTESIAN_POINT ( 'NONE',  ( 215.4543122531087818, -185.2858252612202818, 1.964321200108361865 ) ) ;
#5832 = CARTESIAN_POINT ( 'NONE',  ( -151.7045688444781035, -135.5149577930047258, 28.34213115700446295 ) ) ;
#5833 = CARTESIAN_POINT ( 'NONE',  ( 212.1876415657214068, -183.7097325532403147, 7.120461834536774504 ) ) ;
#5834 = CARTESIAN_POINT ( 'NONE',  ( -61.66714387644520912, 55.09050767470824894, 44.52707942968338983 ) ) ;
#5835 = ORIENTED_EDGE ( 'NONE', *, *, #4526, .F. ) ;
#5836 = CARTESIAN_POINT ( 'NONE',  ( -207.4303715673165414, 182.9942363091246875, 10.04282510563272091 ) ) ;
#5837 = CARTESIAN_POINT ( 'NONE',  ( -215.3420364374358940, 186.1745104630661842, 0.6124756191381103276 ) ) ;
#5838 = CARTESIAN_POINT ( 'NONE',  ( 216.3483772307105824, -188.1638144697358825, -0.000000000000000000 ) ) ;
#5839 = CARTESIAN_POINT ( 'NONE',  ( 212.6665719462424988, 189.6067788415603559, 0.000000000000000000 ) ) ;
#5840 = CARTESIAN_POINT ( 'NONE',  ( 35.51718509418267899, -31.49635464163638687, 48.58826768960422271 ) ) ;
#5841 =( NAMED_UNIT ( * ) SI_UNIT ( $, .STERADIAN. ) SOLID_ANGLE_UNIT ( ) );
#5842 = FACE_OUTER_BOUND ( 'NONE', #408, .T. ) ;
#5843 = CARTESIAN_POINT ( 'NONE',  ( 207.6941782338438145, -179.3826124631035270, 10.66557319233267620 ) ) ;
#5844 = CARTESIAN_POINT ( 'NONE',  ( -215.8889113218388900, -185.1311021207730789, 0.000000000000000000 ) ) ;
#5845 = CARTESIAN_POINT ( 'NONE',  ( -197.3170831686424265, 173.1149493647157271, 15.70756427601640048 ) ) ;
#5846 = CARTESIAN_POINT ( 'NONE',  ( -208.9000000000134776, -190.4999999999999432, -0.7496718643765062362 ) ) ;
#5847 = AXIS2_PLACEMENT_3D ( 'NONE', #878, #2801, #6350 ) ;
#5848 = CARTESIAN_POINT ( 'NONE',  ( -214.6328810961629756, 185.9219221190536189, 3.318087698592531609 ) ) ;
#5849 = CARTESIAN_POINT ( 'NONE',  ( 215.8999999999999204, 200.5000000000000568, 85.00000000000000000 ) ) ;
#5850 = CARTESIAN_POINT ( 'NONE',  ( 43.44111640711689404, 2.614703683741280926, 48.66820518867478995 ) ) ;
#5851 = CYLINDRICAL_SURFACE ( 'NONE', #6751, 2.000000000000000000 ) ;
#5852 = ORIENTED_EDGE ( 'NONE', *, *, #4921, .F. ) ;
#5853 = CARTESIAN_POINT ( 'NONE',  ( -225.8999999999999204, 150.0000000000000000, 50.00000000000000000 ) ) ;
#5854 = CARTESIAN_POINT ( 'NONE',  ( 211.5787840265555531, -189.9671567275789812, -0.1014346312125887634 ) ) ;
#5855 = CARTESIAN_POINT ( 'NONE',  ( 183.6143620253792506, -160.1227452419310566, 20.70243472142954744 ) ) ;
#5856 = DIRECTION ( 'NONE',  ( 0.7425121358752776457, 0.6698326119844668636, 0.000000000000000000 ) ) ;
#5857 = CARTESIAN_POINT ( 'NONE',  ( -167.1449088991934957, 148.4213227977170675, 24.87967298885022771 ) ) ;
#5858 = DIRECTION ( 'NONE',  ( 0.000000000000000000, 0.000000000000000000, -1.000000000000000000 ) ) ;
#5859 = CARTESIAN_POINT ( 'NONE',  ( 33.01262735438988472, 28.90003035850286039, 48.99633025713273327 ) ) ;
#5860 = CARTESIAN_POINT ( 'NONE',  ( -215.9000000000000909, 184.4162978572970246, -0.2635736927345287417 ) ) ;
#5861 = CARTESIAN_POINT ( 'NONE',  ( 209.8925724235810719, 185.2570028127308888, 9.268803314795736270 ) ) ;
#5862 = CARTESIAN_POINT ( 'NONE',  ( 215.7168933942297429, -185.3321203750604127, 0.1197019082795041794 ) ) ;
#5863 = CARTESIAN_POINT ( 'NONE',  ( 129.8057577502236768, -114.7709210661009820, 33.13484995462516025 ) ) ;
#5864 = CARTESIAN_POINT ( 'NONE',  ( -215.7435775089558661, -183.4972609030528190, 1.511893280965471709 ) ) ;
#5865 = CARTESIAN_POINT ( 'NONE',  ( -34.80830198167492284, 190.2600137813872436, 1.331078147795757616 ) ) ;
#5866 = CARTESIAN_POINT ( 'NONE',  ( 213.4669440579139916, -187.2040092576196173, 4.063485877568546734 ) ) ;
#5867 = EDGE_LOOP ( 'NONE', ( #3464, #1129, #188, #5042 ) ) ;
#5868 = EDGE_CURVE ( 'NONE', #7055, #4198, #3923, .T. ) ;
#5869 = CARTESIAN_POINT ( 'NONE',  ( -211.2380894415821331, 187.3258465585415422, 5.915669815533908249 ) ) ;
#5870 = FACE_OUTER_BOUND ( 'NONE', #6839, .T. ) ;
#5871 = CARTESIAN_POINT ( 'NONE',  ( -215.7177268641834758, 185.3322248080213797, 0.03543485786972321028 ) ) ;
#5872 = EDGE_CURVE ( 'NONE', #5772, #2037, #5787, .T. ) ;
#5873 = CARTESIAN_POINT ( 'NONE',  ( 209.7847914595969883, -190.4681007657541443, 0.7402812371665461466 ) ) ;
#5874 = CARTESIAN_POINT ( 'NONE',  ( -152.5653039155579904, -134.6175021508143459, 28.62776640598169919 ) ) ;
#5875 = CARTESIAN_POINT ( 'NONE',  ( 208.3640192354064595, -188.0912682805135319, 6.160090536186543453 ) ) ;
#5876 = CARTESIAN_POINT ( 'NONE',  ( -54.45884280440918701, 48.05272104933796129, 45.71737912871868303 ) ) ;
#5877 = AXIS2_PLACEMENT_3D ( 'NONE', #757, #6707, #3050 ) ;
#5878 = ORIENTED_EDGE ( 'NONE', *, *, #5015, .T. ) ;
#5879 = CARTESIAN_POINT ( 'NONE',  ( 6.048480366730286661, -42.34304866721361549, 48.22524213312915009 ) ) ;
#5880 = CARTESIAN_POINT ( 'NONE',  ( -206.5798105419865465, 182.9280462524178574, 10.37322435389030950 ) ) ;
#5881 = CARTESIAN_POINT ( 'NONE',  ( -214.9285523824013637, 187.0046072744697199, 1.134787268367897450 ) ) ;
#5882 = CARTESIAN_POINT ( 'NONE',  ( 35.43934598345484233, 31.58483304022560745, 48.58458185461397250 ) ) ;
#5883 = CARTESIAN_POINT ( 'NONE',  ( -42.55460204930970036, -9.056895577964747091, 48.70606577231075818 ) ) ;
#5884 = CARTESIAN_POINT ( 'NONE',  ( 35.46532925228872557, -31.55538501333110446, 48.58608953161461130 ) ) ;
#5885 = CYLINDRICAL_SURFACE ( 'NONE', #5129, 10.00000000000000888 ) ;
#5886 = CARTESIAN_POINT ( 'NONE',  ( 204.2774655220945021, -184.0417530591440993, 9.997482854890240134 ) ) ;
#5887 = CARTESIAN_POINT ( 'NONE',  ( -213.3975239614724160, -188.6594723398632993, 1.575610087687257188 ) ) ;
#5888 = CARTESIAN_POINT ( 'NONE',  ( -197.5470712316734705, 172.8365384267238198, 15.67309023165380744 ) ) ;
#5889 = CARTESIAN_POINT ( 'NONE',  ( -4.256902877316831812, -34.74553684077475424, 57.96191549888538219 ) ) ;
#5890 = CARTESIAN_POINT ( 'NONE',  ( 161.9249999999998693, 190.5000000000001137, 0.000000000000000000 ) ) ;
#5891 = AXIS2_PLACEMENT_3D ( 'NONE', #5623, #2109, #2582 ) ;
#5892 = CARTESIAN_POINT ( 'NONE',  ( -208.7991650168467288, 190.1954177436379041, 2.205400003533305231 ) ) ;
#5893 = CARTESIAN_POINT ( 'NONE',  ( -18.47420869640342289, 38.98898343398223432, 48.48199716976826323 ) ) ;
#5894 = CARTESIAN_POINT ( 'NONE',  ( 39.89665914638739963, 17.82454320792553304, 48.80719770860415707 ) ) ;
#5895 = CARTESIAN_POINT ( 'NONE',  ( 215.2891136206929161, -185.9221287110636354, 1.572841732872547027 ) ) ;
#5896 = EDGE_LOOP ( 'NONE', ( #4211, #5702, #5913, #2416 ) ) ;
#5897 = CARTESIAN_POINT ( 'NONE',  ( -215.4969472021224988, 189.3279654729628589, 0.000000000000000000 ) ) ;
#5898 = CARTESIAN_POINT ( 'NONE',  ( 211.5787840265556099, -189.9671567275789812, -0.02036510045189748180 ) ) ;
#5899 = CARTESIAN_POINT ( 'NONE',  ( 19.17047658813937261, -38.68511526099587883, 48.50272372781980579 ) ) ;
#5900 = CARTESIAN_POINT ( 'NONE',  ( 186.2640757280294110, -164.7330603286053758, 19.54275926270277708 ) ) ;
#5901 = CARTESIAN_POINT ( 'NONE',  ( -156.4676368668376938, 136.3342810327081622, 27.77758861871222962 ) ) ;
#5902 = AXIS2_PLACEMENT_3D ( 'NONE', #4410, #5035, #4957 ) ;
#5903 = CARTESIAN_POINT ( 'NONE',  ( -160.5331195046800019, 140.7470286568046447, 26.80348905199128851 ) ) ;
#5904 = CARTESIAN_POINT ( 'NONE',  ( -19.57104568557982915, 29.04228478474464126, 58.54878760038369734 ) ) ;
#5905 = CARTESIAN_POINT ( 'NONE',  ( -216.7725988627859692, 187.4049003170217702, -0.000000000000000000 ) ) ;
#5906 = CARTESIAN_POINT ( 'NONE',  ( -210.7322351905150697, 190.3178087366782165, -0.2635736927345287417 ) ) ;
#5907 = CARTESIAN_POINT ( 'NONE',  ( 212.8723229788857338, 182.6483482559505660, 6.548488064773461126 ) ) ;
#5908 = CARTESIAN_POINT ( 'NONE',  ( 213.8489762873451241, -188.4495006586116403, 0.1063885756764505891 ) ) ;
#5909 = CARTESIAN_POINT ( 'NONE',  ( 148.7814299317498126, -131.2716755900774785, 29.33098900161127887 ) ) ;
#5910 = CARTESIAN_POINT ( 'NONE',  ( -215.8116373994920423, -190.4597993634637305, 1.201121521671354886 ) ) ;
#5911 = CARTESIAN_POINT ( 'NONE',  ( -126.9064429380833730, 36.71619411726637594, 35.74265220146897093 ) ) ;
#5912 = CARTESIAN_POINT ( 'NONE',  ( 213.9486376214351537, -186.5080554126962511, 4.065647975291150296 ) ) ;
#5913 = ORIENTED_EDGE ( 'NONE', *, *, #616, .T. ) ;
#5914 = CARTESIAN_POINT ( 'NONE',  ( 71.77497877612194088, 62.40867477020702125, 43.09983414702672633 ) ) ;
#5915 = CARTESIAN_POINT ( 'NONE',  ( -213.2017650060698486, 189.0976442940994673, 0.02954716694534683177 ) ) ;
#5916 = CARTESIAN_POINT ( 'NONE',  ( 208.8851101912889021, -190.4600592958100549, 0.8013612415021215130 ) ) ;
#5917 = CARTESIAN_POINT ( 'NONE',  ( -62.40727782311903127, -54.25133514152466319, 44.55081054943707386 ) ) ;
#5918 = EDGE_CURVE ( 'NONE', #3261, #1196, #5401, .T. ) ;
#5919 = CARTESIAN_POINT ( 'NONE',  ( 212.5149391959308502, -183.9080361698943307, 6.793700004592329478 ) ) ;
#5920 = CARTESIAN_POINT ( 'NONE',  ( -92.28767220158955809, 81.24186797805369054, 39.77024084880630284 ) ) ;
#5921 = VERTEX_POINT ( 'NONE', #2730 ) ;
#5922 = CARTESIAN_POINT ( 'NONE',  ( -1.517742970088708176, -42.71956738893154437, 48.19311438951880433 ) ) ;
#5923 = CARTESIAN_POINT ( 'NONE',  ( -207.0926438479735907, 181.3595800579500690, 10.74480387886189980 ) ) ;
#5924 = CARTESIAN_POINT ( 'NONE',  ( -215.8753932223234244, 184.4146238198595142, 0.6103292806941583715 ) ) ;
#5925 = CARTESIAN_POINT ( 'NONE',  ( 35.59615268957158207, 31.40886025961463091, 48.59350003625615244 ) ) ;
#5926 = CARTESIAN_POINT ( 'NONE',  ( 211.1412140766538243, 192.0042375212813397, -0.000000000000000000 ) ) ;
#5927 = CARTESIAN_POINT ( 'NONE',  ( 46.91279218863805056, -41.39451026686030133, 46.87222959355256080 ) ) ;
#5928 = DIRECTION ( 'NONE',  ( -1.000000000000000000, 0.000000000000000000, 0.000000000000000000 ) ) ;
#5929 = CARTESIAN_POINT ( 'NONE',  ( 205.7715534795674159, -180.8965403569786190, 11.38953917561076956 ) ) ;
#5930 = CARTESIAN_POINT ( 'NONE',  ( -31.85434157462078275, 28.04171700863441075, 49.15990708805762210 ) ) ;
#5931 = CARTESIAN_POINT ( 'NONE',  ( -1.218048463569384232, -34.99988877971969714, 57.92965745829568647 ) ) ;
#5932 = CARTESIAN_POINT ( 'NONE',  ( -215.8999999999999773, -190.5000000000044338, -0.3443248545422080142 ) ) ;
#5933 = CARTESIAN_POINT ( 'NONE',  ( -214.5456343358405320, 185.8804812888710103, 3.518802003584070359 ) ) ;
#5934 = LINE ( 'NONE', #3491, #798 ) ;
#5935 = CARTESIAN_POINT ( 'NONE',  ( 215.4302608155547603, -186.4771108836037854, -2.988751656496678859E-12 ) ) ;
#5936 = CARTESIAN_POINT ( 'NONE',  ( 174.4077690786337200, -190.6787150214725273, 7.467418603029487591E-10 ) ) ;
#5937 = CARTESIAN_POINT ( 'NONE',  ( 210.7322351905149560, -190.3178087366781881, -0.2635736927339806246 ) ) ;
#5938 = DIRECTION ( 'NONE',  ( -0.0007836456187154658198, -0.9999996929497250164, 0.000000000000000000 ) ) ;
#5939 = CARTESIAN_POINT ( 'NONE',  ( 188.3472029349031800, -166.1736743752197754, 18.92607052813038138 ) ) ;
#5940 = DIRECTION ( 'NONE',  ( 1.000000000000000000, 0.000000000000000000, 0.000000000000000000 ) ) ;
#5941 = CARTESIAN_POINT ( 'NONE',  ( -163.2401628808028420, 145.2469714741701523, 25.80406750268733873 ) ) ;
#5942 = CARTESIAN_POINT ( 'NONE',  ( -24.57246964503253750, 35.83588635749374873, 48.67991036540443872 ) ) ;
#5943 = CARTESIAN_POINT ( 'NONE',  ( 35.00000000000000711, 4.366641308594737436E-15, 58.54591266636803226 ) ) ;
#5944 = CARTESIAN_POINT ( 'NONE',  ( -209.8162978572970587, 190.5000000000000000, -0.4257127542561995881 ) ) ;
#5945 = CARTESIAN_POINT ( 'NONE',  ( 215.2199148708545522, 183.4538979499433822, 3.135424877427589241 ) ) ;
#5946 = CARTESIAN_POINT ( 'NONE',  ( 215.8998066466324701, -183.4999978503431635, 0.05513505110893387323 ) ) ;
#5947 = CARTESIAN_POINT ( 'NONE',  ( 137.8454066867865322, -120.8669039518454298, 31.69333882079083153 ) ) ;
#5948 = CARTESIAN_POINT ( 'NONE',  ( -208.8989119004269526, -190.4974241848510133, 0.2070088317877240847 ) ) ;
#5949 = DIRECTION ( 'NONE',  ( 0.000000000000000000, 0.000000000000000000, 1.000000000000000000 ) ) ;
#5950 = ORIENTED_EDGE ( 'NONE', *, *, #1690, .F. ) ;
#5951 = CARTESIAN_POINT ( 'NONE',  ( 1.238720946406657974, -35.00011573689292277, 50.00106308223153917 ) ) ;
#5952 = CARTESIAN_POINT ( 'NONE',  ( 209.3388634668555994, 180.5347039695082856, 9.568705145679574642 ) ) ;
#5953 = CARTESIAN_POINT ( 'NONE',  ( -210.7322250680741149, 190.3178023011973607, 0.01150011813761325948 ) ) ;
#5954 = CARTESIAN_POINT ( 'NONE',  ( 211.4393256335150113, -189.8706945267058188, 1.456708692811958583 ) ) ;
#5955 = B_SPLINE_CURVE_WITH_KNOTS ( 'NONE', 3,
 ( #2174, #996, #3320, #2256, #7069, #7576, #1513, #439, #6985, #1591, #5726, #3999, #2684, #5762, #5138, #6472, #4039, #2096, #2721, #4083, #6907, #4638 ),
 .UNSPECIFIED., .F., .F.,
 ( 4, 2, 2, 2, 2, 2, 2, 2, 2, 2, 4 ),
 ( 2.775557561562891351E-17, 0.001352159041130364652, 0.002704318082260701549, 0.003380397602825885826, 0.004056477123391070971, 0.005408636164521555753, 0.006760795205652039667, 0.008112954246782525317, 0.008789033767347751228, 0.009465113287912977139, 0.01081727232904349661 ),
 .UNSPECIFIED. ) ;
#5956 = CARTESIAN_POINT ( 'NONE',  ( -163.8780884941798490, -144.5993908052642212, 26.03986204155998152 ) ) ;
#5957 = CARTESIAN_POINT ( 'NONE',  ( 209.1835868789366657, -187.1073879039942938, 6.953764674797668910 ) ) ;
#5958 = CARTESIAN_POINT ( 'NONE',  ( -106.7668380443437002, 95.24241803324210309, 37.15037066410204147 ) ) ;
#5959 = ORIENTED_EDGE ( 'NONE', *, *, #5303, .F. ) ;
#5960 = CARTESIAN_POINT ( 'NONE',  ( -209.5691130113157499, 181.3031881835431705, 9.406128977991009776 ) ) ;
#5961 = CARTESIAN_POINT ( 'NONE',  ( -212.4153169902000400, 189.6121682180199741, 0.3716573264849949987 ) ) ;
#5962 = CARTESIAN_POINT ( 'NONE',  ( 216.4992273490066168, -187.9135583668460754, 0.000000000000000000 ) ) ;
#5963 = CARTESIAN_POINT ( 'NONE',  ( 63.11918414713675674, -56.52609073505069404, 44.27654034098981839 ) ) ;
#5964 = CARTESIAN_POINT ( 'NONE',  ( 31.82214388158469731, -28.07859297631410556, 49.15967969092650236 ) ) ;
#5965 = CARTESIAN_POINT ( 'NONE',  ( -212.4838043228863000, -189.3193006556320483, 1.578301194756659198 ) ) ;
#5966 = CARTESIAN_POINT ( 'NONE',  ( 205.5808232503277964, -180.1147155913176334, 11.66761895829477602 ) ) ;
#5967 = CARTESIAN_POINT ( 'NONE',  ( 215.8999999999999204, 200.5000000000000568, 85.00000000000000000 ) ) ;
#5968 = ORIENTED_EDGE ( 'NONE', *, *, #1730, .T. ) ;
#5969 = CIRCLE ( 'NONE', #6966, 10.00000000000000888 ) ;
#5970 = CARTESIAN_POINT ( 'NONE',  ( 161.9249999999998693, 190.5000000000001137, 18.29247163712371105 ) ) ;
#5971 = CARTESIAN_POINT ( 'NONE',  ( -215.1536212401761077, 183.4437983335889726, 3.281183260921835654 ) ) ;
#5972 = CARTESIAN_POINT ( 'NONE',  ( 41.20710138013925672, 14.12672846068992349, 48.75917131041353514 ) ) ;
#5973 = CARTESIAN_POINT ( 'NONE',  ( 214.0287172018352919, -188.0320639587747564, 1.574238019527392396 ) ) ;
#5974 = CARTESIAN_POINT ( 'NONE',  ( -213.3935953378199031, 188.6629096140241870, 1.575619667304218652 ) ) ;
#5975 = CARTESIAN_POINT ( 'NONE',  ( 209.8162978572970019, -190.4999999999999716, -0.2635736927339806246 ) ) ;
#5976 = EDGE_CURVE ( 'NONE', #929, #7045, #3000, .T. ) ;
#5977 = CARTESIAN_POINT ( 'NONE',  ( 189.3428779526216488, -165.0129021755631413, 18.84912570935228970 ) ) ;
#5978 = CARTESIAN_POINT ( 'NONE',  ( -207.9472888344907346, 188.5144407916007765, 5.603034682440592107 ) ) ;
#5979 = CARTESIAN_POINT ( 'NONE',  ( -183.3965188918613762, 164.0852153648684180, 19.86378394243868328 ) ) ;
#5980 = CARTESIAN_POINT ( 'NONE',  ( -12.22376709910824921, 32.88816606397590903, 50.02091559244784236 ) ) ;
#5981 = DIRECTION ( 'NONE',  ( -0.000000000000000000, -1.000000000000000000, -0.000000000000000000 ) ) ;
#5982 = CARTESIAN_POINT ( 'NONE',  ( -214.4976678967873056, 187.8018270398243885, -1.398547123386250313 ) ) ;
#5983 = CARTESIAN_POINT ( 'NONE',  ( 215.4930929322511872, 190.2718009487505242, 2.528736584448782132 ) ) ;
#5984 = CARTESIAN_POINT ( 'NONE',  ( 215.8999207879158178, -184.4162922552452812, 0.03489946912372444282 ) ) ;
#5985 = CARTESIAN_POINT ( 'NONE',  ( 136.9640330236873353, -121.8497407022879457, 31.61554784169505439 ) ) ;
#5986 = CARTESIAN_POINT ( 'NONE',  ( -208.8993195821817039, -190.4983864041582819, 0.1657484113850029861 ) ) ;
#5987 = CARTESIAN_POINT ( 'NONE',  ( -208.6800401270998577, -189.8774558218206039, 3.149678477381993691 ) ) ;
#5988 = ORIENTED_EDGE ( 'NONE', *, *, #7410, .F. ) ;
#5989 = CARTESIAN_POINT ( 'NONE',  ( -27.67293758579138085, -21.45545556304272949, 50.00389792692537583 ) ) ;
#5990 = CARTESIAN_POINT ( 'NONE',  ( -215.8999950890370485, 183.4999999445029175, 0.008482656849454744269 ) ) ;
#5991 = CARTESIAN_POINT ( 'NONE',  ( 215.6578608814702420, -185.3246034585845905, 0.9619979398409211901 ) ) ;
#5992 = CARTESIAN_POINT ( 'NONE',  ( 121.0721624688890898, -106.8283786490197969, 35.74265220146897093 ) ) ;
#5993 = CARTESIAN_POINT ( 'NONE',  ( 212.1377720536021343, -185.2827395451182895, 6.636470571249792449 ) ) ;
#5994 = CARTESIAN_POINT ( 'NONE',  ( -92.10109466779773868, 81.45183794283764200, 39.75905220728829903 ) ) ;
#5995 = ORIENTED_EDGE ( 'NONE', *, *, #7547, .T. ) ;
#5996 = CARTESIAN_POINT ( 'NONE',  ( -206.8206710432522470, 186.9691453833856087, 7.424298946698746349 ) ) ;
#5997 = CARTESIAN_POINT ( 'NONE',  ( -211.5604237071070202, 189.9578227385826210, 0.4829769204406598737 ) ) ;
#5998 = CARTESIAN_POINT ( 'NONE',  ( 50.68861612459214427, 44.72660095319879758, 46.31234258314509589 ) ) ;
#5999 = CARTESIAN_POINT ( 'NONE',  ( -43.44059773654861800, 1.316418901843572575, 48.66822799429994006 ) ) ;
#6000 = CARTESIAN_POINT ( 'NONE',  ( 54.40130025639575706, -48.11796325569422095, 45.71518711816032976 ) ) ;
#6001 = CARTESIAN_POINT ( 'NONE',  ( 206.9268996709668329, -182.5507243201157621, 10.40331386479740061 ) ) ;
#6002 = CARTESIAN_POINT ( 'NONE',  ( -212.7560416979734157, -191.4006256878323597, -0.000000000000000000 ) ) ;
#6003 = ORIENTED_EDGE ( 'NONE', *, *, #1876, .T. ) ;
#6004 = CARTESIAN_POINT ( 'NONE',  ( -208.8999999999999773, -190.4999999999999432, -0.1416513496249270920 ) ) ;
#6005 = CARTESIAN_POINT ( 'NONE',  ( -212.5993281028329420, 188.6691120015457841, 3.177180728817559086 ) ) ;
#6006 = AXIS2_PLACEMENT_3D ( 'NONE', #4047, #489, #5223 ) ;
#6007 = CARTESIAN_POINT ( 'NONE',  ( 43.15820260112095497, -5.245734961489913140, 48.68054119063232577 ) ) ;
#6008 = CARTESIAN_POINT ( 'NONE',  ( -215.7293584012458325, -183.4967789686986919, 1.574680594478672369 ) ) ;
#6009 = FACE_OUTER_BOUND ( 'NONE', #5001, .T. ) ;
#6010 = CARTESIAN_POINT ( 'NONE',  ( 212.4253328625962354, -189.6165047184798027, -0.4257127542553629795 ) ) ;
#6011 = CARTESIAN_POINT ( 'NONE',  ( 185.6554222128835363, -165.3728052230925698, 19.40530027456282269 ) ) ;
#6012 = EDGE_CURVE ( 'NONE', #7287, #2172, #612, .T. ) ;
#6013 = DIRECTION ( 'NONE',  ( 1.000000000000000000, 0.000000000000000000, 0.000000000000000000 ) ) ;
#6014 = CARTESIAN_POINT ( 'NONE',  ( -179.4589273411253316, 157.2583704137498160, 21.88175505302542589 ) ) ;
#6015 = EDGE_CURVE ( 'NONE', #2513, #7514, #5142, .T. ) ;
#6016 = CARTESIAN_POINT ( 'NONE',  ( -210.6826816989586177, 187.7976951244718578, 5.779262557735301620 ) ) ;
#6017 = CARTESIAN_POINT ( 'NONE',  ( -19.18698858133830853, 38.67771143312823767, 48.50322226264186298 ) ) ;
#6018 = CARTESIAN_POINT ( 'NONE',  ( 36.16680041193083639, 24.69022328174688496, 48.92008807782979574 ) ) ;
#6019 = DIRECTION ( 'NONE',  ( 0.000000000000000000, 0.000000000000000000, 1.000000000000000000 ) ) ;
#6020 = CARTESIAN_POINT ( 'NONE',  ( 208.7990309100531192, 190.1950271349905393, 2.206786557734423226 ) ) ;
#6021 = VECTOR ( 'NONE', #4499, 1000.000000000000000 ) ;
#6022 = CARTESIAN_POINT ( 'NONE',  ( 214.4975918129946706, -187.8018060186021216, 0.03354170252007139530 ) ) ;
#6023 = CARTESIAN_POINT ( 'NONE',  ( 145.0109013255319326, -127.9451656352962914, 30.11703072332110764 ) ) ;
#6024 = CARTESIAN_POINT ( 'NONE',  ( -215.8999999999997783, -190.4999999999999147, -0.05044827241233423160 ) ) ;
#6025 = DIRECTION ( 'NONE',  ( -0.000000000000000000, 0.000000000000000000, 1.000000000000000000 ) ) ;
#6026 = EDGE_LOOP ( 'NONE', ( #5332, #4860, #1030, #1626 ) ) ;
#6027 = AXIS2_PLACEMENT_3D ( 'NONE', #922, #6400, #3326 ) ;
#6028 = CARTESIAN_POINT ( 'NONE',  ( 48.56270117866658609, 42.25519589393254449, 46.66098017542381626 ) ) ;
#6029 = CARTESIAN_POINT ( 'NONE',  ( -208.9000000000000341, 190.5000000000000000, -0.02036510045201300398 ) ) ;
#6030 = CARTESIAN_POINT ( 'NONE',  ( 214.8993938826325234, -186.9960357904506623, 1.299104576572797987 ) ) ;
#6031 = CARTESIAN_POINT ( 'NONE',  ( -209.8925724235476764, -185.2570028127159958, 9.268803314809217042 ) ) ;
#6032 = CARTESIAN_POINT ( 'NONE',  ( 213.5354738604540614, -182.9520421793024809, 5.800912321962035101 ) ) ;
#6033 = CARTESIAN_POINT ( 'NONE',  ( -122.1509461844421196, 108.2356878683605146, 34.50566226024906769 ) ) ;
#6034 = VERTEX_POINT ( 'NONE', #959 ) ;
#6035 = CARTESIAN_POINT ( 'NONE',  ( -211.8008553167863397, 182.0784936783760202, 7.596495219982121405 ) ) ;
#6036 = CARTESIAN_POINT ( 'NONE',  ( -32.78265958801354429, -29.15505984843151310, 48.99405119429542310 ) ) ;
#6037 = CARTESIAN_POINT ( 'NONE',  ( -215.0104190520823124, 187.0239965888925155, 0.3012433962939221610 ) ) ;
#6038 = CARTESIAN_POINT ( 'NONE',  ( 183.7883379242408353, 159.9067486102011344, 20.65076587650631978 ) ) ;
#6039 = CARTESIAN_POINT ( 'NONE',  ( 217.6836110407052445, 183.4969353413797251, 0.000000000000000000 ) ) ;
#6040 = CARTESIAN_POINT ( 'NONE',  ( 76.85526477593121797, -68.30264211773278760, 42.16590678842902662 ) ) ;
#6041 = APPLICATION_PROTOCOL_DEFINITION ( 'draft international standard', 'automotive_design', 1998, #3840 ) ;
#6042 = CARTESIAN_POINT ( 'NONE',  ( 205.5671941496595423, -185.4681832931941585, 8.845430822201519661 ) ) ;
#6043 = CARTESIAN_POINT ( 'NONE',  ( -216.5161505477358617, -187.9125367762804899, 0.000000000000000000 ) ) ;
#6044 = CARTESIAN_POINT ( 'NONE',  ( -203.3727002150136798, 177.7168155929974773, 12.98076001033796523 ) ) ;
#6045 = CARTESIAN_POINT ( 'NONE',  ( -215.6224790848266082, 184.3864556212288619, 2.007986951049276048 ) ) ;
#6046 = CARTESIAN_POINT ( 'NONE',  ( 33.01262735438949392, 28.90003035850330448, 48.99633025713273327 ) ) ;
#6047 = LINE ( 'NONE', #2458, #4882 ) ;
#6048 = CARTESIAN_POINT ( 'NONE',  ( -211.0572503344937161, 189.9866763781583643, 1.584486538095889685 ) ) ;
#6049 = CARTESIAN_POINT ( 'NONE',  ( 215.3671567275789869, -186.1787840265556042, -0.1825041619732894471 ) ) ;
#6050 = CARTESIAN_POINT ( 'NONE',  ( 197.2392811436922671, -171.1979934486996626, 15.88921695411696433 ) ) ;
#6051 = CARTESIAN_POINT ( 'NONE',  ( -173.1630904099405086, 154.7859985777660938, 23.00817875429228465 ) ) ;
#6052 = CARTESIAN_POINT ( 'NONE',  ( -172.3581858277511287, 150.1005555079919134, 23.91777801921163160 ) ) ;
#6053 = CARTESIAN_POINT ( 'NONE',  ( -213.7119999542003939, 183.0228345745388481, 5.579099963401032092 ) ) ;
#6054 = CARTESIAN_POINT ( 'NONE',  ( -23.27179443702339867, 36.61646696792141853, 48.63437460331263651 ) ) ;
#6055 = CARTESIAN_POINT ( 'NONE',  ( 35.00000000000001421, -1.046762400701258366, 58.54591266636802516 ) ) ;
#6056 = CARTESIAN_POINT ( 'NONE',  ( -215.0165047184798368, 187.0253328625962865, -1.398547123386250313 ) ) ;
#6057 = CARTESIAN_POINT ( 'NONE',  ( 215.5593260792826129, 183.4888316863705029, 2.224746749937692503 ) ) ;
#6058 = CARTESIAN_POINT ( 'NONE',  ( 215.7176820893974138, -185.3322191589024044, 0.04304190444501091589 ) ) ;
#6059 = CARTESIAN_POINT ( 'NONE',  ( 159.9417496506279122, -141.4146297068227511, 26.79092108903293834 ) ) ;
#6060 = CARTESIAN_POINT ( 'NONE',  ( -215.8999999999999773, -183.4999999851165455, 0.0008993030907702316687 ) ) ;
#6061 = CARTESIAN_POINT ( 'NONE',  ( -33.01262735438955787, -28.90003035850321211, 48.99633025713272616 ) ) ;
#6062 = ORIENTED_EDGE ( 'NONE', *, *, #800, .T. ) ;
#6063 = CARTESIAN_POINT ( 'NONE',  ( 215.8999999999999488, -190.5000000000000284, 70.00000000000000000 ) ) ;
#6064 = CARTESIAN_POINT ( 'NONE',  ( -209.8162976801886543, 190.4999998435760915, 0.002375595568333199823 ) ) ;
#6065 = CARTESIAN_POINT ( 'NONE',  ( 209.8041801908558739, -190.4893166614149038, 0.4416647015619597494 ) ) ;
#6066 = CARTESIAN_POINT ( 'NONE',  ( -199.7671949113097583, -176.2731326225203645, 14.82007086861754885 ) ) ;
#6067 = ADVANCED_FACE ( 'NONE', ( #6913 ), #406, .T. ) ;
#6068 = CARTESIAN_POINT ( 'NONE',  ( 208.3748758642255723, -189.2405967388517638, 4.462505714208032437 ) ) ;
#6069 = CARTESIAN_POINT ( 'NONE',  ( -114.5071042593233557, 101.6876020733998018, 35.87309517950316717 ) ) ;
#6070 = CARTESIAN_POINT ( 'NONE',  ( -207.7185776667394350, 187.2406826819738512, 7.152429206858198718 ) ) ;
#6071 = CARTESIAN_POINT ( 'NONE',  ( -26.17504674781962137, -23.23671594091058878, 50.00190764041669667 ) ) ;
#6072 = CARTESIAN_POINT ( 'NONE',  ( -212.4243856554470824, 189.6160882213290506, 0.1134680807307869438 ) ) ;
#6073 = CARTESIAN_POINT ( 'NONE',  ( 187.0925040913549822, 167.4720703404396431, 18.60015967348943278 ) ) ;
#6074 = DIRECTION ( 'NONE',  ( 0.000000000000000000, 1.000000000000000000, 0.000000000000000000 ) ) ;
#6075 = CARTESIAN_POINT ( 'NONE',  ( 50.47485194846392886, -44.96175228635198806, 46.28258868979688856 ) ) ;
#6076 = CARTESIAN_POINT ( 'NONE',  ( 207.5664652751750339, -183.8362189362102299, 9.649692613926951879 ) ) ;
#6077 = CARTESIAN_POINT ( 'NONE',  ( 25.98792483414296584, -23.44414133242963061, 58.92519609199868569 ) ) ;
#6078 = DIRECTION ( 'NONE',  ( 1.000000000000000000, 0.000000000000000000, 0.000000000000000000 ) ) ;
#6079 = CARTESIAN_POINT ( 'NONE',  ( -199.1465774810888263, 176.7322362119622028, 14.36102514193193258 ) ) ;
#6080 = CARTESIAN_POINT ( 'NONE',  ( 11.98297505649239625, -32.97485160882608568, 58.17525656836269121 ) ) ;
#6081 = CARTESIAN_POINT ( 'NONE',  ( -210.6297669840306810, 190.2298179710829800, 1.292012720409205784 ) ) ;
#6082 = CARTESIAN_POINT ( 'NONE',  ( 208.8256032266849047, 190.2740071871965313, 1.919915487134664867 ) ) ;
#6083 = CARTESIAN_POINT ( 'NONE',  ( 217.6933995683914134, 61.16564530790591192, 6.071532165918824830E-15 ) ) ;
#6084 = CARTESIAN_POINT ( 'NONE',  ( -215.6904632989559616, 185.8231968436811030, -3.064096790225135222E-12 ) ) ;
#6085 = CARTESIAN_POINT ( 'NONE',  ( 213.8497474683057931, -188.4497474683058158, -0.2635736927339806246 ) ) ;
#6086 = CARTESIAN_POINT ( 'NONE',  ( 194.9174283611653209, -173.8373168838894571, 15.88264348066184262 ) ) ;
#6087 = CARTESIAN_POINT ( 'NONE',  ( -182.4468987224693421, 163.2154382755972506, 20.18696163354992734 ) ) ;
#6088 = CARTESIAN_POINT ( 'NONE',  ( -179.8054191591798201, 156.8490450804925729, 21.83325912025821225 ) ) ;
#6089 = CARTESIAN_POINT ( 'NONE',  ( -209.1675484259472455, 189.3194025820965578, 4.334033849726459664 ) ) ;
#6090 = CARTESIAN_POINT ( 'NONE',  ( 212.4876474932982262, -182.4606020181571751, 6.957985438061414563 ) ) ;
#6091 = CARTESIAN_POINT ( 'NONE',  ( 34.62456176080250003, -5.217125272009234038, 58.56913242121062524 ) ) ;
#6092 = DIRECTION ( 'NONE',  ( 0.6695046016950475520, 0.7421485401513135960, -0.03129109554537381349 ) ) ;
#6093 = CARTESIAN_POINT ( 'NONE',  ( 215.8999999999998067, 190.5000000000000568, -0.001363282941627991457 ) ) ;
#6094 = CARTESIAN_POINT ( 'NONE',  ( 214.4975502225755974, -187.8017945787164820, 0.04073636344999035513 ) ) ;
#6095 = CARTESIAN_POINT ( 'NONE',  ( 151.7047220791292546, -135.5150950777378966, 28.34209681965579009 ) ) ;
#6096 = CARTESIAN_POINT ( 'NONE',  ( -215.8999999999999773, -183.5000000148833408, -0.0009341114840022584666 ) ) ;
#6097 = CARTESIAN_POINT ( 'NONE',  ( 210.8999999999999488, 150.0000000000000000, 50.00000000000000000 ) ) ;
#6098 = AXIS2_PLACEMENT_3D ( 'NONE', #1280, #2534, #4951 ) ;
#6099 = ORIENTED_EDGE ( 'NONE', *, *, #4002, .F. ) ;
#6100 = CARTESIAN_POINT ( 'NONE',  ( 27.70586875073919231, -21.48955809591650734, 50.00397402157375382 ) ) ;
#6101 = CARTESIAN_POINT ( 'NONE',  ( -213.2018270398244226, 189.0976678967872715, 6.062116545664508331E-05 ) ) ;
#6102 = CARTESIAN_POINT ( 'NONE',  ( 213.7991949938146945, -188.4333368205620047, 0.8573258086376811526 ) ) ;
#6103 = B_SPLINE_CURVE_WITH_KNOTS ( 'NONE', 3,
 ( #4478, #3319, #1549, #4636, #3997, #4518, #3399, #6864, #5725, #2173 ),
 .UNSPECIFIED., .F., .F.,
 ( 4, 2, 2, 2, 4 ),
 ( 0.000000000000000000, 0.1044222926944933239, 0.2088445853889866477, 0.3132668780834799716, 0.4176891707779732954 ),
 .UNSPECIFIED. ) ;
#6104 = CARTESIAN_POINT ( 'NONE',  ( -205.1241642202233777, -181.0108313423133950, 12.20771442337327706 ) ) ;
#6105 = CARTESIAN_POINT ( 'NONE',  ( -211.8915753176098065, -189.6453896511910102, 1.580521357163066298 ) ) ;
#6106 = CARTESIAN_POINT ( 'NONE',  ( 213.0349453424732076, -184.2081800069833832, 6.233279302893243390 ) ) ;
#6107 = ADVANCED_FACE ( 'NONE', ( #1639 ), #7507, .F. ) ;
#6108 = CARTESIAN_POINT ( 'NONE',  ( -152.4111577578030392, 134.7540820138925426, 28.50479310818595735 ) ) ;
#6109 = CARTESIAN_POINT ( 'NONE',  ( -209.6351504367600000, 184.1513210639929241, 8.671173798009849776 ) ) ;
#6110 = EDGE_CURVE ( 'NONE', #1332, #855, #5224, .T. ) ;
#6111 = CARTESIAN_POINT ( 'NONE',  ( -26.41788384992437599, 22.95855859787160469, 58.93158553443241487 ) ) ;
#6112 = CARTESIAN_POINT ( 'NONE',  ( -210.7317016953121822, 190.3174745058337294, 0.08484678929367435452 ) ) ;
#6113 = CARTESIAN_POINT ( 'NONE',  ( 115.4832860153771463, 100.5818251611421914, 35.88733907434335890 ) ) ;
#6114 = CARTESIAN_POINT ( 'NONE',  ( 208.2494643280851960, -189.0169509345174390, 4.834079432088865147 ) ) ;
#6115 = CARTESIAN_POINT ( 'NONE',  ( 77.26181632222777296, -67.84518617433430165, 42.19392382738917036 ) ) ;
#6116 = CARTESIAN_POINT ( 'NONE',  ( 206.4150950468301744, -185.6911715903231368, 8.669355566135759972 ) ) ;
#6117 = CARTESIAN_POINT ( 'NONE',  ( -32.78265958749825160, -29.15505984796082473, 48.99405119437487599 ) ) ;
#6118 = CARTESIAN_POINT ( 'NONE',  ( -43.14007436958421948, 38.06554268321401224, 47.44564858699456522 ) ) ;
#6119 = CARTESIAN_POINT ( 'NONE',  ( -201.0205872260819717, 178.4460297381413341, 13.42196970962150893 ) ) ;
#6120 = CARTESIAN_POINT ( 'NONE',  ( -215.4367301801342478, 183.4796999803988342, 2.600029563413263745 ) ) ;
#6121 = DIRECTION ( 'NONE',  ( 1.000000000000000000, -0.000000000000000000, -0.000000000000000000 ) ) ;
#6122 = DIRECTION ( 'NONE',  ( -0.000000000000000000, -0.000000000000000000, -1.000000000000000000 ) ) ;
#6123 = CARTESIAN_POINT ( 'NONE',  ( 215.8999999999999488, -190.5000000000000284, 2.000000000000001776 ) ) ;
#6124 = CARTESIAN_POINT ( 'NONE',  ( 208.8999999999999773, -190.4999999999999716, -1.074269000340911884 ) ) ;
#6125 = CARTESIAN_POINT ( 'NONE',  ( 197.0788527943483359, -173.3898613491522269, 15.71525159016969120 ) ) ;
#6126 = CARTESIAN_POINT ( 'NONE',  ( -215.6849779107243137, -184.3955139969121433, 1.573497955804147752 ) ) ;
#6127 = CARTESIAN_POINT ( 'NONE',  ( -174.4664845410369480, 155.2896836261892872, 22.86603894119638625 ) ) ;
#6128 = CARTESIAN_POINT ( 'NONE',  ( 19.82698448005552194, -28.86967992654106752, 50.02410129257606286 ) ) ;
#6129 = AXIS2_PLACEMENT_3D ( 'NONE', #6063, #155, #6217 ) ;
#6130 = CARTESIAN_POINT ( 'NONE',  ( -211.5891715917714464, 187.6748813106554508, 5.361886944992125592 ) ) ;
#6131 = CARTESIAN_POINT ( 'NONE',  ( 201.3501378207014341, -174.5312466629386847, 14.09436864953955393 ) ) ;
#6132 = CARTESIAN_POINT ( 'NONE',  ( 30.60950502491778380, -17.00399051560208363, 58.77683125092418237 ) ) ;
#6133 = CARTESIAN_POINT ( 'NONE',  ( 215.5540227905028416, 185.0529031665812454, 1.573075618210894255 ) ) ;
#6134 = CARTESIAN_POINT ( 'NONE',  ( 215.8999999999998352, 183.5000000000000284, -0.002946669698753544460 ) ) ;
#6135 = CARTESIAN_POINT ( 'NONE',  ( 215.0164947962994972, -187.0253306197325003, 0.01249410904334374503 ) ) ;
#6136 = CARTESIAN_POINT ( 'NONE',  ( 156.4654122897330808, -137.7619908395122650, 27.66913024686195044 ) ) ;
#6137 = CARTESIAN_POINT ( 'NONE',  ( -215.8999999999998920, -190.5000000000000284, -0.006113443211637472827 ) ) ;
#6138 = DIRECTION ( 'NONE',  ( 0.000000000000000000, 0.000000000000000000, 1.000000000000000000 ) ) ;
#6139 = AXIS2_PLACEMENT_3D ( 'NONE', #7028, #5803, #3437 ) ;
#6140 = ORIENTED_EDGE ( 'NONE', *, *, #2827, .F. ) ;
#6141 = VECTOR ( 'NONE', #4301, 1000.000000000000000 ) ;
#6142 = CARTESIAN_POINT ( 'NONE',  ( 30.53825437604288240, -17.13223839356659894, 50.00851043332443169 ) ) ;
#6143 = CARTESIAN_POINT ( 'NONE',  ( -215.8999902164185301, 184.4162971627821435, 0.01254127024637879950 ) ) ;
#6144 = CARTESIAN_POINT ( 'NONE',  ( 215.7856710363199966, -184.4071065141483245, 1.290804252232109706 ) ) ;
#6145 = CARTESIAN_POINT ( 'NONE',  ( -194.0616911473441348, -171.2349019941310075, 17.15627790714595235 ) ) ;
#6146 = CARTESIAN_POINT ( 'NONE',  ( -215.3682035837565820, -185.7024080781383759, 1.572861041641961277 ) ) ;
#6147 = CARTESIAN_POINT ( 'NONE',  ( 212.8717069275586482, -185.7989192082362138, 5.760026027032684404 ) ) ;
#6148 = CARTESIAN_POINT ( 'NONE',  ( -136.7105164788595175, 122.1217217112971412, 31.54506384329480184 ) ) ;
#6149 = AXIS2_PLACEMENT_3D ( 'NONE', #7739, #639, #6078 ) ;
#6150 = CARTESIAN_POINT ( 'NONE',  ( -207.0234204727423162, 187.2317367934191452, 7.140598214441231661 ) ) ;
#6151 = EDGE_CURVE ( 'NONE', #1790, #2794, #255, .T. ) ;
#6152 = CARTESIAN_POINT ( 'NONE',  ( -16.41808550872101335, -30.91637535729947572, 58.38244303052227480 ) ) ;
#6153 = CARTESIAN_POINT ( 'NONE',  ( -208.8997403080931576, 190.4993819940129640, 0.1014868090457109878 ) ) ;
#6154 = CARTESIAN_POINT ( 'NONE',  ( 186.5004671593767966, 164.5614419632078977, 19.78417079367585174 ) ) ;
#6155 = CARTESIAN_POINT ( 'NONE',  ( 182.4468987224693706, -163.2154382755972222, 20.18696163354995221 ) ) ;
#6156 = CARTESIAN_POINT ( 'NONE',  ( 61.66714387644528728, -55.09050767470805710, 44.52707942968341825 ) ) ;
#6157 = CARTESIAN_POINT ( 'NONE',  ( 209.1806655839460234, -183.0416283564026969, 9.304077783100783705 ) ) ;
#6158 = CARTESIAN_POINT ( 'NONE',  ( -39.40101085319920315, 34.69819727137100074, 48.01978720992087091 ) ) ;
#6159 = CARTESIAN_POINT ( 'NONE',  ( -199.8014148576640707, 177.8589277221658165, 13.82216703123322254 ) ) ;
#6160 = CARTESIAN_POINT ( 'NONE',  ( -211.3611109148367575, 189.7942698367730827, 1.901895582484327551 ) ) ;
#6161 = CYLINDRICAL_SURFACE ( 'NONE', #2950, 2.000000000000000000 ) ;
#6162 = FACE_OUTER_BOUND ( 'NONE', #2623, .T. ) ;
#6163 = ORIENTED_EDGE ( 'NONE', *, *, #7702, .F. ) ;
#6164 = DIRECTION ( 'NONE',  ( 1.000000000000000000, 0.000000000000000000, 0.000000000000000000 ) ) ;
#6165 = CARTESIAN_POINT ( 'NONE',  ( 209.8162978572970019, -190.4999999999999716, -1.398547123383684143 ) ) ;
#6166 = CARTESIAN_POINT ( 'NONE',  ( 197.2767330779531676, -175.0331193900341873, 15.22257938340385408 ) ) ;
#6167 = B_SPLINE_CURVE_WITH_KNOTS ( 'NONE', 3,
 ( #4610, #4535, #7590, #1051 ),
 .UNSPECIFIED., .F., .F.,
 ( 4, 4 ),
 ( 0.000000000000000000, 0.0006486109560645488036 ),
 .UNSPECIFIED. ) ;
#6168 = CARTESIAN_POINT ( 'NONE',  ( -192.9715922275670152, 168.5067746977836407, 17.53652155152150982 ) ) ;
#6169 = CARTESIAN_POINT ( 'NONE',  ( -212.1092135027103609, 187.1208850195420439, 5.423373607246079864 ) ) ;
#6170 = CARTESIAN_POINT ( 'NONE',  ( 179.4557430486907776, -156.2087012386265883, 21.97061158288238047 ) ) ;
#6171 = CARTESIAN_POINT ( 'NONE',  ( -192.8141101037584519, -167.5365874821019929, 17.62439196554574750 ) ) ;
#6172 = CARTESIAN_POINT ( 'NONE',  ( 208.8458060418409445, 190.6627464050829701, 0.000000000000000000 ) ) ;
#6173 = CARTESIAN_POINT ( 'NONE',  ( 208.8999988077086698, 190.4999972734098890, 0.006694144120947142888 ) ) ;
#6174 = CARTESIAN_POINT ( 'NONE',  ( 211.5787840265556099, -189.9671567275789812, -9.771776172705226994E-05 ) ) ;
#6175 = CARTESIAN_POINT ( 'NONE',  ( 160.5331195046797745, -140.7470286568044742, 26.80348905199129206 ) ) ;
#6176 = CARTESIAN_POINT ( 'NONE',  ( -197.7730273387041962, -177.4926374795978745, 14.08609020434606585 ) ) ;
#6177 = ORIENTED_EDGE ( 'NONE', *, *, #7702, .T. ) ;
#6178 = VERTEX_POINT ( 'NONE', #4487 ) ;
#6179 = DIRECTION ( 'NONE',  ( 8.001661463903068548E-05, 0.9999999967986707983, 0.000000000000000000 ) ) ;
#6180 = CARTESIAN_POINT ( 'NONE',  ( -214.4976678967873056, 187.8018270398243885, -0.06089986583242601448 ) ) ;
#6181 = CARTESIAN_POINT ( 'NONE',  ( 213.8478388838675528, -188.4491411455124421, 0.1615901556014689155 ) ) ;
#6182 = CARTESIAN_POINT ( 'NONE',  ( -204.1196527389148230, -176.7108149988301022, 12.72696022217464318 ) ) ;
#6183 = DIRECTION ( 'NONE',  ( 1.000000000000000000, -0.000000000000000000, -0.000000000000000000 ) ) ;
#6184 = CARTESIAN_POINT ( 'NONE',  ( 213.9062492839595677, -185.5434866681007975, 4.694750864294523041 ) ) ;
#6185 = CARTESIAN_POINT ( 'NONE',  ( -137.9697289889839737, 120.7244534567474545, 31.68718453612897434 ) ) ;
#6186 = CARTESIAN_POINT ( 'NONE',  ( -210.7668393689677373, 185.0812740276866464, 7.660480850053803081 ) ) ;
#6187 = CARTESIAN_POINT ( 'NONE',  ( 1.211912216317657442, -35.00011072952371904, 57.92963099015951656 ) ) ;
#6188 = CARTESIAN_POINT ( 'NONE',  ( -211.5776571141028626, 189.9665877495769450, 0.1195666235206066519 ) ) ;
#6189 = CARTESIAN_POINT ( 'NONE',  ( 198.0508377675122063, 177.7606659750957476, 13.94453183865579327 ) ) ;
#6190 = CARTESIAN_POINT ( 'NONE',  ( 215.6030286277352275, -183.4915140238929041, 2.081930411982193529 ) ) ;
#6191 = CARTESIAN_POINT ( 'NONE',  ( 208.6800401347697118, -189.8774558141492719, 3.149678467651036762 ) ) ;
#6192 = CARTESIAN_POINT ( 'NONE',  ( 92.56583317646408204, -80.92496094796325679, 39.76608778442283665 ) ) ;
#6193 = CARTESIAN_POINT ( 'NONE',  ( 210.9204039397039026, -183.6234780879435107, 8.066662288865114050 ) ) ;
#6194 = CARTESIAN_POINT ( 'NONE',  ( -46.72431963882099382, 41.60784224547421672, 46.86120942105119269 ) ) ;
#6195 = CARTESIAN_POINT ( 'NONE',  ( -201.3571135521270321, 179.8811111374150187, 12.74578436609493259 ) ) ;
#6196 = CARTESIAN_POINT ( 'NONE',  ( -208.8677015925234457, 190.4064665908704512, 1.226180659144216811 ) ) ;
#6197 = CARTESIAN_POINT ( 'NONE',  ( -225.8999999999999204, -200.5000000000000284, 2.000000000000000000 ) ) ;
#6198 = CARTESIAN_POINT ( 'NONE',  ( 4.865799187423152539, 34.68167905534011908, 57.96999054156479048 ) ) ;
#6199 = CARTESIAN_POINT ( 'NONE',  ( -215.8281954892612475, 185.3726254373131042, 3.064168676840821691E-12 ) ) ;
#6200 = CARTESIAN_POINT ( 'NONE',  ( 213.8497474683057931, -188.4497474683058158, -0.7499908772981371818 ) ) ;
#6201 = CARTESIAN_POINT ( 'NONE',  ( 199.1835213279788945, -172.7874350064988960, 15.07323170646669830 ) ) ;
#6202 = CARTESIAN_POINT ( 'NONE',  ( 210.8999999999999773, -200.5000000000000284, 70.00000000000000000 ) ) ;
#6203 = CARTESIAN_POINT ( 'NONE',  ( -188.7549461306201408, 165.7152156575347135, 18.93814395874268541 ) ) ;
#6204 = EDGE_CURVE ( 'NONE', #5724, #2754, #6271, .T. ) ;
#6205 = CARTESIAN_POINT ( 'NONE',  ( -214.6778687035513258, 183.3454531646421231, 4.188668915556294614 ) ) ;
#6206 = CARTESIAN_POINT ( 'NONE',  ( 214.7201278564851066, -185.9633629492360853, 3.117373393601438281 ) ) ;
#6207 = EDGE_CURVE ( 'NONE', #1683, #1558, #2777, .T. ) ;
#6208 = CARTESIAN_POINT ( 'NONE',  ( 27.10834065513148161, 22.16406587695831831, 58.90996505531678906 ) ) ;
#6209 = CARTESIAN_POINT ( 'NONE',  ( -190.9111730235013908, -165.9400984988304231, 18.30564717355167659 ) ) ;
#6210 = CARTESIAN_POINT ( 'NONE',  ( 210.6376784847969930, 190.1121691197642747, 1.586956836445044372 ) ) ;
#6211 = CARTESIAN_POINT ( 'NONE',  ( 215.8999906182708628, 190.4999957485353832, 0.009415843084815618200 ) ) ;
#6212 = CARTESIAN_POINT ( 'NONE',  ( 213.2018263749340576, -189.0976676421764466, 0.004339331252160875604 ) ) ;
#6213 = CARTESIAN_POINT ( 'NONE',  ( 149.5863223909527164, -130.3471054018635016, 29.28428873256835985 ) ) ;
#6214 = FACE_OUTER_BOUND ( 'NONE', #2145, .T. ) ;
#6215 = ORIENTED_EDGE ( 'NONE', *, *, #3309, .T. ) ;
#6216 = ORIENTED_EDGE ( 'NONE', *, *, #6110, .T. ) ;
#6217 = DIRECTION ( 'NONE',  ( -1.000000000000000000, 0.000000000000000000, 0.000000000000000000 ) ) ;
#6218 = CARTESIAN_POINT ( 'NONE',  ( -208.9000000000000341, 190.5000000000000000, -0.06089986583242601448 ) ) ;
#6219 = CARTESIAN_POINT ( 'NONE',  ( 215.8847048150511228, -184.4152564467026423, 0.4890351218572473457 ) ) ;
#6220 = CARTESIAN_POINT ( 'NONE',  ( -214.4652304834114602, -189.4326678567157387, 4.775875273574293978 ) ) ;
#6221 = CARTESIAN_POINT ( 'NONE',  ( 211.3582253959562820, -188.5622266409204997, 4.508913290019991749 ) ) ;
#6222 = CARTESIAN_POINT ( 'NONE',  ( -149.5863223909528017, 130.3471054018635584, 29.28428873256836340 ) ) ;
#6223 = CARTESIAN_POINT ( 'NONE',  ( -212.1583878868086970, 184.4739999319872084, 6.895757844261687808 ) ) ;
#6224 = B_SPLINE_CURVE_WITH_KNOTS ( 'NONE', 3,
 ( #3771, #260, #5584, #5700 ),
 .UNSPECIFIED., .F., .F.,
 ( 4, 4 ),
 ( 1.867065397713989195E-16, 0.0003434099713638772236 ),
 .UNSPECIFIED. ) ;
#6225 = CARTESIAN_POINT ( 'NONE',  ( 215.0202235272874702, -186.5383580878127532, 1.572932762327797551 ) ) ;
#6226 = CARTESIAN_POINT ( 'NONE',  ( -213.2014175920458001, 189.0975132289983662, 0.07404937707932697510 ) ) ;
#6227 = CARTESIAN_POINT ( 'NONE',  ( 203.4054511449776044, 183.1150539666963653, 10.67757480242603663 ) ) ;
#6228 = CARTESIAN_POINT ( 'NONE',  ( 214.8132942548285769, -186.0058784848073401, 2.888259166581055748 ) ) ;
#6229 = CARTESIAN_POINT ( 'NONE',  ( 215.4993003553870210, 185.2712993895100340, 1.572977987572568459 ) ) ;
#6230 = CARTESIAN_POINT ( 'NONE',  ( 107.9066963864071198, -93.95820962733290571, 37.20371409733566992 ) ) ;
#6231 = CARTESIAN_POINT ( 'NONE',  ( 206.8511548167195713, -186.1979263051704834, 8.194169779424559152 ) ) ;
#6232 = CARTESIAN_POINT ( 'NONE',  ( -46.95982461743265901, 41.34104611187403577, 46.87366247089966720 ) ) ;
#6233 = CARTESIAN_POINT ( 'NONE',  ( -205.6093985105076740, 182.0416060632743154, 11.02045784509664372 ) ) ;
#6234 = CARTESIAN_POINT ( 'NONE',  ( -208.8921019745662875, 190.4800026620480651, 0.5703885481940094149 ) ) ;
#6235 = CARTESIAN_POINT ( 'NONE',  ( 70.73402402765785268, 63.33055599682928261, 43.07384682493765382 ) ) ;
#6236 = CARTESIAN_POINT ( 'NONE',  ( -19.57181637459036949, 29.04175828488667577, 58.54883050200842831 ) ) ;
#6237 = ORIENTED_EDGE ( 'NONE', *, *, #4486, .T. ) ;
#6238 = CARTESIAN_POINT ( 'NONE',  ( -216.0720685486026866, 183.4968063905735960, 2.233456475320139134E-14 ) ) ;
#6239 = DIRECTION ( 'NONE',  ( 0.000000000000000000, 0.000000000000000000, 1.000000000000000000 ) ) ;
#6240 = CARTESIAN_POINT ( 'NONE',  ( 204.1198856142963507, -176.7109951660140723, 12.72683855613861503 ) ) ;
#6241 = DIRECTION ( 'NONE',  ( 0.000000000000000000, -0.000000000000000000, -1.000000000000000000 ) ) ;
#6242 = CARTESIAN_POINT ( 'NONE',  ( -189.1500882155783074, 165.2484172722109577, 18.89177786404886561 ) ) ;
#6243 = CARTESIAN_POINT ( 'NONE',  ( -211.3582253959565094, 188.5622266409206418, 4.508913290019783915 ) ) ;
#6244 = CARTESIAN_POINT ( 'NONE',  ( 210.3315750337423253, -189.8025135580523113, 2.984445752440732402 ) ) ;
#6245 = CARTESIAN_POINT ( 'NONE',  ( 212.0529613406934573, -182.2256708727889247, 7.374693945809826623 ) ) ;
#6246 = ADVANCED_FACE ( 'NONE', ( #2768 ), #6438, .F. ) ;
#6247 = DIRECTION ( 'NONE',  ( 0.000000000000000000, 1.000000000000000000, 0.000000000000000000 ) ) ;
#6248 = CARTESIAN_POINT ( 'NONE',  ( 211.6927895236692905, 189.7384542965367586, 1.581365443695908146 ) ) ;
#6249 = CARTESIAN_POINT ( 'NONE',  ( 215.8999999999998352, 183.5000000000000284, -0.006113443213213367623 ) ) ;
#6250 = CARTESIAN_POINT ( 'NONE',  ( 215.3671512843801850, -186.1787830673422093, 0.008882329118716279434 ) ) ;
#6251 = CARTESIAN_POINT ( 'NONE',  ( 168.4085931806049530, -146.9976282207626355, 24.91484047709635874 ) ) ;
#6252 = CARTESIAN_POINT ( 'NONE',  ( -173.1630905338767548, -154.7859985065094861, 23.00817883401780506 ) ) ;
#6253 = EDGE_CURVE ( 'NONE', #5666, #1086, #6951, .T. ) ;
#6254 = VERTEX_POINT ( 'NONE', #6992 ) ;
#6255 = CARTESIAN_POINT ( 'NONE',  ( 31.72025958487970954, -14.80261345799475592, 50.00890000936643531 ) ) ;
#6256 = CARTESIAN_POINT ( 'NONE',  ( -210.7322351905149844, 190.3178087366781881, -0.04063248314221953178 ) ) ;
#6257 = CIRCLE ( 'NONE', #1741, 12.50000000000001066 ) ;
#6258 = CARTESIAN_POINT ( 'NONE',  ( 211.5741195106052430, -189.9648254816567601, 0.2424832770524087133 ) ) ;
#6259 = CARTESIAN_POINT ( 'NONE',  ( -214.7878422695024767, -183.3727354494166093, 4.000632761513142732 ) ) ;
#6260 =( NAMED_UNIT ( * ) SI_UNIT ( $, .STERADIAN. ) SOLID_ANGLE_UNIT ( ) );
#6261 = CARTESIAN_POINT ( 'NONE',  ( 211.0043152394958383, -188.1587755011115917, 5.218751896184694594 ) ) ;
#6262 = CARTESIAN_POINT ( 'NONE',  ( -160.0905316188480469, 141.2487524610307332, 26.80193214056921747 ) ) ;
#6263 = AXIS2_PLACEMENT_3D ( 'NONE', #4443, #723, #801 ) ;
#6264 = CARTESIAN_POINT ( 'NONE',  ( -211.4820362601889201, 184.8048858464493378, 7.320272658517486875 ) ) ;
#6265 = CARTESIAN_POINT ( 'NONE',  ( -34.95102892151055585, 2.131553394164887649, 50.00090789658707280 ) ) ;
#6266 = CARTESIAN_POINT ( 'NONE',  ( -211.5785146325848132, 189.9670193900402353, 0.05862741781940853519 ) ) ;
#6267 = CARTESIAN_POINT ( 'NONE',  ( 207.1729410906372379, 179.0081367566507140, 10.99568722762209028 ) ) ;
#6268 = CARTESIAN_POINT ( 'NONE',  ( 209.7192720062255944, -190.3672925421996354, 1.483275324970011244 ) ) ;
#6269 = CARTESIAN_POINT ( 'NONE',  ( 80.96249999999997726, -190.4999999999999716, 14.89730691959804076 ) ) ;
#6270 = CARTESIAN_POINT ( 'NONE',  ( 84.64685346150363898, -74.68778283884529401, 40.98981862443457658 ) ) ;
#6271 = CIRCLE ( 'NONE', #3885, 10.00000000000000888 ) ;
#6272 = CARTESIAN_POINT ( 'NONE',  ( 209.0935040101052493, -185.2602458789028503, 8.362432454208237331 ) ) ;
#6273 = CARTESIAN_POINT ( 'NONE',  ( -50.68570719044359407, 44.72355248029040098, 46.29653568541139919 ) ) ;
#6274 = ORIENTED_EDGE ( 'NONE', *, *, #2054, .T. ) ;
#6275 = CARTESIAN_POINT ( 'NONE',  ( -203.9818108610391789, 181.8025280990819397, 11.45054057679319826 ) ) ;
#6276 = CARTESIAN_POINT ( 'NONE',  ( -214.8112169216470875, 186.9671616398892411, 1.730582396328100403 ) ) ;
#6277 = CARTESIAN_POINT ( 'NONE',  ( 108.8227465782319712, 97.27934237428800657, 36.74566108683330157 ) ) ;
#6278 = CARTESIAN_POINT ( 'NONE',  ( -16.95061517594585965, 30.62767259139927845, 58.40945421835093043 ) ) ;
#6279 = CARTESIAN_POINT ( 'NONE',  ( -25.98792483414297294, 23.44414133242963771, 58.92519609199868569 ) ) ;
#6280 = CARTESIAN_POINT ( 'NONE',  ( -34.03079369730116355, -8.246416371677229407, 58.60438097380097844 ) ) ;
#6281 = CARTESIAN_POINT ( 'NONE',  ( 199.5205527659788345, -178.1323637744594350, 13.73638568884739009 ) ) ;
#6282 = CARTESIAN_POINT ( 'NONE',  ( -215.8999999999999204, -200.5000000000000284, 70.00000000000000000 ) ) ;
#6283 = CARTESIAN_POINT ( 'NONE',  ( -188.3472029349032937, 166.1736743752198606, 18.92607052813037782 ) ) ;
#6284 = CARTESIAN_POINT ( 'NONE',  ( -210.2529941263784110, 189.6785862757723464, 3.307408039275212541 ) ) ;
#6285 = CARTESIAN_POINT ( 'NONE',  ( 214.5456343358402478, -185.8804812888708398, 3.518802003584426519 ) ) ;
#6286 = CARTESIAN_POINT ( 'NONE',  ( -34.80771883786044185, 190.2600137829714413, 1.331078154548134940 ) ) ;
#6287 = CARTESIAN_POINT ( 'NONE',  ( -215.8999999999999204, 150.0000000000000000, 50.00000000000000000 ) ) ;
#6288 = CARTESIAN_POINT ( 'NONE',  ( 215.8999999999998636, 183.4999999999955378, -0.7496718643774107349 ) ) ;
#6289 = CARTESIAN_POINT ( 'NONE',  ( 215.8999991521053516, -184.4162977968155133, 0.005119552543702467901 ) ) ;
#6290 = CARTESIAN_POINT ( 'NONE',  ( 181.3545787681883041, -158.9058488372333500, 21.33070613414935224 ) ) ;
#6291 = FACE_OUTER_BOUND ( 'NONE', #318, .T. ) ;
#6292 = ORIENTED_EDGE ( 'NONE', *, *, #2251, .T. ) ;
#6293 = CARTESIAN_POINT ( 'NONE',  ( 21.26189739663126588, 37.68541314055670455, 48.56808230450232600 ) ) ;
#6294 = CARTESIAN_POINT ( 'NONE',  ( 34.06858490038494125, -8.285204082650899693, 58.60234948166761626 ) ) ;
#6295 = CARTESIAN_POINT ( 'NONE',  ( -213.2018270398244226, 189.0976678967872715, -0.02036510045201300398 ) ) ;
#6296 = CARTESIAN_POINT ( 'NONE',  ( 213.1947303419293007, -189.0950384940747711, 0.3071182426450971836 ) ) ;
#6297 = CARTESIAN_POINT ( 'NONE',  ( -214.0711210524557941, -183.1614189976171758, 5.115336727624787194 ) ) ;
#6298 = SURFACE_STYLE_FILL_AREA ( #5083 ) ;
#6299 = CARTESIAN_POINT ( 'NONE',  ( 214.0935885001512133, -183.9230994189467481, 5.081713206859328480 ) ) ;
#6300 = CARTESIAN_POINT ( 'NONE',  ( -166.9838637396800323, 148.5937797861792546, 24.84392505964446585 ) ) ;
#6301 = CARTESIAN_POINT ( 'NONE',  ( -210.1780753100603931, 186.2924852066773269, 7.258201834843939437 ) ) ;
#6302 = CARTESIAN_POINT ( 'NONE',  ( -33.58667962729312251, -9.860290179422914747, 50.00640240132509007 ) ) ;
#6303 = CARTESIAN_POINT ( 'NONE',  ( -214.4974670417375648, 187.8017716989452310, 0.05512568530817658213 ) ) ;
#6304 = EDGE_CURVE ( 'NONE', #1196, #4190, #2223, .T. ) ;
#6305 = CARTESIAN_POINT ( 'NONE',  ( 215.4266930192054019, -185.2789132845786355, 2.062700459170935918 ) ) ;
#6306 = CARTESIAN_POINT ( 'NONE',  ( -215.9000000000000057, -190.4999999999999716, 0.000000000000000000 ) ) ;
#6307 = CARTESIAN_POINT ( 'NONE',  ( 211.2138744869327525, -183.8318394960919022, 7.810807758445935889 ) ) ;
#6308 = CARTESIAN_POINT ( 'NONE',  ( -69.47744531314945959, 61.45432078687045419, 43.38344123207102854 ) ) ;
#6309 = ORIENTED_EDGE ( 'NONE', *, *, #1205, .F. ) ;
#6310 = CARTESIAN_POINT ( 'NONE',  ( -206.9293249152155170, 179.3925689295398342, 11.14333542586094872 ) ) ;
#6311 = CARTESIAN_POINT ( 'NONE',  ( -209.7913606445210917, 190.4756192183150745, 0.6427107909177702805 ) ) ;
#6312 = CARTESIAN_POINT ( 'NONE',  ( -208.8445242821260024, 192.2983899566821435, 0.000000000000000000 ) ) ;
#6313 = CARTESIAN_POINT ( 'NONE',  ( 19.57675262263134996, 29.03836849387261410, 58.54910581796787028 ) ) ;
#6314 = ORIENTED_EDGE ( 'NONE', *, *, #4871, .T. ) ;
#6315 = DIRECTION ( 'NONE',  ( -1.000000000000000000, 0.000000000000000000, 0.000000000000000000 ) ) ;
#6316 = CARTESIAN_POINT ( 'NONE',  ( 261.2553390593274116, -150.0000000000000000, 42.49999999999999289 ) ) ;
#6317 = CARTESIAN_POINT ( 'NONE',  ( 200.1966825297155594, -175.5792475172876550, 14.44492916678012939 ) ) ;
#6318 = CARTESIAN_POINT ( 'NONE',  ( -211.3972902658096018, -190.2242914383482457, -1.214293182981852748E-12 ) ) ;
#6319 = CARTESIAN_POINT ( 'NONE',  ( -191.6728010377733824, 169.9772804422230479, 17.52282682067472308 ) ) ;
#6320 = CARTESIAN_POINT ( 'NONE',  ( -212.8963027703017303, 187.8059556896295987, 3.984835754766153038 ) ) ;
#6321 = CARTESIAN_POINT ( 'NONE',  ( 214.3634798289903927, -186.7550297893407674, 3.161137199367408446 ) ) ;
#6322 = DIRECTION ( 'NONE',  ( 0.000000000000000000, 1.000000000000000000, 0.000000000000000000 ) ) ;
#6323 = DIRECTION ( 'NONE',  ( 0.000000000000000000, 0.000000000000000000, -1.000000000000000000 ) ) ;
#6324 = CARTESIAN_POINT ( 'NONE',  ( -69.61644397259131267, -190.2704840308577730, 1.374876367880017325 ) ) ;
#6325 = CARTESIAN_POINT ( 'NONE',  ( 215.8999999999999488, -183.5000000000000000, -0.06089986583223843536 ) ) ;
#6326 = CARTESIAN_POINT ( 'NONE',  ( 174.6403090922973433, -155.1050098814318972, 22.90642296604661254 ) ) ;
#6327 = CARTESIAN_POINT ( 'NONE',  ( -215.3591702495485833, 183.4723229180847284, 2.811240868539178539 ) ) ;
#6328 = ORIENTED_EDGE ( 'NONE', *, *, #1825, .T. ) ;
#6329 = CARTESIAN_POINT ( 'NONE',  ( 16.95932414802912191, 30.62282961324373431, 58.40989999027525670 ) ) ;
#6330 = CARTESIAN_POINT ( 'NONE',  ( 33.46499521260795973, 10.26497752042786971, 58.63618585129194827 ) ) ;
#6331 = CARTESIAN_POINT ( 'NONE',  ( -208.9000000000000909, 190.5000000000000284, -0.1419693965932708468 ) ) ;
#6332 = CARTESIAN_POINT ( 'NONE',  ( 214.4919062599785775, -187.8002749562243139, 0.2904096375397877683 ) ) ;
#6333 = CARTESIAN_POINT ( 'NONE',  ( -215.6023387634469088, -183.4914752420007176, 2.084286768729230133 ) ) ;
#6334 = CARTESIAN_POINT ( 'NONE',  ( 211.8781309002692126, -187.9633946449884263, 4.851016022533412020 ) ) ;
#6335 = CARTESIAN_POINT ( 'NONE',  ( -212.6864245412797345, 184.0079281093227337, 6.611434230360604403 ) ) ;
#6336 = CARTESIAN_POINT ( 'NONE',  ( -28.93101307794054122, 19.80804630509978637, 50.00655652309497867 ) ) ;
#6337 = CARTESIAN_POINT ( 'NONE',  ( -208.8999609610552568, 190.4999063268433304, 0.04002187441550560110 ) ) ;
#6338 = CARTESIAN_POINT ( 'NONE',  ( 214.0618920917770254, -187.6088587076250178, 2.576463683685953576 ) ) ;
#6339 = CARTESIAN_POINT ( 'NONE',  ( 214.8204950731451959, 186.9333467003545763, 1.573072985352995889 ) ) ;
#6340 = EDGE_CURVE ( 'NONE', #5095, #5921, #5605, .T. ) ;
#6341 = CARTESIAN_POINT ( 'NONE',  ( 207.0691847016642555, -186.4513036625941709, 7.956576886068964960 ) ) ;
#6342 = CARTESIAN_POINT ( 'NONE',  ( -54.74549776817919167, 47.72546665619089623, 45.71544382389495809 ) ) ;
#6343 = ADVANCED_FACE ( 'NONE', ( #7228 ), #5309, .F. ) ;
#6344 = ORIENTED_EDGE ( 'NONE', *, *, #761, .T. ) ;
#6345 = CARTESIAN_POINT ( 'NONE',  ( -205.0839530355492286, 179.7012091276178865, 11.95013666169716160 ) ) ;
#6346 = CARTESIAN_POINT ( 'NONE',  ( -210.6535288526364980, 190.2547531593703241, 1.100601412257244283 ) ) ;
#6347 = CARTESIAN_POINT ( 'NONE',  ( 161.9128372397022417, 144.6600030919647395, 25.95194058706663753 ) ) ;
#6348 = DIRECTION ( 'NONE',  ( 1.000000000000000000, 0.000000000000000000, 0.000000000000000000 ) ) ;
#6349 = VERTEX_POINT ( 'NONE', #2896 ) ;
#6350 = DIRECTION ( 'NONE',  ( 0.000000000000000000, 0.000000000000000000, 1.000000000000000000 ) ) ;
#6351 = CARTESIAN_POINT ( 'NONE',  ( 225.8999999999999488, 190.5000000000000853, 70.00000000000000000 ) ) ;
#6352 = CARTESIAN_POINT ( 'NONE',  ( 198.2116552795209259, -175.8826778009981524, 14.79180226266790932 ) ) ;
#6353 = CARTESIAN_POINT ( 'NONE',  ( -214.2821469539202042, -188.2470166781558021, -4.754578394511276576E-13 ) ) ;
#6354 = CARTESIAN_POINT ( 'NONE',  ( -198.0306242352461084, 174.2176755976545905, 15.30981780392261271 ) ) ;
#6355 = CARTESIAN_POINT ( 'NONE',  ( -214.2391735020567012, 185.7237546675252986, 4.124688409433455938 ) ) ;
#6356 = CARTESIAN_POINT ( 'NONE',  ( 209.6446946750138238, -190.2253661466855306, 2.121237910401968296 ) ) ;
#6357 = CARTESIAN_POINT ( 'NONE',  ( -215.8999999999999204, 200.5000000000000568, 70.00000000000000000 ) ) ;
#6358 = DIRECTION ( 'NONE',  ( -0.000000000000000000, -0.000000000000000000, -1.000000000000000000 ) ) ;
#6359 = ORIENTED_EDGE ( 'NONE', *, *, #1004, .T. ) ;
#6360 = CARTESIAN_POINT ( 'NONE',  ( 215.8999999999998636, 183.5000000000000284, -1.073949472244800862 ) ) ;
#6361 = CARTESIAN_POINT ( 'NONE',  ( 213.2018270398243374, -189.0976678967872147, -0.04063248314206800715 ) ) ;
#6362 = CARTESIAN_POINT ( 'NONE',  ( 181.9309591555600321, -162.0060527446749177, 20.62329561745847073 ) ) ;
#6363 = CARTESIAN_POINT ( 'NONE',  ( -192.8141101937631277, 167.5365874382699189, 17.62439193305266372 ) ) ;
#6364 = CARTESIAN_POINT ( 'NONE',  ( 21.24877972374898150, 37.69212646302776193, 48.56765750011092564 ) ) ;
#6365 = EDGE_LOOP ( 'NONE', ( #5408, #7246 ) ) ;
#6366 = CARTESIAN_POINT ( 'NONE',  ( 19.57598576444184246, 29.03889254021617461, 58.54906312527065637 ) ) ;
#6367 = CARTESIAN_POINT ( 'NONE',  ( 40.54674641202983310, -16.00974215509475229, 48.78345806961799980 ) ) ;
#6368 = CARTESIAN_POINT ( 'NONE',  ( -210.7322351905150128, 190.3178087366781881, -0.3446432234953641371 ) ) ;
#6369 = CARTESIAN_POINT ( 'NONE',  ( 215.0159743686081413, -187.0252142383856437, 0.08718959402437362338 ) ) ;
#6370 = CARTESIAN_POINT ( 'NONE',  ( -212.5412662332507523, -187.6652797094254765, 7.116649145068502769 ) ) ;
#6371 = CARTESIAN_POINT ( 'NONE',  ( 208.8445242774670589, 192.2983899599432220, 0.000000000000000000 ) ) ;
#6372 = CARTESIAN_POINT ( 'NONE',  ( 210.9596868601014990, -189.2970517144176199, 3.529248915297500844 ) ) ;
#6373 = CARTESIAN_POINT ( 'NONE',  ( -213.5354738604542035, 182.9520421793025378, 5.800912321962003126 ) ) ;
#6374 = CIRCLE ( 'NONE', #4250, 12.50000000000001066 ) ;
#6375 = CARTESIAN_POINT ( 'NONE',  ( -34.26157474638302602, -7.226656222555393860, 58.59082548959435144 ) ) ;
#6376 = CARTESIAN_POINT ( 'NONE',  ( -215.8995158988676337, 183.4999946859865929, 0.08420347009755667356 ) ) ;
#6377 = CARTESIAN_POINT ( 'NONE',  ( 212.3289482576750231, -189.5673753669142343, 1.162333777885429464 ) ) ;
#6378 = CARTESIAN_POINT ( 'NONE',  ( 116.9458333333333115, -190.5000000000000284, 16.19159260670816991 ) ) ;
#6379 = CARTESIAN_POINT ( 'NONE',  ( 211.6396357898431972, -184.9212880701923041, 7.164132650185301543 ) ) ;
#6380 = CARTESIAN_POINT ( 'NONE',  ( -69.99793834137065573, 60.86064565312410934, 43.37683404225560935 ) ) ;
#6381 = CIRCLE ( 'NONE', #4260, 10.00000000000000000 ) ;
#6382 = ORIENTED_EDGE ( 'NONE', *, *, #2500, .F. ) ;
#6383 = EDGE_CURVE ( 'NONE', #2282, #3918, #7103, .T. ) ;
#6384 = CARTESIAN_POINT ( 'NONE',  ( -203.8415617228878887, 183.5785119433410273, 10.33745202109008510 ) ) ;
#6385 = CARTESIAN_POINT ( 'NONE',  ( -214.3864428721859667, 187.7677915040519281, 1.259183885245699130 ) ) ;
#6386 = VECTOR ( 'NONE', #5592, 1000.000000000000000 ) ;
#6387 = CARTESIAN_POINT ( 'NONE',  ( 26.32429621422877375, 23.06624773174197429, 50.00097781202109815 ) ) ;
#6388 = CARTESIAN_POINT ( 'NONE',  ( 209.4270104137760313, 192.2988464218393005, 0.000000000000000000 ) ) ;
#6389 = CARTESIAN_POINT ( 'NONE',  ( 43.26091407569630576, -37.92758443107308608, 47.44649025497867711 ) ) ;
#6390 = ORIENTED_EDGE ( 'NONE', *, *, #7173, .T. ) ;
#6391 = FACE_OUTER_BOUND ( 'NONE', #1144, .T. ) ;
#6392 = DIRECTION ( 'NONE',  ( 0.000000000000000000, 0.000000000000000000, 1.000000000000000000 ) ) ;
#6393 = CARTESIAN_POINT ( 'NONE',  ( 202.3928437923994181, -176.9039329851320872, 13.46621729035707205 ) ) ;
#6394 = CARTESIAN_POINT ( 'NONE',  ( -213.0513141479314925, -188.9425098674852563, 1.576492087956927524 ) ) ;
#6395 = CARTESIAN_POINT ( 'NONE',  ( -196.3622405401742412, 172.2935506680322248, 16.09722069419568413 ) ) ;
#6396 = CIRCLE ( 'NONE', #1623, 2.000000000000003997 ) ;
#6397 = CARTESIAN_POINT ( 'NONE',  ( 15.56806179328030559, -31.35430682227452692, 50.02502124802643380 ) ) ;
#6398 = CARTESIAN_POINT ( 'NONE',  ( -211.7239451322536752, 188.9804954070314409, 3.586937611445818685 ) ) ;
#6399 = CARTESIAN_POINT ( 'NONE',  ( -215.8999999999999204, 150.0000000000000000, 37.49999999999999289 ) ) ;
#6400 = DIRECTION ( 'NONE',  ( 1.000000000000000000, -0.000000000000000000, -0.000000000000000000 ) ) ;
#6401 = CARTESIAN_POINT ( 'NONE',  ( 217.3833151466942297, -185.7931259139766382, 0.000000000000000000 ) ) ;
#6402 = DIRECTION ( 'NONE',  ( -1.000000000000000000, 0.000000000000000000, 0.000000000000000000 ) ) ;
#6403 = CARTESIAN_POINT ( 'NONE',  ( 212.4253328625962354, -189.6165047184798027, -0.04063248314206800715 ) ) ;
#6404 = CARTESIAN_POINT ( 'NONE',  ( 171.2279584141204225, -151.4029255989244689, 23.98473301281250158 ) ) ;
#6405 = CARTESIAN_POINT ( 'NONE',  ( -64.04941889736986127, 55.67923204049513686, 44.29780521596150322 ) ) ;
#6406 = FACE_OUTER_BOUND ( 'NONE', #584, .T. ) ;
#6407 = CARTESIAN_POINT ( 'NONE',  ( 16.41681606217021283, 30.91705074776013618, 58.38237926614897333 ) ) ;
#6408 = CARTESIAN_POINT ( 'NONE',  ( 32.40434143167255598, -13.23758306047535349, 58.69218247317346027 ) ) ;
#6409 = CARTESIAN_POINT ( 'NONE',  ( -209.8162978572971156, 190.5000000000000284, -0.2635736927345287417 ) ) ;
#6410 = CARTESIAN_POINT ( 'NONE',  ( 214.6774408565673582, 183.3453436430469026, 4.189390649851632453 ) ) ;
#6411 = CARTESIAN_POINT ( 'NONE',  ( 215.8996835033239847, -183.4999964988568308, 0.06963033074592935023 ) ) ;
#6412 = CARTESIAN_POINT ( 'NONE',  ( 107.7025355691713315, -94.19453949810754523, 37.22656006283948926 ) ) ;
#6413 = CARTESIAN_POINT ( 'NONE',  ( -215.8999990868560701, -183.5000000040463135, 0.003825491977150284172 ) ) ;
#6414 = CARTESIAN_POINT ( 'NONE',  ( -174.0371040485213996, 192.2711132653818709, -2.602085213965210642E-15 ) ) ;
#6415 = B_SPLINE_CURVE_WITH_KNOTS ( 'NONE', 3,
 ( #7746, #2737, #4570, #6958, #1563, #6364, #3973, #5701, #967, #295, #2111, #4533, #6919, #1525, #3487, #4045, #4129, #3530, #3963, #6989, #2129, #944, #1638, #5893, #5809, #1227, #4131, #7581, #1042, #3444, #2849, #4724 ),
 .UNSPECIFIED., .F., .F.,
 ( 4, 2, 2, 2, 2, 2, 2, 2, 2, 2, 2, 2, 2, 2, 2, 4 ),
 ( 7.757919228897728493E-18, 0.009066869793951369896, 0.01360030469092705051, 0.01586702213941489428, 0.01813373958790273979, 0.02720060938185413918, 0.03173404427882983714, 0.03626747917580553510, 0.04080091407278123306, 0.04306763152126907856, 0.04533434896975693101, 0.05440121876370834081, 0.05666793621219619326, 0.05893465366068403877, 0.06346808855765975754, 0.07253495835161115346 ),
 .UNSPECIFIED. ) ;
#6416 = CARTESIAN_POINT ( 'NONE',  ( 214.8496288031348342, -184.1977493707194640, 3.890638865746633090 ) ) ;
#6417 = CARTESIAN_POINT ( 'NONE',  ( -208.3748758642256860, 189.2405967388518206, 4.462505714208030660 ) ) ;
#6418 = CARTESIAN_POINT ( 'NONE',  ( -42.31943576349604541, 10.39974054800988768, 48.71591924523775674 ) ) ;
#6419 = CARTESIAN_POINT ( 'NONE',  ( -211.5787789797757625, 189.9671541280655447, 0.008425689654895474751 ) ) ;
#6420 = CARTESIAN_POINT ( 'NONE',  ( 215.7443574358113665, -183.4972834679843174, 1.508175948324271154 ) ) ;
#6421 = CARTESIAN_POINT ( 'NONE',  ( -69.10215070063773624, -61.87249036895884302, 43.33290447930183120 ) ) ;
#6422 = CARTESIAN_POINT ( 'NONE',  ( 207.9338565217709061, -187.5137256520624192, 6.853987377531250758 ) ) ;
#6423 = CARTESIAN_POINT ( 'NONE',  ( -84.64685346150368161, 74.68778283884537927, 40.98981862443456947 ) ) ;
#6424 = ORIENTED_EDGE ( 'NONE', *, *, #4043, .F. ) ;
#6425 = CARTESIAN_POINT ( 'NONE',  ( -207.6917812551360498, 180.5676988356066772, 10.61065764398443712 ) ) ;
#6426 = CARTESIAN_POINT ( 'NONE',  ( -215.8203264391928826, 183.4990136104958651, 1.087729120598474930 ) ) ;
#6427 = CARTESIAN_POINT ( 'NONE',  ( 209.4270271588648029, -192.2988464326495546, 0.000000000000000000 ) ) ;
#6428 = CARTESIAN_POINT ( 'NONE',  ( 214.1231094727923789, 188.4211819731531818, 2.168404344971008621E-16 ) ) ;
#6429 = CARTESIAN_POINT ( 'NONE',  ( 39.36735655053043814, -34.73657509956757394, 48.01906758043654833 ) ) ;
#6430 = CARTESIAN_POINT ( 'NONE',  ( -215.8999999999999204, 190.5000000000000853, 70.00000000000000000 ) ) ;
#6431 = CARTESIAN_POINT ( 'NONE',  ( 207.1758204079931431, -180.1721997243274700, 10.92988493882785406 ) ) ;
#6432 = CARTESIAN_POINT ( 'NONE',  ( -213.6229684611592745, -188.9177951859695099, 4.553460252724096002E-12 ) ) ;
#6433 = ORIENTED_EDGE ( 'NONE', *, *, #7646, .F. ) ;
#6434 = CARTESIAN_POINT ( 'NONE',  ( -194.2288670792046332, 170.9077358768838621, 16.88249975753281973 ) ) ;
#6435 = CARTESIAN_POINT ( 'NONE',  ( -15.56651361928602562, 31.51636941686290783, 49.99999999999998579 ) ) ;
#6436 = CARTESIAN_POINT ( 'NONE',  ( -213.8061979559882104, 186.4181849891135698, 4.328710431658667090 ) ) ;
#6437 = CARTESIAN_POINT ( 'NONE',  ( 32.78265962694494107, -29.15505980491378679, 48.99405119645790307 ) ) ;
#6438 = CYLINDRICAL_SURFACE ( 'NONE', #1490, 12.50000000000000355 ) ;
#6439 = CARTESIAN_POINT ( 'NONE',  ( 216.4992273488374508, -187.9135583667757032, 0.000000000000000000 ) ) ;
#6440 = ORIENTED_EDGE ( 'NONE', *, *, #2769, .F. ) ;
#6441 = CARTESIAN_POINT ( 'NONE',  ( 215.8999999999998636, 183.5000000000001705, -0.05044827241376442784 ) ) ;
#6442 = CARTESIAN_POINT ( 'NONE',  ( 215.7178087366781654, -185.3322351905149503, -9.771776172708920058E-05 ) ) ;
#6443 = CARTESIAN_POINT ( 'NONE',  ( 189.5292309605285652, -164.7772924132167702, 18.78736941272644856 ) ) ;
#6444 = EDGE_CURVE ( 'NONE', #6977, #7019, #4242, .T. ) ;
#6445 = CARTESIAN_POINT ( 'NONE',  ( -217.6836110407055287, 183.4969353407484789, 0.000000000000000000 ) ) ;
#6446 = CARTESIAN_POINT ( 'NONE',  ( -159.1909657299616185, 142.2186272423275284, 26.61084834409914990 ) ) ;
#6447 = EDGE_CURVE ( 'NONE', #2282, #1790, #5934, .T. ) ;
#6448 = ORIENTED_EDGE ( 'NONE', *, *, #49, .T. ) ;
#6449 = CARTESIAN_POINT ( 'NONE',  ( 225.8999999999999488, -190.5000000000000284, 70.00000000000000000 ) ) ;
#6450 = CARTESIAN_POINT ( 'NONE',  ( -215.8631922131605450, 188.8851313151595548, 0.000000000000000000 ) ) ;
#6451 = CARTESIAN_POINT ( 'NONE',  ( -211.5787840265556667, 189.9671567275789812, -0.7499908772995507178 ) ) ;
#6452 = CARTESIAN_POINT ( 'NONE',  ( 214.2329375845695552, 189.2235555892282548, 5.136745463273027390 ) ) ;
#6453 = CARTESIAN_POINT ( 'NONE',  ( 215.7174549265222367, -185.3321905576156041, 0.07356012708576242787 ) ) ;
#6454 = CARTESIAN_POINT ( 'NONE',  ( 85.16927770374567785, -74.09113341563494259, 40.97534285878113280 ) ) ;
#6455 = CARTESIAN_POINT ( 'NONE',  ( -215.8998902014551220, -183.4999987737173797, 0.04075042983667009205 ) ) ;
#6456 = CARTESIAN_POINT ( 'NONE',  ( 174.4077664173631206, 190.6787150118216516, -2.912302845820587901E-10 ) ) ;
#6457 = CARTESIAN_POINT ( 'NONE',  ( 210.1781191037040060, -189.5606525901017676, 3.582281858527221363 ) ) ;
#6458 = EDGE_LOOP ( 'NONE', ( #7730, #774 ) ) ;
#6459 = CARTESIAN_POINT ( 'NONE',  ( -213.2213375854998958, 184.3098852438064625, 6.013905304854487710 ) ) ;
#6460 = CARTESIAN_POINT ( 'NONE',  ( -19.83189695201587099, -28.86624282891713023, 50.02409356497756932 ) ) ;
#6461 = CARTESIAN_POINT ( 'NONE',  ( -33.85998102959114675, -27.89340138290138427, 48.97765903133850429 ) ) ;
#6462 = CARTESIAN_POINT ( 'NONE',  ( -209.8162879572913084, 190.4999913076779876, 0.01269897546200823846 ) ) ;
#6463 = CARTESIAN_POINT ( 'NONE',  ( 215.7199382179295810, -183.4964749235526540, 1.617378184166013977 ) ) ;
#6464 = CARTESIAN_POINT ( 'NONE',  ( -138.2148328874745573, -120.4382517453565811, 31.65225462952126634 ) ) ;
#6465 = CARTESIAN_POINT ( 'NONE',  ( 212.6864245412795640, -184.0079281093226484, 6.611434230360714537 ) ) ;
#6466 = CARTESIAN_POINT ( 'NONE',  ( -77.58360802255818101, 67.47588953437956150, 42.17608845051837108 ) ) ;
#6467 = VERTEX_POINT ( 'NONE', #7156 ) ;
#6468 = CARTESIAN_POINT ( 'NONE',  ( -207.9338434636661646, 183.4377482981335277, 9.682336346468037647 ) ) ;
#6469 = CARTESIAN_POINT ( 'NONE',  ( -213.8186724626094701, 188.4398123262124898, 0.6515875831896930093 ) ) ;
#6470 = CARTESIAN_POINT ( 'NONE',  ( -40.31593350892154604, 16.61080639363705913, 48.79169790031399145 ) ) ;
#6471 = CARTESIAN_POINT ( 'NONE',  ( 42.93794217040524330, -38.29452185912015239, 47.43390456731326310 ) ) ;
#6472 = CARTESIAN_POINT ( 'NONE',  ( -211.2679769995179981, 189.9124055224391157, 1.583382949580500076 ) ) ;
#6473 = CARTESIAN_POINT ( 'NONE',  ( 204.2000868211726754, -183.3156178809421135, 10.54285383110756591 ) ) ;
#6474 = CARTESIAN_POINT ( 'NONE',  ( -215.3417276407381564, -186.6905385527090573, -1.441176026496854255E-11 ) ) ;
#6475 = VERTEX_POINT ( 'NONE', #3009 ) ;
#6476 = CARTESIAN_POINT ( 'NONE',  ( -197.0788527943484212, 173.3898613491522838, 15.71525159016969475 ) ) ;
#6477 = CARTESIAN_POINT ( 'NONE',  ( -208.8999999999999773, -190.4999999999999432, -0.2632554525752298091 ) ) ;
#6478 = CARTESIAN_POINT ( 'NONE',  ( -214.8132942548288895, 186.0058784848075106, 2.888259166580590342 ) ) ;
#6479 = FACE_OUTER_BOUND ( 'NONE', #758, .T. ) ;
#6480 = CARTESIAN_POINT ( 'NONE',  ( 41.77780533503685234, 12.23677642685745859, 48.73726662651084496 ) ) ;
#6481 = FACE_OUTER_BOUND ( 'NONE', #1648, .T. ) ;
#6482 = EDGE_LOOP ( 'NONE', ( #6686, #644, #7172, #4727 ) ) ;
#6483 = CARTESIAN_POINT ( 'NONE',  ( -214.0287172018358888, 188.0320639587752680, 1.574238019524215604 ) ) ;
#6484 = CARTESIAN_POINT ( 'NONE',  ( 215.8999999999999773, -183.4999999999999716, -0.02036510045189748180 ) ) ;
#6485 = CARTESIAN_POINT ( 'NONE',  ( 18.47420869643307384, -38.98898343396955113, 48.48199716976912299 ) ) ;
#6486 = CARTESIAN_POINT ( 'NONE',  ( 186.0619372782031746, -164.9499942202421039, 19.50904866056298204 ) ) ;
#6487 = DIRECTION ( 'NONE',  ( 1.000000000000000000, 0.000000000000000000, 0.000000000000000000 ) ) ;
#6488 = CARTESIAN_POINT ( 'NONE',  ( -153.2432119991221953, 133.8067678514226486, 28.49162056314703051 ) ) ;
#6489 = EDGE_CURVE ( 'NONE', #7181, #1790, #5087, .T. ) ;
#6490 = CARTESIAN_POINT ( 'NONE',  ( -24.33785750117550606, 25.27324759878351301, 58.82604138431511842 ) ) ;
#6491 = CARTESIAN_POINT ( 'NONE',  ( -215.4969472019329828, 189.3279654728009120, -0.000000000000000000 ) ) ;
#6492 = CARTESIAN_POINT ( 'NONE',  ( -214.4976678967873625, 187.8018270398243885, -0.1825041619736932907 ) ) ;
#6493 = CARTESIAN_POINT ( 'NONE',  ( 209.8183769960717200, 180.8567621040069184, 9.223398008767272671 ) ) ;
#6494 = CARTESIAN_POINT ( 'NONE',  ( 208.8999906943057852, -190.4999775966714708, 0.01960029090881149766 ) ) ;
#6495 = CARTESIAN_POINT ( 'NONE',  ( 138.2149685503603962, -120.4383699558988354, 31.65222794603743495 ) ) ;
#6496 = CARTESIAN_POINT ( 'NONE',  ( -208.8739332226516012, -190.4261451306368826, 1.093638198732696631 ) ) ;
#6497 = CARTESIAN_POINT ( 'NONE',  ( -208.8458060474211209, 190.6627464068766926, -2.818925648462311134E-15 ) ) ;
#6498 = CARTESIAN_POINT ( 'NONE',  ( 209.3868123334017639, -189.7150569295685898, 3.551246356309734509 ) ) ;
#6499 = ORIENTED_EDGE ( 'NONE', *, *, #5811, .T. ) ;
#6500 = CARTESIAN_POINT ( 'NONE',  ( -209.6370816252020006, 188.7467747091553179, 5.099012955726857754 ) ) ;
#6501 = CARTESIAN_POINT ( 'NONE',  ( -38.80347921973229575, -20.19838798659632317, 48.84411430089750183 ) ) ;
#6502 = CARTESIAN_POINT ( 'NONE',  ( -215.3671392436576468, 186.1787809480535145, 0.01635284252310504824 ) ) ;
#6503 = CARTESIAN_POINT ( 'NONE',  ( 213.0171915472317323, -189.0072333707664143, 1.642444255192736513 ) ) ;
#6504 = CARTESIAN_POINT ( 'NONE',  ( -50.36912343744646847, -45.08010558105792143, 46.26961077760066132 ) ) ;
#6505 = CARTESIAN_POINT ( 'NONE',  ( 208.9325966732302504, -186.8228641636882230, 7.280894287340388793 ) ) ;
#6506 = CARTESIAN_POINT ( 'NONE',  ( -107.3927441762645856, 94.54750342131951868, 37.23228404667916180 ) ) ;
#6507 = VECTOR ( 'NONE', #1650, 1000.000000000000000 ) ;
#6508 = ORIENTED_EDGE ( 'NONE', *, *, #2630, .F. ) ;
#6509 = CARTESIAN_POINT ( 'NONE',  ( -205.0900706843125079, 184.2452420942379945, 9.857680604180293571 ) ) ;
#6510 = CARTESIAN_POINT ( 'NONE',  ( -212.3870984159759701, 189.5993916778949711, 0.7285098376075183069 ) ) ;
#6511 = CARTESIAN_POINT ( 'NONE',  ( 50.36912343734936570, 45.08010558210369112, 46.26961077744427087 ) ) ;
#6512 = CARTESIAN_POINT ( 'NONE',  ( 217.4577427260396405, 185.4974933970320308, -0.000000000000000000 ) ) ;
#6513 = CARTESIAN_POINT ( 'NONE',  ( 47.05363820221126048, -41.23385482058920815, 46.87335358696925880 ) ) ;
#6514 = CIRCLE ( 'NONE', #5753, 12.50000000000001066 ) ;
#6515 = CARTESIAN_POINT ( 'NONE',  ( -208.8460603981853581, -190.3381654414763489, 1.603115284326936507 ) ) ;
#6516 = CARTESIAN_POINT ( 'NONE',  ( 204.6451814236999098, -181.1640579829698368, 11.63107780900533150 ) ) ;
#6517 = CARTESIAN_POINT ( 'NONE',  ( -26.27603838358801625, 23.12177690438412014, 58.93602718364709148 ) ) ;
#6518 = CARTESIAN_POINT ( 'NONE',  ( 111.2458755023838393, 107.7695594332813158, 35.21051340716660150 ) ) ;
#6519 = TOROIDAL_SURFACE ( 'NONE', #853, 8.000000000000000000, 2.000000000000000000 ) ;
#6520 = CARTESIAN_POINT ( 'NONE',  ( -214.1861385876333372, 186.6528476414874262, 3.577657130385337503 ) ) ;
#6521 = CARTESIAN_POINT ( 'NONE',  ( 42.99024564769961643, -6.538623812090337495, 48.68779182821566565 ) ) ;
#6522 = CARTESIAN_POINT ( 'NONE',  ( 215.8864665906228879, -185.1419539918486805, -3.160895701092636859E-12 ) ) ;
#6523 = CARTESIAN_POINT ( 'NONE',  ( -216.3483772305274329, 188.1638144695681092, 0.000000000000000000 ) ) ;
#6524 = CARTESIAN_POINT ( 'NONE',  ( 214.4976678967872203, -187.8018270398243885, -0.4257127542553629795 ) ) ;
#6525 = CARTESIAN_POINT ( 'NONE',  ( 32.78265962694512581, -29.15505980491358073, 48.99405119645790307 ) ) ;
#6526 = CARTESIAN_POINT ( 'NONE',  ( 183.0696786179662467, -160.7666398628524576, 20.77546894244623843 ) ) ;
#6527 = CARTESIAN_POINT ( 'NONE',  ( -48.56270123662360305, 42.25519583253699807, 46.66098017160668121 ) ) ;
#6528 = AXIS2_PLACEMENT_3D ( 'NONE', #4810, #6019, #1879 ) ;
#6529 = CARTESIAN_POINT ( 'NONE',  ( -168.0989794209262982, 147.3592950266402397, 24.95096139986062411 ) ) ;
#6530 = DIRECTION ( 'NONE',  ( -0.9999999967986707983, -8.001661459811055090E-05, 0.000000000000000000 ) ) ;
#6531 = LINE ( 'NONE', #4657, #6507 ) ;
#6532 = CARTESIAN_POINT ( 'NONE',  ( -213.2018270398244226, 189.0976678967872715, -0.3446432234953641371 ) ) ;
#6533 = CARTESIAN_POINT ( 'NONE',  ( 208.8998279611408577, 190.4995896461721543, 0.08353524274279144901 ) ) ;
#6534 = CARTESIAN_POINT ( 'NONE',  ( 215.0156075168195002, -187.0251326312962874, 0.1173207926893312936 ) ) ;
#6535 = CARTESIAN_POINT ( 'NONE',  ( 130.6375053595482711, -113.8217581820179447, 33.11093817551525120 ) ) ;
#6536 = CARTESIAN_POINT ( 'NONE',  ( -208.8999997210577533, -190.4999996184131135, 0.002608537506430399534 ) ) ;
#6537 = CARTESIAN_POINT ( 'NONE',  ( 208.8460603981854433, 190.3381654414764057, 1.603115284326954715 ) ) ;
#6538 = ORIENTED_EDGE ( 'NONE', *, *, #1339, .T. ) ;
#6539 = CARTESIAN_POINT ( 'NONE',  ( -36.16680041195560591, -24.69022328176832914, 48.92008807782590196 ) ) ;
#6540 = CARTESIAN_POINT ( 'NONE',  ( -215.3670756384527465, 186.1787697857545822, 0.03509534942876574304 ) ) ;
#6541 = CARTESIAN_POINT ( 'NONE',  ( 209.7778023179563718, -190.4592130753293588, 0.8326130291417561669 ) ) ;
#6542 = CARTESIAN_POINT ( 'NONE',  ( -39.36954867049340834, -34.73861919742589066, 48.02521195554189148 ) ) ;
#6543 = B_SPLINE_CURVE_WITH_KNOTS ( 'NONE', 3,
 ( #1752, #3478, #2295, #6553, #1158, #5963, #560, #2963, #5374, #7771, #2372, #4793, #1786, #4202, #6588, #636, #4906, #4315, #3828, #6155, #4354, #1937, #3711, #201, #129, #88, #4275, #3195, #6737, #3042, #6699, #4942, #5600, #7375, #2488, #4391, #5449, #1308, #5563, #6114, #7299, #3748, #5017, #6191, #7338, #787, #2525, #7415 ),
 .UNSPECIFIED., .F., .F.,
 ( 4, 2, 2, 2, 2, 2, 2, 2, 2, 2, 2, 2, 2, 2, 2, 2, 2, 2, 2, 2, 2, 2, 2, 4 ),
 ( 0.008848783355119379038, 0.02427274654690199027, 0.03969670973868460323, 0.07054463612224981528, 0.1013925625058150204, 0.1322404888893802255, 0.1630884152729454306, 0.1785123784647279777, 0.1939363416565105802, 0.2093603048482931550, 0.2170722864441844424, 0.2247842680400757298, 0.2324962496359669895, 0.2363522404339127025, 0.2402082312318584156, 0.2440642220298041010, 0.2459922174287769714, 0.2479202128277498141, 0.2498482082267226845, 0.2517762036256955271, 0.2527402013251819901, 0.2537041990246684531, 0.2546681967241548605, 0.2556321944236412680 ),
 .UNSPECIFIED. ) ;
#6544 = CARTESIAN_POINT ( 'NONE',  ( 211.8649040309061036, -183.5120541457114314, 7.437195209886830582 ) ) ;
#6545 = ADVANCED_FACE ( 'NONE', ( #447 ), #5421, .T. ) ;
#6546 = CARTESIAN_POINT ( 'NONE',  ( -91.72641746409676955, 81.86729781833248865, 39.70325517071819377 ) ) ;
#6547 = ORIENTED_EDGE ( 'NONE', *, *, #5056, .F. ) ;
#6548 = CARTESIAN_POINT ( 'NONE',  ( -21.24877972365218426, -37.69212646307710202, 48.56765750010780636 ) ) ;
#6549 = CARTESIAN_POINT ( 'NONE',  ( -209.8276375933088502, 182.1424848132997738, 9.141653338149035690 ) ) ;
#6550 = EDGE_CURVE ( 'NONE', #2037, #2074, #1001, .T. ) ;
#6551 = CARTESIAN_POINT ( 'NONE',  ( -215.6578608814702704, 185.3246034585846758, 0.9619979398407920712 ) ) ;
#6552 = CARTESIAN_POINT ( 'NONE',  ( 62.40727782423869030, 54.25133514105566235, 44.55081054932109907 ) ) ;
#6553 = CARTESIAN_POINT ( 'NONE',  ( 47.92034841928802535, -42.87689995011835720, 46.65041762599391006 ) ) ;
#6554 = CARTESIAN_POINT ( 'NONE',  ( 39.26627809738575792, -34.85156506738845650, 48.01530939629981276 ) ) ;
#6555 = SHAPE_DEFINITION_REPRESENTATION ( #3163, #5077 ) ;
#6556 = CARTESIAN_POINT ( 'NONE',  ( 0.000000000000000000, 0.000000000000000000, 70.00000000000000000 ) ) ;
#6557 = CARTESIAN_POINT ( 'NONE',  ( 206.1478738052964275, -178.2487703507121068, 11.60075614966435431 ) ) ;
#6558 = CARTESIAN_POINT ( 'NONE',  ( -213.2657159273951777, -191.1299765873832825, 0.000000000000000000 ) ) ;
#6559 = VERTEX_POINT ( 'NONE', #171 ) ;
#6560 = CARTESIAN_POINT ( 'NONE',  ( 10.98560927803792708, 33.29831985775546599, 50.00000000000001421 ) ) ;
#6561 = CARTESIAN_POINT ( 'NONE',  ( -214.3634798289907053, 186.7550297893409379, 3.161137199366939043 ) ) ;
#6562 = CARTESIAN_POINT ( 'NONE',  ( 43.38353691081177743, -2.637353473984114682, 48.67075133711590240 ) ) ;
#6563 = CARTESIAN_POINT ( 'NONE',  ( 217.6835644235897007, -184.0795176544903597, 0.000000000000000000 ) ) ;
#6564 = CARTESIAN_POINT ( 'NONE',  ( -215.0211624784451772, 186.5364533182563775, 1.572932148507993677 ) ) ;
#6565 = CARTESIAN_POINT ( 'NONE',  ( 212.4253328625962638, -189.6165047184798027, -0.1825041619732894471 ) ) ;
#6566 = CARTESIAN_POINT ( 'NONE',  ( 191.2592548156085286, -166.6334802312963745, 18.16816212997449753 ) ) ;
#6567 = CARTESIAN_POINT ( 'NONE',  ( -208.8460604039523503, 190.3381654394181624, 1.603115278390417453 ) ) ;
#6568 = CARTESIAN_POINT ( 'NONE',  ( -175.5003843740216496, 154.1577451034296473, 22.99853042837253270 ) ) ;
#6569 = CARTESIAN_POINT ( 'NONE',  ( -6.674313361021354751, 34.36319535597943542, 58.00954383348954480 ) ) ;
#6570 = DIRECTION ( 'NONE',  ( 0.000000000000000000, 0.000000000000000000, -1.000000000000000000 ) ) ;
#6571 = CARTESIAN_POINT ( 'NONE',  ( -213.8497474683058783, 188.4497474683058442, -1.398547123386250313 ) ) ;
#6572 = CARTESIAN_POINT ( 'NONE',  ( 215.8624083956946436, 190.4833334550848463, 0.7741315847648649884 ) ) ;
#6573 = CARTESIAN_POINT ( 'NONE',  ( 215.8998867509128274, -183.4999987367767176, 0.04073137137587146822 ) ) ;
#6574 = CARTESIAN_POINT ( 'NONE',  ( 115.3769026080574065, -100.7059403809606124, 35.90285418031852060 ) ) ;
#6575 = CARTESIAN_POINT ( 'NONE',  ( -215.8998805125734179, -190.4999459312761587, 0.04402816098122817878 ) ) ;
#6576 = CARTESIAN_POINT ( 'NONE',  ( -207.1537471335527982, -187.3936708984389270, 6.978108302315284561 ) ) ;
#6577 = ORIENTED_EDGE ( 'NONE', *, *, #5868, .T. ) ;
#6578 = CARTESIAN_POINT ( 'NONE',  ( 118.0312132609565481, 102.8088135656138320, 35.43533977515823352 ) ) ;
#6579 = CARTESIAN_POINT ( 'NONE',  ( -212.4253215996001245, 189.6164996914053802, 0.01248061007164584166 ) ) ;
#6580 = CARTESIAN_POINT ( 'NONE',  ( 214.4419749260165702, -187.7863697044988669, 0.9111730216232069024 ) ) ;
#6581 = CARTESIAN_POINT ( 'NONE',  ( -84.65633207347661937, -74.69840305117045887, 41.03340442887096629 ) ) ;
#6582 = CARTESIAN_POINT ( 'NONE',  ( 211.4059853713401083, -187.4922756665588963, 5.666735363632391831 ) ) ;
#6583 = CARTESIAN_POINT ( 'NONE',  ( -115.3769026080574776, 100.7059403809606550, 35.90285418031852060 ) ) ;
#6584 = ORIENTED_EDGE ( 'NONE', *, *, #7212, .T. ) ;
#6585 = CARTESIAN_POINT ( 'NONE',  ( -205.9266678394357655, 184.4192131047427949, 9.657660253425092378 ) ) ;
#6586 = CARTESIAN_POINT ( 'NONE',  ( -211.5338043140837101, 189.9429917360285458, 0.7774596602735363016 ) ) ;
#6587 = CARTESIAN_POINT ( 'NONE',  ( 215.8631922131604313, -188.8851313151594411, 0.000000000000000000 ) ) ;
#6588 = CARTESIAN_POINT ( 'NONE',  ( 154.3722258627919928, -137.9017336172198611, 27.73932310552349279 ) ) ;
#6589 = CARTESIAN_POINT ( 'NONE',  ( 50.73831718495184617, -44.66383080278252748, 46.29835159069625661 ) ) ;
#6590 = CARTESIAN_POINT ( 'NONE',  ( 206.2707539222123785, -181.3213213372098096, 11.07678442514406569 ) ) ;
#6591 = LINE ( 'NONE', #5967, #474 ) ;
#6592 = ADVANCED_FACE ( 'NONE', ( #1982 ), #6161, .T. ) ;
#6593 = CARTESIAN_POINT ( 'NONE',  ( 6.237103737818392446, 34.59604211562819387, 50.00000000000000000 ) ) ;
#6594 = CARTESIAN_POINT ( 'NONE',  ( -211.7815106706822519, 189.0454736609996473, 3.422785431572121784 ) ) ;
#6595 = CARTESIAN_POINT ( 'NONE',  ( 38.73630850992373809, -20.20465700185658520, 48.84491081138003210 ) ) ;
#6596 = DIRECTION ( 'NONE',  ( 0.000000000000000000, 0.000000000000000000, -1.000000000000000000 ) ) ;
#6597 = CARTESIAN_POINT ( 'NONE',  ( 34.80808383279591567, -190.7324130653317127, 3.887004880937374866E-10 ) ) ;
#6598 = CARTESIAN_POINT ( 'NONE',  ( 210.7322351905148707, -190.3178087366781881, -0.7499908772981371818 ) ) ;
#6599 = CARTESIAN_POINT ( 'NONE',  ( 189.5856764049579510, -168.5242331509947746, 18.14119076121204799 ) ) ;
#6600 = CARTESIAN_POINT ( 'NONE',  ( -70.73402382750347783, 63.33055619338985309, 43.07384676021350600 ) ) ;
#6601 = CARTESIAN_POINT ( 'NONE',  ( -183.7885339359180250, 159.9069155902022601, 20.65070537896815850 ) ) ;
#6602 = CIRCLE ( 'NONE', #7236, 10.00000000000000888 ) ;
#6603 = CARTESIAN_POINT ( 'NONE',  ( -12.08809008785625316, 41.26864000074859007, 48.31414394102694132 ) ) ;
#6604 = DIRECTION ( 'NONE',  ( -0.000000000000000000, -0.000000000000000000, -1.000000000000000000 ) ) ;
#6605 = CARTESIAN_POINT ( 'NONE',  ( -212.4253328625963206, 189.6165047184798027, -1.074269000342903180 ) ) ;
#6606 = CARTESIAN_POINT ( 'NONE',  ( 215.7688298721429305, 183.4979364438787854, 1.389308544002322066 ) ) ;
#6607 = CARTESIAN_POINT ( 'NONE',  ( 213.2018136608648149, -189.0976627943660446, 0.01377395100649977076 ) ) ;
#6608 = CARTESIAN_POINT ( 'NONE',  ( 136.8371593046002204, -121.9866872114923240, 31.58400772278881874 ) ) ;
#6609 = CARTESIAN_POINT ( 'NONE',  ( -208.8999999999999773, -190.4999999999999432, -0.04031459716647244756 ) ) ;
#6610 = CARTESIAN_POINT ( 'NONE',  ( -201.1909813426696871, -180.8448075935217219, 12.18356877609933697 ) ) ;
#6611 = VERTEX_POINT ( 'NONE', #1277 ) ;
#6612 = CARTESIAN_POINT ( 'NONE',  ( -28.91010122211587330, -19.75675297571817524, 50.00628207271141434 ) ) ;
#6613 = CARTESIAN_POINT ( 'NONE',  ( -210.7322351905149844, 190.3178087366781881, -9.771776180651828541E-05 ) ) ;
#6614 = CARTESIAN_POINT ( 'NONE',  ( 208.8989399709541885, -190.4974908751675571, 0.2044205327863921617 ) ) ;
#6615 = CARTESIAN_POINT ( 'NONE',  ( -187.6137274613921306, -163.1573613023143992, 19.42900268893199467 ) ) ;
#6616 = CARTESIAN_POINT ( 'NONE',  ( 212.6732151772032466, -184.8075152776119126, 6.337505967228703518 ) ) ;
#6617 = CARTESIAN_POINT ( 'NONE',  ( -99.34581208562467225, 88.44602617952186563, 38.44700688741505701 ) ) ;
#6618 = ORIENTED_EDGE ( 'NONE', *, *, #5390, .T. ) ;
#6619 = CARTESIAN_POINT ( 'NONE',  ( -207.0691847016643692, 186.4513036625943130, 7.956576886068893906 ) ) ;
#6620 = CARTESIAN_POINT ( 'NONE',  ( -26.41788385324023380, -22.95855859405615007, 58.93158553432860458 ) ) ;
#6621 = CARTESIAN_POINT ( 'NONE',  ( -215.3649123455226402, 186.1783970612199255, 0.1801604760042250231 ) ) ;
#6622 = CARTESIAN_POINT ( 'NONE',  ( 194.0616911475348729, 171.2349019942461155, 17.15627790709075029 ) ) ;
#6623 = CARTESIAN_POINT ( 'NONE',  ( -36.86890639355048904, -23.57952414813671993, 48.90075348777490660 ) ) ;
#6624 = CARTESIAN_POINT ( 'NONE',  ( 76.93682124881087248, -68.21179091621274893, 42.17661346894659857 ) ) ;
#6625 = CARTESIAN_POINT ( 'NONE',  ( 209.5691130113156930, -181.3031881835431136, 9.406128977991008000 ) ) ;
#6626 = CARTESIAN_POINT ( 'NONE',  ( -209.4270104137698354, -192.2988464218958313, 0.000000000000000000 ) ) ;
#6627 = CIRCLE ( 'NONE', #2095, 12.50000000000001066 ) ;
#6628 = CARTESIAN_POINT ( 'NONE',  ( -202.2554931487219960, 179.0031217622215252, 12.99575925249032338 ) ) ;
#6629 = CARTESIAN_POINT ( 'NONE',  ( -213.7833498865682316, 187.4291617368163827, 3.350985611859488511 ) ) ;
#6630 = AXIS2_PLACEMENT_3D ( 'NONE', #4557, #2137, #5928 ) ;
#6631 = CARTESIAN_POINT ( 'NONE',  ( 42.32298962462304814, -10.38389840873407799, 48.71577333434277080 ) ) ;
#6632 = CARTESIAN_POINT ( 'NONE',  ( 215.7293584012458325, -183.4967789680675594, 1.574680594478684359 ) ) ;
#6633 = ORIENTED_EDGE ( 'NONE', *, *, #1295, .F. ) ;
#6634 = CARTESIAN_POINT ( 'NONE',  ( -213.2464572491210220, 189.2238716822691060, 3.540539183461663570E-12 ) ) ;
#6635 = CARTESIAN_POINT ( 'NONE',  ( 213.8497474683057931, -188.4497474683058158, -0.1825041619732894471 ) ) ;
#6636 = CARTESIAN_POINT ( 'NONE',  ( 193.3065223846070069, -171.8941275344047313, 16.74069936185968288 ) ) ;
#6637 = CARTESIAN_POINT ( 'NONE',  ( -176.8928854556311592, 158.1583110086737065, 21.94172612227531260 ) ) ;
#6638 = CARTESIAN_POINT ( 'NONE',  ( -181.7084124657788209, 158.4868230955314061, 21.27954061956526743 ) ) ;
#6639 = EDGE_CURVE ( 'NONE', #2399, #3873, #1315, .T. ) ;
#6640 =( GEOMETRIC_REPRESENTATION_CONTEXT ( 3 ) GLOBAL_UNCERTAINTY_ASSIGNED_CONTEXT ( ( #1604 ) ) GLOBAL_UNIT_ASSIGNED_CONTEXT ( ( #819, #3266, #3902 ) ) REPRESENTATION_CONTEXT ( 'NONE', 'WORKASPACE' ) );
#6641 = CARTESIAN_POINT ( 'NONE',  ( -209.2689191494163481, 188.2407651442733538, 5.828207579551953010 ) ) ;
#6642 = EDGE_CURVE ( 'NONE', #3556, #1196, #4875, .T. ) ;
#6643 = CARTESIAN_POINT ( 'NONE',  ( -6.199192942145477225, 34.45259448131807289, 50.00735479953863205 ) ) ;
#6644 = CARTESIAN_POINT ( 'NONE',  ( -164.1395589096496224, -142.9929254068752869, 25.98790763485443733 ) ) ;
#6645 = CARTESIAN_POINT ( 'NONE',  ( 215.6136710905442726, 186.0366776484695208, -6.287598887052934830E-14 ) ) ;
#6646 = CARTESIAN_POINT ( 'NONE',  ( 215.7435775089602430, 183.4972609030524495, 1.511893280943884088 ) ) ;
#6647 = CIRCLE ( 'NONE', #3250, 8.000000000000007105 ) ;
#6648 = CARTESIAN_POINT ( 'NONE',  ( 212.4252521069503814, -189.6164688147124764, 0.03250354547864340443 ) ) ;
#6649 = CARTESIAN_POINT ( 'NONE',  ( 159.6417839318366987, -141.7407800095034816, 26.73752308664788657 ) ) ;
#6650 = CARTESIAN_POINT ( 'NONE',  ( -215.8999987616533929, -190.4999994385744628, 0.0006664787827203627786 ) ) ;
#6651 = CARTESIAN_POINT ( 'NONE',  ( -225.8999999999999204, -190.5000000000000284, 70.00000000000000000 ) ) ;
#6652 = ORIENTED_EDGE ( 'NONE', *, *, #4347, .F. ) ;
#6653 = CARTESIAN_POINT ( 'NONE',  ( 214.4740827351861583, 183.2992002075459084, 4.546950175668908578 ) ) ;
#6654 = CARTESIAN_POINT ( 'NONE',  ( -215.7178032415208122, 185.3322344911248933, 0.008967068452629152822 ) ) ;
#6655 = CARTESIAN_POINT ( 'NONE',  ( 210.7189992407587624, -190.3094935420425031, 0.4135656910380898221 ) ) ;
#6656 = CARTESIAN_POINT ( 'NONE',  ( -205.5669904688632812, -185.4679509478926889, 8.845631225926727126 ) ) ;
#6657 = CARTESIAN_POINT ( 'NONE',  ( 210.7630945738776802, -186.8590911575393534, 6.563439796665904602 ) ) ;
#6658 = CARTESIAN_POINT ( 'NONE',  ( -114.1780033976618824, 102.0466686459302821, 35.80006992429466806 ) ) ;
#6659 = CARTESIAN_POINT ( 'NONE',  ( -210.6869341259985902, 182.0495210895381604, 8.547304668015383911 ) ) ;
#6660 = CARTESIAN_POINT ( 'NONE',  ( 25.98792483414300136, -23.44414133242960574, 58.92519609199868569 ) ) ;
#6661 = CARTESIAN_POINT ( 'NONE',  ( -211.5780436753796323, 189.9667813635813900, 0.09915743501223064915 ) ) ;
#6662 = CARTESIAN_POINT ( 'NONE',  ( 175.1882497196651229, 154.5791526698745599, 23.15272476935310664 ) ) ;
#6663 = DIRECTION ( 'NONE',  ( -0.000000000000000000, 0.000000000000000000, 1.000000000000000000 ) ) ;
#6664 = CARTESIAN_POINT ( 'NONE',  ( 50.89561282692207556, -44.48411407782278815, 46.29711191945489190 ) ) ;
#6665 = CARTESIAN_POINT ( 'NONE',  ( 205.9266678394357371, -184.4192131047427381, 9.657660253425095931 ) ) ;
#6666 = CARTESIAN_POINT ( 'NONE',  ( -217.3877338259842134, -185.7768579542854468, 0.000000000000000000 ) ) ;
#6667 = CARTESIAN_POINT ( 'NONE',  ( -198.9527159100389326, 178.6350834596150321, 13.47160552315284043 ) ) ;
#6668 = CARTESIAN_POINT ( 'NONE',  ( 6.817895928226961999, -34.33550703667219750, 50.00861785583013130 ) ) ;
#6669 = CARTESIAN_POINT ( 'NONE',  ( -214.1121335261093748, 187.6386562717958952, 2.418105621639534686 ) ) ;
#6670 = CARTESIAN_POINT ( 'NONE',  ( 208.8460603981854433, 190.3381654414763773, 1.603115284326944723 ) ) ;
#6671 = CARTESIAN_POINT ( 'NONE',  ( 215.8999999999999488, -198.5000000000000284, 2.000000000000000000 ) ) ;
#6672 = CARTESIAN_POINT ( 'NONE',  ( -217.6835644237029612, 184.0795176544904166, 0.000000000000000000 ) ) ;
#6673 = CARTESIAN_POINT ( 'NONE',  ( 209.8162978572970019, -190.4999999999999716, -0.1825041619732894471 ) ) ;
#6674 = CARTESIAN_POINT ( 'NONE',  ( 194.6696195660309741, -174.0747568477169693, 15.78747204890575517 ) ) ;
#6675 = CARTESIAN_POINT ( 'NONE',  ( -47.92034841928808930, 42.87689995011823640, 46.65041762599395980 ) ) ;
#6676 = CARTESIAN_POINT ( 'NONE',  ( -181.9309591555602026, 162.0060527446749745, 20.62329561745847073 ) ) ;
#6677 = CARTESIAN_POINT ( 'NONE',  ( -213.8165220975624834, 184.6209801280920999, 5.263082738232786717 ) ) ;
#6678 = CARTESIAN_POINT ( 'NONE',  ( 164.1395590153504713, -142.9929253352366345, 25.98790761059294141 ) ) ;
#6679 = CARTESIAN_POINT ( 'NONE',  ( -152.6287014650438891, -132.9953101773491255, 28.62731393492983401 ) ) ;
#6680 = CARTESIAN_POINT ( 'NONE',  ( -210.7322351905150128, 190.3178087366781881, -1.074269000342903180 ) ) ;
#6681 = CARTESIAN_POINT ( 'NONE',  ( 215.6023387634510300, 183.4914752419992965, 2.084286768714689320 ) ) ;
#6682 = CARTESIAN_POINT ( 'NONE',  ( 210.7322175262989106, -190.3177975134132964, 0.01577962656220122106 ) ) ;
#6683 = CARTESIAN_POINT ( 'NONE',  ( 167.4665406244476458, -148.0735226549232948, 24.93930832820548815 ) ) ;
#6684 = CARTESIAN_POINT ( 'NONE',  ( -215.8999999999999773, -183.4999999999996589, -0.04031459716647260716 ) ) ;
#6685 = FACE_OUTER_BOUND ( 'NONE', #2225, .T. ) ;
#6686 = ORIENTED_EDGE ( 'NONE', *, *, #5295, .F. ) ;
#6687 = EDGE_CURVE ( 'NONE', #877, #5772, #3821, .T. ) ;
#6688 = CARTESIAN_POINT ( 'NONE',  ( 26.32429621090494720, -23.06624773553523156, 50.00097781201390745 ) ) ;
#6689 = CARTESIAN_POINT ( 'NONE',  ( -208.9000000000000341, 190.5000000000000000, -9.771776180651828541E-05 ) ) ;
#6690 = CARTESIAN_POINT ( 'NONE',  ( 213.8186724626094417, -188.4398123262123761, 0.6515875831900971304 ) ) ;
#6691 = CARTESIAN_POINT ( 'NONE',  ( -211.2173588765139414, -181.7390802577711213, 8.112115540974972561 ) ) ;
#6692 = CARTESIAN_POINT ( 'NONE',  ( -215.8999999999999204, 150.0000000000000000, 62.50000000000001421 ) ) ;
#6693 = CARTESIAN_POINT ( 'NONE',  ( 212.4950871768495801, -185.5359551779629044, 6.222205741231584319 ) ) ;
#6694 = CARTESIAN_POINT ( 'NONE',  ( -149.1877507598856312, 130.8114241627077945, 29.33418780416047156 ) ) ;
#6695 = CARTESIAN_POINT ( 'NONE',  ( -208.9716203778295665, 184.3521621462600422, 8.853891926939256862 ) ) ;
#6696 = CARTESIAN_POINT ( 'NONE',  ( 214.0265310308730307, -188.0345642147956085, 1.574242042300537880 ) ) ;
#6697 = CARTESIAN_POINT ( 'NONE',  ( -208.8999042426582378, 190.4997711122313717, 0.06048614903017541372 ) ) ;
#6698 = CARTESIAN_POINT ( 'NONE',  ( 206.6583023074241794, 178.6298754021759407, 11.30542033170700478 ) ) ;
#6699 = CARTESIAN_POINT ( 'NONE',  ( 203.6313134007247925, -183.3452276010172000, 10.52725785983595230 ) ) ;
#6700 = CARTESIAN_POINT ( 'NONE',  ( 77.09952880401445441, -68.02882557563678745, 42.18846337999691087 ) ) ;
#6701 = CARTESIAN_POINT ( 'NONE',  ( 208.9650295965579971, -182.1833403661279931, 9.615177697896848841 ) ) ;
#6702 = CARTESIAN_POINT ( 'NONE',  ( -43.01888157512629363, 38.20307885802440495, 47.44003347328173703 ) ) ;
#6703 = CARTESIAN_POINT ( 'NONE',  ( -203.1241767801039657, 175.9311586781315100, 13.22682630650793101 ) ) ;
#6704 = CARTESIAN_POINT ( 'NONE',  ( 6.067460356273452149, -34.47554612146818442, 57.99566317541633254 ) ) ;
#6705 = CARTESIAN_POINT ( 'NONE',  ( -215.5215658342368954, 184.3696528005322364, 2.347190583733852254 ) ) ;
#6706 = CARTESIAN_POINT ( 'NONE',  ( 208.7984426383690675, 190.1908339259574348, 2.234785831907773801 ) ) ;
#6707 = DIRECTION ( 'NONE',  ( 0.000000000000000000, 0.000000000000000000, 1.000000000000000000 ) ) ;
#6708 = CARTESIAN_POINT ( 'NONE',  ( -215.7294826004157358, 183.9499622982160929, 1.573943308468398250 ) ) ;
#6709 = CARTESIAN_POINT ( 'NONE',  ( 215.8999999999999773, -184.4162978572969962, -1.398547123383684143 ) ) ;
#6710 = CARTESIAN_POINT ( 'NONE',  ( 196.5879144406921739, -172.0213280691213242, 16.06436029704784829 ) ) ;
#6711 = CARTESIAN_POINT ( 'NONE',  ( -208.3395681632919150, 189.1769674796591403, 4.569503012177576373 ) ) ;
#6712 = CARTESIAN_POINT ( 'NONE',  ( -175.1589100044000986, 154.5414622568824825, 22.98647532874327126 ) ) ;
#6713 = CARTESIAN_POINT ( 'NONE',  ( -213.0712408025724471, 186.9075759219413442, 4.798041247570003165 ) ) ;
#6714 = CARTESIAN_POINT ( 'NONE',  ( 215.6606496910270039, -183.4946183391381567, 1.890383368486460158 ) ) ;
#6715 = CARTESIAN_POINT ( 'NONE',  ( 34.95242261341056178, -2.102736180373811603, 58.54890686850058046 ) ) ;
#6716 = CARTESIAN_POINT ( 'NONE',  ( 217.6836110407052161, 183.4969353413797251, 0.000000000000000000 ) ) ;
#6717 = CARTESIAN_POINT ( 'NONE',  ( 208.9000000193403537, 190.5000000000000284, -0.001347694347599561956 ) ) ;
#6718 = CARTESIAN_POINT ( 'NONE',  ( 208.8999987817336148, -190.4999970609306672, 0.006854937497959566993 ) ) ;
#6719 = CARTESIAN_POINT ( 'NONE',  ( 149.3220714389134400, -130.6571316382806742, 29.32639447254023679 ) ) ;
#6720 = CARTESIAN_POINT ( 'NONE',  ( -208.8999999358857451, -190.4999999999999432, 0.0003357125373468203603 ) ) ;
#6721 = LINE ( 'NONE', #4891, #3504 ) ;
#6722 = EDGE_LOOP ( 'NONE', ( #4206, #2549, #5250, #5682 ) ) ;
#6723 =( BOUNDED_SURFACE ( )  B_SPLINE_SURFACE ( 3, 2, ( 
 ( #7465, #4989, #2098 ),
 ( #5655, #6909, #1515 ),
 ( #6126, #3136, #7386 ),
 ( #1675, #5844, #441 ),
 ( #2844, #7030, #402 ),
 ( #5260, #2258, #1593 ),
 ( #5219, #1634, #1552 ),
 ( #363, #6474, #3961 ),
 ( #4681, #2217, #2764 ),
 ( #6946, #7071, #7660 ),
 ( #2176, #4598, #4001 ),
 ( #3483, #6353, #4085 ),
 ( #5179, #1079, #4041 ),
 ( #5887, #6432, #485 ),
 ( #6394, #2890, #998 ),
 ( #1038, #3402, #6987 ),
 ( #3921, #322, #5302 ),
 ( #7700, #953, #2299 ),
 ( #4640, #4719, #7113 ),
 ( #5764, #6318, #918 ),
 ( #3322, #5805, #5728 ),
 ( #2804, #7617, #7542 ),
 ( #3360, #7578, #2723 ),
 ( #3439, #5140, #2139 ),
 ( #4559, #1195, #6626 ),
 ( #1756, #676, #92 ) ),
 .UNSPECIFIED., .F., .F., .F. ) 
 B_SPLINE_SURFACE_WITH_KNOTS ( ( 4, 2, 2, 2, 2, 2, 2, 2, 2, 2, 2, 2, 4 ),
 ( 3, 3 ),
 ( 0.000000000000000000, 0.001722923700906796481, 0.002584385551360194721, 0.003445847401813592961, 0.005168771102720389442, 0.006030232953173788116, 0.006891694803627185922, 0.008614618504533981536, 0.009476080354987381077, 0.01033754220544077888, 0.01119900405589417669, 0.01206046590634757623, 0.01378338960725437184 ),
 ( 0.000000000000000000, 1.000000000000000000 ),
 .UNSPECIFIED. ) 
 GEOMETRIC_REPRESENTATION_ITEM ( )  RATIONAL_B_SPLINE_SURFACE ( (
 ( 1.000000000000000000, 0.7786718508976371300, 1.000000000000000000),
 ( 1.000000000000000000, 0.7787893621374415432, 1.000000000000000000),
 ( 1.000000000000000000, 0.7788616777630217314, 1.000000000000000000),
 ( 1.000000000000000000, 0.7789294550597199995, 1.000000000000000000),
 ( 1.000000000000000000, 0.7789450500314780701, 1.000000000000000000),
 ( 1.000000000000000000, 0.7789638517660804062, 1.000000000000000000),
 ( 1.000000000000000000, 0.7789669754314464400, 1.000000000000000000),
 ( 1.000000000000000000, 0.7789585367685087913, 1.000000000000000000),
 ( 1.000000000000000000, 0.7789300617274771410, 1.000000000000000000),
 ( 1.000000000000000000, 0.7788499648007406462, 1.000000000000000000),
 ( 1.000000000000000000, 0.7788167385492312800, 1.000000000000000000),
 ( 1.000000000000000000, 0.7787358463561011579, 1.000000000000000000),
 ( 1.000000000000000000, 0.7786885628759043776, 1.000000000000000000),
 ( 1.000000000000000000, 0.7785226331373789055, 1.000000000000000000),
 ( 1.000000000000000000, 0.7783810217462822090, 1.000000000000000000),
 ( 1.000000000000000000, 0.7780923864569291304, 1.000000000000000000),
 ( 1.000000000000000000, 0.7779831919921047501, 1.000000000000000000),
 ( 1.000000000000000000, 0.7777362310325555139, 1.000000000000000000),
 ( 1.000000000000000000, 0.7775980092144648692, 1.000000000000000000),
 ( 1.000000000000000000, 0.7772826826728335137, 1.000000000000000000),
 ( 1.000000000000000000, 0.7771056578257258263, 1.000000000000000000),
 ( 1.000000000000000000, 0.7766986753587767911, 1.000000000000000000),
 ( 1.000000000000000000, 0.7764675811241900094, 1.000000000000000000),
 ( 1.000000000000000000, 0.7756721849243485289, 1.000000000000000000),
 ( 1.000000000000000000, 0.7750131846898116184, 1.000000000000000000),
 ( 1.000000000000000000, 0.7740937791497002340, 1.000000000000000000) ) ) 
 REPRESENTATION_ITEM ( '' )  SURFACE ( )  );
#6724 = EDGE_CURVE ( 'NONE', #3951, #4261, #135, .T. ) ;
#6725 = CARTESIAN_POINT ( 'NONE',  ( 121.0721624688890898, -106.8283786490197969, 35.74265220146897093 ) ) ;
#6726 = CARTESIAN_POINT ( 'NONE',  ( -215.3671567275790153, 186.1787840265556326, 6.062116545665215096E-05 ) ) ;
#6727 = CARTESIAN_POINT ( 'NONE',  ( 214.4142588846505362, -187.7777507980429164, 1.097560591092660687 ) ) ;
#6728 = CARTESIAN_POINT ( 'NONE',  ( -185.2470182811966311, -165.7771775325070678, 19.24769694962498789 ) ) ;
#6729 = DIRECTION ( 'NONE',  ( 0.000000000000000000, 0.000000000000000000, -1.000000000000000000 ) ) ;
#6730 = CARTESIAN_POINT ( 'NONE',  ( 208.2854083031753021, -189.0802667002884618, 4.730095320058294028 ) ) ;
#6731 = CARTESIAN_POINT ( 'NONE',  ( -129.3225903763954818, 115.3002849284075211, 33.04622803842774914 ) ) ;
#6732 = B_SPLINE_CURVE_WITH_KNOTS ( 'NONE', 3,
 ( #397, #2032, #992, #357, #5174, #7573, #3396, #6470, #2886, #2333, #1715, #4829, #4123, #15, #5999, #1671, #3598, #5883, #7735, #4677, #2411, #1820, #1230, #4715, #480, #6623, #7696, #7185, #2923, #7109 ),
 .UNSPECIFIED., .F., .F.,
 ( 4, 2, 2, 2, 2, 2, 2, 2, 2, 2, 2, 2, 2, 2, 4 ),
 ( 1.551583845779545699E-17, 0.007798286509080667138, 0.01169742976362098813, 0.01364700139089114993, 0.01559657301816130826, 0.02339485952724195544, 0.02729400278178228251, 0.03119314603632260610, 0.03899143254540325676, 0.04289057579994358382, 0.04484014742721374736, 0.04678971905448391089, 0.05458800556356459277, 0.05848714881810492677, 0.06238629207264526771 ),
 .UNSPECIFIED. ) ;
#6733 = CARTESIAN_POINT ( 'NONE',  ( -210.2892425668832459, 183.9053155017347478, 8.412832188341436535 ) ) ;
#6734 = CARTESIAN_POINT ( 'NONE',  ( 11.98471777768346236, -32.97420477139107930, 58.17532841647442154 ) ) ;
#6735 = CARTESIAN_POINT ( 'NONE',  ( -212.4213856959508178, 189.6147901296769760, 0.2308172662745761328 ) ) ;
#6736 = CARTESIAN_POINT ( 'NONE',  ( 181.8788582829045879, 158.2762809276600535, 21.23051738167960778 ) ) ;
#6737 = CARTESIAN_POINT ( 'NONE',  ( 201.1909812746253010, -180.8448076016736366, 12.18356871546346909 ) ) ;
#6738 = CARTESIAN_POINT ( 'NONE',  ( 61.59939168762470274, -55.16567138754515298, 44.51551512923136755 ) ) ;
#6739 = CARTESIAN_POINT ( 'NONE',  ( 206.3825414548414017, -184.8941654942362618, 9.280325928788579759 ) ) ;
#6740 = B_SPLINE_CURVE_WITH_KNOTS ( 'NONE', 3,
 ( #5943, #6055, #6715, #5428, #6091, #69, #1403, #6755, #4845, #1251, #6797, #1837, #6132, #7392, #689, #728 ),
 .UNSPECIFIED., .F., .F.,
 ( 4, 2, 2, 2, 2, 2, 2, 4 ),
 ( 0.02524630461481153568, 0.02840308657359635197, 0.03155986853238116480, 0.03787343244995078351, 0.03945182342934319686, 0.04103021440873560327, 0.04418699636752040916, 0.05050056028509002093 ),
 .UNSPECIFIED. ) ;
#6741 = CARTESIAN_POINT ( 'NONE',  ( -47.05363820221123916, 41.23385482058928631, 46.87335358696928012 ) ) ;
#6742 = CARTESIAN_POINT ( 'NONE',  ( -198.6015573669375271, 177.2669318088505577, 14.19713074874083070 ) ) ;
#6743 = CARTESIAN_POINT ( 'NONE',  ( -213.4499009990401532, 188.2430212799995104, 2.484871849502138463 ) ) ;
#6744 = DIRECTION ( 'NONE',  ( -1.000000000000000000, 0.000000000000000000, 0.000000000000000000 ) ) ;
#6745 = CARTESIAN_POINT ( 'NONE',  ( 225.8999999999999488, -190.5000000000000284, 85.00000000000000000 ) ) ;
#6746 = CARTESIAN_POINT ( 'NONE',  ( -215.5516918183774067, 185.0632351525819388, 1.573070025072025757 ) ) ;
#6747 = CARTESIAN_POINT ( 'NONE',  ( 215.3671567275790153, -186.1787840265556042, -1.074269000340911884 ) ) ;
#6748 = CARTESIAN_POINT ( 'NONE',  ( 197.5470712316734136, -172.8365384267237630, 15.67309023165380033 ) ) ;
#6749 = DIRECTION ( 'NONE',  ( 1.000000000000000000, 0.000000000000000000, 0.000000000000000000 ) ) ;
#6750 = CARTESIAN_POINT ( 'NONE',  ( -190.2316195732627477, 167.8354250994803181, 18.25255890341511034 ) ) ;
#6751 = AXIS2_PLACEMENT_3D ( 'NONE', #1044, #5225, #4726 ) ;
#6752 = B_SPLINE_CURVE_WITH_KNOTS ( 'NONE', 3,
 ( #3356, #4556, #6943, #6279 ),
 .UNSPECIFIED., .F., .F.,
 ( 4, 4 ),
 ( 0.000000000000000000, 0.0006486109560647182644 ),
 .UNSPECIFIED. ) ;
#6753 = CARTESIAN_POINT ( 'NONE',  ( -214.3054218093090526, 184.0079417704703815, 4.782237388171523662 ) ) ;
#6754 = CARTESIAN_POINT ( 'NONE',  ( 209.3388635334509047, -180.5347039531396831, 9.568705098472570114 ) ) ;
#6755 = CARTESIAN_POINT ( 'NONE',  ( 32.60067820650504444, -12.74641780248012601, 58.68217410898169817 ) ) ;
#6756 = CARTESIAN_POINT ( 'NONE',  ( 210.8582336650458444, 192.0746376573140992, 0.000000000000000000 ) ) ;
#6757 = CARTESIAN_POINT ( 'NONE',  ( 215.8999598863576637, 190.4999818257941229, 0.02454300280349225663 ) ) ;
#6758 = CARTESIAN_POINT ( 'NONE',  ( 210.7322348747213994, -190.3178085348763489, 0.002950302659135576114 ) ) ;
#6759 = CARTESIAN_POINT ( 'NONE',  ( 160.6791718485376634, -140.5786776076813283, 26.79351513424261100 ) ) ;
#6760 = CARTESIAN_POINT ( 'NONE',  ( -108.8227465779299621, -97.27934237401900930, 36.74566108688640753 ) ) ;
#6761 = AXIS2_PLACEMENT_3D ( 'NONE', #3917, #3317, #949 ) ;
#6762 = VERTEX_POINT ( 'NONE', #3795 ) ;
#6763 = EDGE_LOOP ( 'NONE', ( #2358, #1548, #1007, #3989 ) ) ;
#6764 = AXIS2_PLACEMENT_3D ( 'NONE', #695, #152, #3585 ) ;
#6765 = LINE ( 'NONE', #775, #214 ) ;
#6766 = CARTESIAN_POINT ( 'NONE',  ( -215.9000000000000625, 184.4162978572970246, 6.062116545664508331E-05 ) ) ;
#6767 = CARTESIAN_POINT ( 'NONE',  ( 215.8772096844673456, -183.4997653596119562, 0.5870331927107208525 ) ) ;
#6768 = CARTESIAN_POINT ( 'NONE',  ( -205.1262972913923761, -177.4860232700037272, 12.19184409854878304 ) ) ;
#6769 = LINE ( 'NONE', #1378, #7398 ) ;
#6770 =( BOUNDED_SURFACE ( )  B_SPLINE_SURFACE ( 3, 2, ( 
 ( #3102, #5507, #6716 ),
 ( #2507, #3141, #1802 ),
 ( #7320, #1918, #4333 ),
 ( #6133, #729, #5545 ),
 ( #2544, #4846, #1211 ),
 ( #7240, #2430, #1838 ),
 ( #4254, #6645, #1252 ),
 ( #3434, #2758, #2578 ),
 ( #7025, #4634, #5758 ),
 ( #7612, #2212, #3808 ),
 ( #5619, #6981, #4370 ),
 ( #6834, #768, #4996 ),
 ( #219, #6428, #7393 ),
 ( #1034, #4592, #2798 ),
 ( #4450, #2170, #5580 ),
 ( #4036, #5839, #6798 ),
 ( #436, #1995, #1587 ),
 ( #1404, #1630, #1445 ),
 ( #6248, #2618, #4960 ),
 ( #4412, #3177, #7356 ),
 ( #1955, #3214, #3848 ),
 ( #6210, #3994, #5799 ),
 ( #848, #5037, #6756 ),
 ( #3255, #7434, #1366 ),
 ( #3767, #5213, #6388 ),
 ( #808, #6172, #182 ) ),
 .UNSPECIFIED., .F., .F., .F. ) 
 B_SPLINE_SURFACE_WITH_KNOTS ( ( 4, 2, 2, 2, 2, 2, 2, 2, 2, 2, 2, 2, 4 ),
 ( 3, 3 ),
 ( 0.000000000000000000, 0.001722923700906748342, 0.002584385551360122296, 0.003445847401813496684, 0.005168771102720244592, 0.006030232953173618980, 0.006891694803626993368, 0.008614618504533742144, 0.009476080354987115664, 0.01033754220544048918, 0.01119900405589386444, 0.01206046590634723796, 0.01378338960725398674 ),
 ( 0.000000000000000000, 1.000000000000000000 ),
 .UNSPECIFIED. ) 
 GEOMETRIC_REPRESENTATION_ITEM ( )  RATIONAL_B_SPLINE_SURFACE ( (
 ( 1.000000000000000000, 0.7786718508976371300, 1.000000000000000000),
 ( 1.000000000000000000, 0.7787893621371765329, 1.000000000000000000),
 ( 1.000000000000000000, 0.7788616777633726729, 1.000000000000000000),
 ( 1.000000000000000000, 0.7789294550595446953, 1.000000000000000000),
 ( 1.000000000000000000, 0.7789450500310628467, 1.000000000000000000),
 ( 1.000000000000000000, 0.7789638517665007367, 1.000000000000000000),
 ( 1.000000000000000000, 0.7789669754302750437, 1.000000000000000000),
 ( 1.000000000000000000, 0.7789585367708503627, 1.000000000000000000),
 ( 1.000000000000000000, 0.7789300617283076988, 1.000000000000000000),
 ( 1.000000000000000000, 0.7788499648003234244, 1.000000000000000000),
 ( 1.000000000000000000, 0.7788167385483457661, 1.000000000000000000),
 ( 1.000000000000000000, 0.7787358463569900024, 1.000000000000000000),
 ( 1.000000000000000000, 0.7786885628763347000, 1.000000000000000000),
 ( 1.000000000000000000, 0.7785226331365161512, 1.000000000000000000),
 ( 1.000000000000000000, 0.7783810217475088944, 1.000000000000000000),
 ( 1.000000000000000000, 0.7780923864563203951, 1.000000000000000000),
 ( 1.000000000000000000, 0.7779831919922949313, 1.000000000000000000),
 ( 1.000000000000000000, 0.7777362310323613359, 1.000000000000000000),
 ( 1.000000000000000000, 0.7775980092151214551, 1.000000000000000000),
 ( 1.000000000000000000, 0.7772826826721829230, 1.000000000000000000),
 ( 1.000000000000000000, 0.7771056578260325809, 1.000000000000000000),
 ( 1.000000000000000000, 0.7766986753584749215, 1.000000000000000000),
 ( 1.000000000000000000, 0.7764675811245377313, 1.000000000000000000),
 ( 1.000000000000000000, 0.7756721849236321020, 1.000000000000000000),
 ( 1.000000000000000000, 0.7750131846903534072, 1.000000000000000000),
 ( 1.000000000000000000, 0.7740937791496969034, 1.000000000000000000) ) ) 
 REPRESENTATION_ITEM ( '' )  SURFACE ( )  );
#6771 = CARTESIAN_POINT ( 'NONE',  ( 213.5404453400111038, -186.2472884389918875, 4.786526133953305617 ) ) ;
#6772 = CARTESIAN_POINT ( 'NONE',  ( -145.6677492083996697, 127.1952582627518780, 30.09764885170429594 ) ) ;
#6773 = CIRCLE ( 'NONE', #2738, 10.00000000000000000 ) ;
#6774 = CARTESIAN_POINT ( 'NONE',  ( -209.3090819817900297, 187.2496497741473434, 6.790199868526269000 ) ) ;
#6775 = CARTESIAN_POINT ( 'NONE',  ( 213.0360700750847514, -188.9538720551852578, 1.576535332454170879 ) ) ;
#6776 = CARTESIAN_POINT ( 'NONE',  ( -208.8996075596533046, 190.4990678634653989, 0.1220458013501844463 ) ) ;
#6777 = CARTESIAN_POINT ( 'NONE',  ( 137.4884573702722150, 121.3144789113936497, 31.77839933569015329 ) ) ;
#6778 = CARTESIAN_POINT ( 'NONE',  ( 213.5448116201045536, -188.3066710694998278, 2.150384208513596018 ) ) ;
#6779 = CARTESIAN_POINT ( 'NONE',  ( 209.7479808598150726, 190.2972267114102465, 1.593355679429017790 ) ) ;
#6780 = CARTESIAN_POINT ( 'NONE',  ( 84.47113419408883317, -74.88508209520226444, 40.97614200332073864 ) ) ;
#6781 = CARTESIAN_POINT ( 'NONE',  ( 209.2347301065367162, -184.5840419275979514, 8.633941777085828662 ) ) ;
#6782 = CARTESIAN_POINT ( 'NONE',  ( -47.10049622348824983, 41.18022320796177382, 46.87266998510769156 ) ) ;
#6783 = EDGE_CURVE ( 'NONE', #6254, #4057, #2439, .T. ) ;
#6784 = CARTESIAN_POINT ( 'NONE',  ( -199.4753961582964905, 174.4644984639914185, 14.83476701096152617 ) ) ;
#6785 = CARTESIAN_POINT ( 'NONE',  ( -212.1898815609613109, 189.4644012096924826, 1.918036054580842809 ) ) ;
#6786 = CARTESIAN_POINT ( 'NONE',  ( 215.7332004210093714, -71.49246397985817225, 1.586921694773515190 ) ) ;
#6787 = CARTESIAN_POINT ( 'NONE',  ( -14.76686855575832169, 31.73815244448280382, 58.30225931066576806 ) ) ;
#6788 = ORIENTED_EDGE ( 'NONE', *, *, #2112, .T. ) ;
#6789 = CARTESIAN_POINT ( 'NONE',  ( -215.7293584012459746, 183.4967789680677015, 1.574680594478686135 ) ) ;
#6790 = CARTESIAN_POINT ( 'NONE',  ( 215.8999999999999773, -184.4162978572969962, -1.074269000340911884 ) ) ;
#6791 = CARTESIAN_POINT ( 'NONE',  ( 197.4134223164273862, -176.6566180236018511, 14.52721563478859856 ) ) ;
#6792 = CARTESIAN_POINT ( 'NONE',  ( 215.8999999999999204, 190.5000000000000568, 85.00000000000000000 ) ) ;
#6793 = CARTESIAN_POINT ( 'NONE',  ( -188.1418101475462947, 166.4008520939300126, 18.91028338316051460 ) ) ;
#6794 = CARTESIAN_POINT ( 'NONE',  ( -209.2217710731494549, 189.4137839126188680, 4.161409206080584511 ) ) ;
#6795 = CARTESIAN_POINT ( 'NONE',  ( 214.4643593503204215, -185.8398890772985226, 3.688292624984864876 ) ) ;
#6796 = CARTESIAN_POINT ( 'NONE',  ( 35.00000000000000711, 4.366641308594737436E-15, 58.54591266636803226 ) ) ;
#6797 = CARTESIAN_POINT ( 'NONE',  ( 31.77807016678879748, -14.67740711637631712, 58.72301256046250018 ) ) ;
#6798 = CARTESIAN_POINT ( 'NONE',  ( 213.5164598747897742, 190.9806094290069325, 0.000000000000000000 ) ) ;
#6799 = CARTESIAN_POINT ( 'NONE',  ( 208.8999999999998067, 190.5000000000000284, -0.001363282941627991891 ) ) ;
#6800 = CARTESIAN_POINT ( 'NONE',  ( 209.8162976801884554, -190.4999998435760062, 0.002375595569087477540 ) ) ;
#6801 = CARTESIAN_POINT ( 'NONE',  ( 156.8929331979725248, -137.2723794664542538, 27.65145245173637534 ) ) ;
#6802 = CARTESIAN_POINT ( 'NONE',  ( -47.92034852154860403, -42.87689984597034254, 46.65041764724576012 ) ) ;
#6803 = ORIENTED_EDGE ( 'NONE', *, *, #6015, .F. ) ;
#6804 = ORIENTED_EDGE ( 'NONE', *, *, #1644, .T. ) ;
#6805 = CYLINDRICAL_SURFACE ( 'NONE', #333, 7.500000000000007105 ) ;
#6806 = CARTESIAN_POINT ( 'NONE',  ( -214.4976678967873056, 187.8018270398243885, -0.02036510045201300398 ) ) ;
#6807 = CARTESIAN_POINT ( 'NONE',  ( 215.7020244084989145, -185.3302988632371751, 0.4959661729876945202 ) ) ;
#6808 = CARTESIAN_POINT ( 'NONE',  ( -211.9030323972571068, -187.0792102149105745, 7.696721086239868725 ) ) ;
#6809 = CARTESIAN_POINT ( 'NONE',  ( 211.1744729513868037, -188.3518965641028160, 4.896128861297067481 ) ) ;
#6810 = CARTESIAN_POINT ( 'NONE',  ( -144.8780047562562743, 128.0936925504768453, 30.10742467731516925 ) ) ;
#6811 = CARTESIAN_POINT ( 'NONE',  ( -212.3987296806656104, 182.4104276442288324, 7.038895367501437406 ) ) ;
#6812 = CARTESIAN_POINT ( 'NONE',  ( -9.679359862525895863, -33.72388390879178388, 58.08725268256434759 ) ) ;
#6813 = CARTESIAN_POINT ( 'NONE',  ( -215.8985590222141582, 184.4161976429120671, 0.1485678510878865599 ) ) ;
#6814 = CARTESIAN_POINT ( 'NONE',  ( 214.3644411650303994, 183.2566145001659947, 4.687113910681067530 ) ) ;
#6815 = CARTESIAN_POINT ( 'NONE',  ( 212.1146291289527710, -189.3954142290336051, 2.245554899620146649 ) ) ;
#6816 = LINE ( 'NONE', #2449, #4153 ) ;
#6817 = CARTESIAN_POINT ( 'NONE',  ( 107.5994661170600182, -94.31231090978555187, 37.23019983921782483 ) ) ;
#6818 = CARTESIAN_POINT ( 'NONE',  ( 208.6562603201193724, -185.6685193848254301, 8.259250919888735609 ) ) ;
#6819 = CARTESIAN_POINT ( 'NONE',  ( -42.93794217040522199, 38.29452185912022344, 47.43390456731324889 ) ) ;
#6820 = ADVANCED_FACE ( 'NONE', ( #5025, #717 ), #7422, .T. ) ;
#6821 = CARTESIAN_POINT ( 'NONE',  ( -206.6585440801009668, 178.6300539312044577, 11.30527663240578562 ) ) ;
#6822 = CARTESIAN_POINT ( 'NONE',  ( -214.7248243735807023, 186.9336206689222593, 2.074530635359150388 ) ) ;
#6823 = DIRECTION ( 'NONE',  ( 1.000000000000000000, 0.000000000000000000, 0.000000000000000000 ) ) ;
#6824 = CARTESIAN_POINT ( 'NONE',  ( 225.8999999999999488, 150.0000000000000000, 50.00000000000000000 ) ) ;
#6825 = CARTESIAN_POINT ( 'NONE',  ( -215.1172184268531566, 186.3344395875724615, 1.572877911701179965 ) ) ;
#6826 = CARTESIAN_POINT ( 'NONE',  ( 215.8999999999999488, -183.5000000000000000, -0.7499908772981371818 ) ) ;
#6827 = EDGE_CURVE ( 'NONE', #2399, #1086, #4343, .T. ) ;
#6828 = CARTESIAN_POINT ( 'NONE',  ( 200.7475375756868630, -180.4025979135695650, 12.45174508217725773 ) ) ;
#6829 = CARTESIAN_POINT ( 'NONE',  ( -191.4476604718472288, 170.2074903043082656, 17.46187209812180186 ) ) ;
#6830 = CARTESIAN_POINT ( 'NONE',  ( -208.6295340906186198, 189.7616208796758315, 3.419196319289372177 ) ) ;
#6831 = CARTESIAN_POINT ( 'NONE',  ( 214.2748092083117228, -186.7039387154140115, 3.369397164876559714 ) ) ;
#6832 = CARTESIAN_POINT ( 'NONE',  ( 34.03079369730117065, 8.246416371677305790, 58.60438097380099975 ) ) ;
#6833 = CARTESIAN_POINT ( 'NONE',  ( 211.1642468126243841, -190.3059319666527927, -9.411889106171555050E-13 ) ) ;
#6834 = CARTESIAN_POINT ( 'NONE',  ( 214.0246811026920852, 188.0201653249468450, 1.574281932890415847 ) ) ;
#6835 = CARTESIAN_POINT ( 'NONE',  ( 215.9000021568454599, 190.5000009772664953, -0.001208055735959602701 ) ) ;
#6836 = CARTESIAN_POINT ( 'NONE',  ( 213.8497428313906426, -188.4497459654597549, 0.007987188307990653047 ) ) ;
#6837 = CARTESIAN_POINT ( 'NONE',  ( 168.2548480360577514, -147.1789780617697545, 24.93889335480085379 ) ) ;
#6838 = CARTESIAN_POINT ( 'NONE',  ( -225.8999999999999204, -150.0000000000000000, 37.50000000000000000 ) ) ;
#6839 = EDGE_LOOP ( 'NONE', ( #7223, #5624, #2166, #1853 ) ) ;
#6840 = ORIENTED_EDGE ( 'NONE', *, *, #4583, .T. ) ;
#6841 = CARTESIAN_POINT ( 'NONE',  ( 41.20156741208987228, 14.14370605055419539, 48.75937952961250943 ) ) ;
#6842 = CARTESIAN_POINT ( 'NONE',  ( -215.7178087366783075, 185.3322351905149503, -0.1419693965932708468 ) ) ;
#6843 = CARTESIAN_POINT ( 'NONE',  ( 212.4229014475396582, -189.6154433203643919, 0.1836384615521573782 ) ) ;
#6844 = CARTESIAN_POINT ( 'NONE',  ( -208.7268632954981342, -189.9977747232104264, 2.820898270269411867 ) ) ;
#6845 = DIRECTION ( 'NONE',  ( 0.6558751247191436651, -0.7547003787748475245, -0.01597369874981098212 ) ) ;
#6846 = CARTESIAN_POINT ( 'NONE',  ( 213.7872382306714485, -185.4762472869702492, 4.876521022537624539 ) ) ;
#6847 = CARTESIAN_POINT ( 'NONE',  ( -137.7210843845892327, 121.0093544469434619, 31.69949310545270293 ) ) ;
#6848 = TOROIDAL_SURFACE ( 'NONE', #1069, 8.000000000000000000, 2.000000000000000000 ) ;
#6849 = CARTESIAN_POINT ( 'NONE',  ( -211.8018365776863732, 185.0399636940800292, 6.997815683931143838 ) ) ;
#6850 = CARTESIAN_POINT ( 'NONE',  ( 215.5069751644172413, -185.2860619256933887, 1.572928128597571806 ) ) ;
#6851 = CARTESIAN_POINT ( 'NONE',  ( -215.0161577945025044, 187.0252550419303361, 0.07212399469021221754 ) ) ;
#6852 = CARTESIAN_POINT ( 'NONE',  ( 211.5217606276742686, 186.7309567875302889, 8.020274511518485028 ) ) ;
#6853 = CARTESIAN_POINT ( 'NONE',  ( 215.4367301801339636, -183.4796999803986637, 2.600029563413652323 ) ) ;
#6854 = CARTESIAN_POINT ( 'NONE',  ( -44.97916666666671404, -190.5000000000000000, 13.92555908092535333 ) ) ;
#6855 = CARTESIAN_POINT ( 'NONE',  ( 107.2887400094322885, -94.66431210974569410, 37.22553660591773195 ) ) ;
#6856 = CARTESIAN_POINT ( 'NONE',  ( 208.1593865647208190, -185.1737819869257748, 8.720146183610122392 ) ) ;
#6857 = CARTESIAN_POINT ( 'NONE',  ( -39.16499652453268254, 34.96623616250162314, 48.00835367855571434 ) ) ;
#6858 = ORIENTED_EDGE ( 'NONE', *, *, #4771, .T. ) ;
#6859 = CARTESIAN_POINT ( 'NONE',  ( -203.8445254646125022, 181.0543304533892695, 11.84682906126790058 ) ) ;
#6860 = CARTESIAN_POINT ( 'NONE',  ( -215.1322876932274255, 186.1245372422892217, 1.857175633704746698 ) ) ;
#6861 = CARTESIAN_POINT ( 'NONE',  ( 205.8612330879903709, 185.8081857245941535, 8.544109349658542740 ) ) ;
#6862 = CARTESIAN_POINT ( 'NONE',  ( -215.7310329846468449, 144.6158965817743933, 1.580040131429761185 ) ) ;
#6863 = VERTEX_POINT ( 'NONE', #3644 ) ;
#6864 = CARTESIAN_POINT ( 'NONE',  ( 139.2296901347735059, -192.2351554116422392, -2.602085213965210642E-15 ) ) ;
#6865 = CARTESIAN_POINT ( 'NONE',  ( 211.5787840265556099, -189.9671567275789812, -1.398547123383684143 ) ) ;
#6866 = CARTESIAN_POINT ( 'NONE',  ( 201.0519363514405597, -180.1521978120536289, 12.61534939705155267 ) ) ;
#6867 = EDGE_CURVE ( 'NONE', #5921, #2172, #3441, .T. ) ;
#6868 = CYLINDRICAL_SURFACE ( 'NONE', #6892, 10.00000000000000888 ) ;
#6869 = CARTESIAN_POINT ( 'NONE',  ( -187.4318988445197078, 163.3859872728473874, 19.48700940265249670 ) ) ;
#6870 = CARTESIAN_POINT ( 'NONE',  ( 18.49227996816957642, -38.98124533573347605, 48.48252893085599169 ) ) ;
#6871 = CARTESIAN_POINT ( 'NONE',  ( -213.5421348942347208, 187.2585373514100127, 3.903667841757513024 ) ) ;
#6872 = CARTESIAN_POINT ( 'NONE',  ( 209.5279459002147462, -189.9910424973405725, 2.860539961506152640 ) ) ;
#6873 = CARTESIAN_POINT ( 'NONE',  ( -225.8999999999999204, 150.0000000000000000, 50.00000000000000000 ) ) ;
#6874 = DIRECTION ( 'NONE',  ( 0.000000000000000000, 0.000000000000000000, -1.000000000000000000 ) ) ;
#6875 = CARTESIAN_POINT ( 'NONE',  ( 215.8999968184421618, 183.4999999352311306, 0.007185763633341763108 ) ) ;
#6876 = CARTESIAN_POINT ( 'NONE',  ( 215.0164993272396998, -187.0253316435595252, 0.008797589782995681937 ) ) ;
#6877 = CARTESIAN_POINT ( 'NONE',  ( 178.0158418866886905, -158.8352721132561385, 21.69767513511013490 ) ) ;
#6878 = CARTESIAN_POINT ( 'NONE',  ( -36.55504966672669553, -32.59945513086510971, 48.41213578246913585 ) ) ;
#6879 = VECTOR ( 'NONE', #6122, 1000.000000000000000 ) ;
#6880 = EDGE_CURVE ( 'NONE', #813, #6034, #154, .T. ) ;
#6881 = ORIENTED_EDGE ( 'NONE', *, *, #2359, .F. ) ;
#6882 = CARTESIAN_POINT ( 'NONE',  ( 26.17504674781966756, 23.23671594091049286, 50.00190764041952463 ) ) ;
#6883 = CARTESIAN_POINT ( 'NONE',  ( 42.31943576351697089, -10.39974054800977399, 48.71591924523457351 ) ) ;
#6884 = CARTESIAN_POINT ( 'NONE',  ( -215.9000000000000625, 183.5000000000000000, -0.02036510045201300398 ) ) ;
#6885 = AXIS2_PLACEMENT_3D ( 'NONE', #7348, #4916, #6239 ) ;
#6886 = CARTESIAN_POINT ( 'NONE',  ( 209.8158437818107984, -190.4996087511918574, 0.08207419355695581842 ) ) ;
#6887 = CARTESIAN_POINT ( 'NONE',  ( -207.2259755849456724, -187.4940699056764402, 6.857187860072672336 ) ) ;
#6888 = DIRECTION ( 'NONE',  ( -1.000000000000000000, 0.000000000000000000, 0.000000000000000000 ) ) ;
#6889 = B_SPLINE_CURVE_WITH_KNOTS ( 'NONE', 3,
 ( #6660, #3039, #633, #2767, #3405, #7705, #4601, #6991, #4006, #6734, #5484, #3745, #3120, #5560, #197, #3784, #6187, #1305, #234, #3231, #3156, #6812, #2009, #85, #1344, #6152, #746, #2595, #4428, #2634, #7296, #3824 ),
 .UNSPECIFIED., .F., .F.,
 ( 4, 2, 2, 2, 2, 2, 2, 2, 2, 2, 2, 2, 2, 2, 2, 4 ),
 ( 0.000000000000000000, 0.007298532915215954174, 0.01094779937282392562, 0.01277243260162791265, 0.01459706583043189794, 0.02189559874564785472, 0.02372023197445184695, 0.02554486520325583224, 0.02919413166086381670, 0.03284339811847179075, 0.03649266457607976827, 0.04379119749129573025, 0.04561583072009971901, 0.04744046394890372165, 0.05108973040651171998, 0.05838826332172772360 ),
 .UNSPECIFIED. ) ;
#6890 = CARTESIAN_POINT ( 'NONE',  ( 212.4168884395262467, -187.3911897256387533, 4.918199130979105327 ) ) ;
#6891 = CARTESIAN_POINT ( 'NONE',  ( -167.7851192883763360, 147.7188954228082878, 24.96311261333529430 ) ) ;
#6892 = AXIS2_PLACEMENT_3D ( 'NONE', #6792, #251, #5540 ) ;
#6893 = CARTESIAN_POINT ( 'NONE',  ( -211.5480893842245962, 185.7119823977851638, 6.844783533356102900 ) ) ;
#6894 = CARTESIAN_POINT ( 'NONE',  ( -35.00024297744329971, -2.113960433919225057, 50.00062484168462618 ) ) ;
#6895 = CARTESIAN_POINT ( 'NONE',  ( -210.7321081048722249, 190.3177284447871216, 0.04156193057375620614 ) ) ;
#6896 = CARTESIAN_POINT ( 'NONE',  ( 214.2189974357631002, -187.6952676945022347, 2.031642994511675404 ) ) ;
#6897 = DIRECTION ( 'NONE',  ( 1.000000000000000000, -0.000000000000000000, -0.000000000000000000 ) ) ;
#6898 = VECTOR ( 'NONE', #7038, 1000.000000000000000 ) ;
#6899 = CARTESIAN_POINT ( 'NONE',  ( 208.9103669902598028, -185.9262457963988027, 8.000173438186557462 ) ) ;
#6900 = CARTESIAN_POINT ( 'NONE',  ( -61.87015192577226230, 54.86341301399599502, 44.55101716310704774 ) ) ;
#6901 = ORIENTED_EDGE ( 'NONE', *, *, #2054, .F. ) ;
#6902 = CARTESIAN_POINT ( 'NONE',  ( -205.4486312422332048, 181.2485561736899626, 11.36227309157960441 ) ) ;
#6903 = CARTESIAN_POINT ( 'NONE',  ( -209.7847914595972441, 190.4681007657542011, 0.7402812371661221524 ) ) ;
#6904 = CARTESIAN_POINT ( 'NONE',  ( 206.2056705103426566, 186.2127285743637515, 8.174870166005209882 ) ) ;
#6905 = CARTESIAN_POINT ( 'NONE',  ( 16.41808550872093520, 30.91637535729952191, 58.38244303052228901 ) ) ;
#6906 = DIRECTION ( 'NONE',  ( 1.000000000000000000, 0.000000000000000000, 0.000000000000000000 ) ) ;
#6907 = CARTESIAN_POINT ( 'NONE',  ( -209.2994167012817570, 190.3396747670646789, 1.597415359924454492 ) ) ;
#6908 = CARTESIAN_POINT ( 'NONE',  ( 203.8874514858586338, -177.0482474546346054, 12.84665081037835677 ) ) ;
#6909 = CARTESIAN_POINT ( 'NONE',  ( -216.0726525629541186, -183.9725758257962127, 0.000000000000000000 ) ) ;
#6910 = CARTESIAN_POINT ( 'NONE',  ( -190.8570690346046490, 167.1193660858981218, 18.23935163332192744 ) ) ;
#6911 = CARTESIAN_POINT ( 'NONE',  ( -209.4992708416829714, 189.9338349362636222, 3.018941582510631605 ) ) ;
#6912 = CARTESIAN_POINT ( 'NONE',  ( 213.2713797199804446, -188.1128199923673492, 3.048666701097447085 ) ) ;
#6913 = FACE_OUTER_BOUND ( 'NONE', #5458, .T. ) ;
#6914 = CARTESIAN_POINT ( 'NONE',  ( -35.00000000000000711, 0.000000000000000000, 127.0000000000000568 ) ) ;
#6915 = CARTESIAN_POINT ( 'NONE',  ( -174.0371027598725107, -192.2711132811753600, -4.553649124439118623E-14 ) ) ;
#6916 = CARTESIAN_POINT ( 'NONE',  ( 208.8999999999999204, -190.4999999999999716, -0.04063248314206800715 ) ) ;
#6917 = CARTESIAN_POINT ( 'NONE',  ( 175.9994325459816196, -153.5734890504147359, 22.94069612164411254 ) ) ;
#6918 = CARTESIAN_POINT ( 'NONE',  ( -193.3701553021282109, -173.3031883696068007, 16.14771205500031570 ) ) ;
#6919 = CARTESIAN_POINT ( 'NONE',  ( 6.061113671515051315, 42.35967822727025833, 48.22384201443043139 ) ) ;
#6920 = ORIENTED_EDGE ( 'NONE', *, *, #2591, .T. ) ;
#6921 = EDGE_CURVE ( 'NONE', #2188, #1724, #280, .T. ) ;
#6922 = DIRECTION ( 'NONE',  ( -0.000000000000000000, -0.000000000000000000, -1.000000000000000000 ) ) ;
#6923 = CARTESIAN_POINT ( 'NONE',  ( 42.98846844260271638, -6.551166130568485180, 48.68786790371098760 ) ) ;
#6924 = CARTESIAN_POINT ( 'NONE',  ( -215.9000000000000625, 184.4162978572970246, -0.04063248314221953178 ) ) ;
#6925 = CARTESIAN_POINT ( 'NONE',  ( 209.8144211062814861, -190.4984001617582976, 0.1660232500845421066 ) ) ;
#6926 = CARTESIAN_POINT ( 'NONE',  ( -214.9647054913717170, -183.4099997101861845, 3.667873529218609985 ) ) ;
#6927 = SURFACE_SIDE_STYLE ('',( #7560 ) ) ;
#6928 = CARTESIAN_POINT ( 'NONE',  ( 212.9556459787832807, -186.8189848062890803, 4.985382239424797746 ) ) ;
#6929 = CARTESIAN_POINT ( 'NONE',  ( -159.7919396990305927, 141.5788882307437575, 26.76941879400231272 ) ) ;
#6930 = CARTESIAN_POINT ( 'NONE',  ( -208.9112310189229333, 187.7766539306358311, 6.422986354323886538 ) ) ;
#6931 = CARTESIAN_POINT ( 'NONE',  ( -32.00094551064248094, -14.33131270614621577, 50.00914480863965395 ) ) ;
#6932 = CARTESIAN_POINT ( 'NONE',  ( -215.8996835033240416, 183.4999964988568593, 0.06963033074436913994 ) ) ;
#6933 = CARTESIAN_POINT ( 'NONE',  ( 215.4746999988479672, -184.3604255941584142, 2.483284510067162110 ) ) ;
#6934 = CARTESIAN_POINT ( 'NONE',  ( 80.96249999999997726, -190.4999999999999716, 0.000000000000000000 ) ) ;
#6935 = CARTESIAN_POINT ( 'NONE',  ( 207.2862192536337602, -186.7093493154922896, 7.704169235918706171 ) ) ;
#6936 = CARTESIAN_POINT ( 'NONE',  ( -84.38305089831668226, 74.98297519862958893, 40.96376721231133189 ) ) ;
#6937 = ORIENTED_EDGE ( 'NONE', *, *, #5056, .T. ) ;
#6938 = CARTESIAN_POINT ( 'NONE',  ( -205.3771568214061745, 183.1563386818301638, 10.50470198835523306 ) ) ;
#6939 = CARTESIAN_POINT ( 'NONE',  ( -208.8899240934100874, 190.4739666786943815, 0.6487552898028576820 ) ) ;
#6940 = CARTESIAN_POINT ( 'NONE',  ( -215.8999999999999204, -200.5000000000000284, 70.00000000000000000 ) ) ;
#6941 = CARTESIAN_POINT ( 'NONE',  ( -215.7340580876350202, -5.165593896893784454, 1.589629993104921368 ) ) ;
#6942 = ORIENTED_EDGE ( 'NONE', *, *, #3018, .T. ) ;
#6943 = CARTESIAN_POINT ( 'NONE',  ( -26.13270092407794465, 23.28365645522039173, 58.93389587689770082 ) ) ;
#6944 = DIRECTION ( 'NONE',  ( -1.000000000000000000, 0.000000000000000000, 0.000000000000000000 ) ) ;
#6945 = CARTESIAN_POINT ( 'NONE',  ( 201.8648953063419924, -177.5401877694957307, 13.52405329187037708 ) ) ;
#6946 = CARTESIAN_POINT ( 'NONE',  ( -214.4472702230261802, -187.4898280231988963, 1.573570932197400074 ) ) ;
#6947 = CARTESIAN_POINT ( 'NONE',  ( -199.1835213279790366, 172.7874350064989812, 15.07323170646668231 ) ) ;
#6948 = CARTESIAN_POINT ( 'NONE',  ( 21.24936354821313600, -37.69183638184997420, 48.56767648825550765 ) ) ;
#6949 = CARTESIAN_POINT ( 'NONE',  ( -213.1938802808988669, 187.0008844910494759, 4.588367225639001568 ) ) ;
#6950 = CARTESIAN_POINT ( 'NONE',  ( 215.1536212401759371, -183.4437983335889157, 3.281183260921993305 ) ) ;
#6951 = LINE ( 'NONE', #7582, #4901 ) ;
#6952 = FACE_OUTER_BOUND ( 'NONE', #7063, .T. ) ;
#6953 = ORIENTED_EDGE ( 'NONE', *, *, #3653, .F. ) ;
#6954 = CARTESIAN_POINT ( 'NONE',  ( -34.80829728618011387, -190.2600137292279214, 1.331077926356454721 ) ) ;
#6955 = CARTESIAN_POINT ( 'NONE',  ( 210.7322351905149560, -190.3178087366781881, -0.02036510045189748180 ) ) ;
#6956 = CARTESIAN_POINT ( 'NONE',  ( 174.1180513973374957, -155.6472841497554214, 22.74465482517492276 ) ) ;
#6957 = CARTESIAN_POINT ( 'NONE',  ( -33.41304611438589944, -30.14246753930156686, 58.92519608697414668 ) ) ;
#6958 = CARTESIAN_POINT ( 'NONE',  ( 24.57135065374393434, 35.83657414347149484, 48.67987100428548786 ) ) ;
#6959 = CARTESIAN_POINT ( 'NONE',  ( -26.17504674781984164, -23.23671594091036496, 50.00190764041951752 ) ) ;
#6960 = CARTESIAN_POINT ( 'NONE',  ( 6.213040362038879216, 34.45012637903632680, 50.00738162586934976 ) ) ;
#6961 = CARTESIAN_POINT ( 'NONE',  ( 34.99988099358128579, -1.050526071874299694, 58.54592011390949580 ) ) ;
#6962 = CARTESIAN_POINT ( 'NONE',  ( -213.2018270398244226, 189.0976678967872715, -0.1014346312128484584 ) ) ;
#6963 = CARTESIAN_POINT ( 'NONE',  ( 215.8978042949888163, -184.4161459859060130, 0.1793819786497027058 ) ) ;
#6964 = CARTESIAN_POINT ( 'NONE',  ( -210.5041728529007798, -185.8078519677389977, 8.822073771847325219 ) ) ;
#6965 =( LENGTH_UNIT ( ) NAMED_UNIT ( * ) SI_UNIT ( .MILLI., .METRE. ) );
#6966 = AXIS2_PLACEMENT_3D ( 'NONE', #7497, #1586, #356 ) ;
#6967 = CARTESIAN_POINT ( 'NONE',  ( 213.8757956910177995, -186.4623678904386281, 4.202960756108160112 ) ) ;
#6968 = EDGE_CURVE ( 'NONE', #929, #3518, #4515, .T. ) ;
#6969 = CARTESIAN_POINT ( 'NONE',  ( -212.6732151772033603, 184.8075152776119978, 6.337505967228670656 ) ) ;
#6970 = CARTESIAN_POINT ( 'NONE',  ( -12.22846795543653720, -32.88657680617897938, 50.02092377001413581 ) ) ;
#6971 = CARTESIAN_POINT ( 'NONE',  ( -38.73036735528551588, 20.21650914135064880, 48.84509916720433864 ) ) ;
#6972 = CARTESIAN_POINT ( 'NONE',  ( -213.2011344850679961, 189.0974068393706489, 0.09960140315958435075 ) ) ;
#6973 = CARTESIAN_POINT ( 'NONE',  ( 210.6771590116531740, -190.2775442609287211, 0.8973067124742009071 ) ) ;
#6974 = CARTESIAN_POINT ( 'NONE',  ( -45.97405463901899481, -111.8991599288777934, 32.44865405788787882 ) ) ;
#6975 = CARTESIAN_POINT ( 'NONE',  ( 210.3197087325425514, -186.4287362522173908, 7.099929353695857870 ) ) ;
#6976 = CARTESIAN_POINT ( 'NONE',  ( -69.77586094439816122, 61.11578709271407206, 43.39003956182773436 ) ) ;
#6977 = VERTEX_POINT ( 'NONE', #7460 ) ;
#6978 = CARTESIAN_POINT ( 'NONE',  ( -206.8813125095705345, 180.5581692060841590, 10.99419741524089389 ) ) ;
#6979 = CARTESIAN_POINT ( 'NONE',  ( -215.1904261310432105, 186.1412059700494694, 1.608462873522662706 ) ) ;
#6980 = CARTESIAN_POINT ( 'NONE',  ( 176.8928855750804132, 158.1583109437494272, 21.94172620110297345 ) ) ;
#6981 = CARTESIAN_POINT ( 'NONE',  ( 214.5843832869661867, 187.8808846258375524, -5.009235282561641952E-12 ) ) ;
#6982 = CARTESIAN_POINT ( 'NONE',  ( 43.01888157512631494, -38.20307885802432679, 47.44003347328173703 ) ) ;
#6983 = VERTEX_POINT ( 'NONE', #1546 ) ;
#6984 = FACE_OUTER_BOUND ( 'NONE', #1781, .T. ) ;
#6985 = CARTESIAN_POINT ( 'NONE',  ( -214.6897580439630531, 187.1289231031812506, 1.573246522574886397 ) ) ;
#6986 = CARTESIAN_POINT ( 'NONE',  ( 202.8955725575094107, -176.2572308848712623, 13.33998361863630322 ) ) ;
#6987 = CARTESIAN_POINT ( 'NONE',  ( -213.5164598747858520, -190.9806094290109684, 0.000000000000000000 ) ) ;
#6988 = CARTESIAN_POINT ( 'NONE',  ( -194.9174283611653777, 173.8373168838895140, 15.88264348066183551 ) ) ;
#6989 = CARTESIAN_POINT ( 'NONE',  ( -7.560844771056470570, 42.12593028767381753, 48.24351268767414780 ) ) ;
#6990 = CARTESIAN_POINT ( 'NONE',  ( -209.3868123334018776, 189.7150569295686751, 3.551246356309708307 ) ) ;
#6991 = CARTESIAN_POINT ( 'NONE',  ( 15.31791585181004756, -31.47596029149726959, 58.32843540850683439 ) ) ;
#6992 = CARTESIAN_POINT ( 'NONE',  ( -35.00000000000000711, 0.000000000000000000, 85.00000000000000000 ) ) ;
#6993 = CARTESIAN_POINT ( 'NONE',  ( 215.8999999999999204, 190.5000000000000568, 70.00000000000000000 ) ) ;
#6994 = ORIENTED_EDGE ( 'NONE', *, *, #5002, .F. ) ;
#6995 = CARTESIAN_POINT ( 'NONE',  ( 215.8999999999998636, 183.4999999999994600, -0.1011166486430241790 ) ) ;
#6996 = CARTESIAN_POINT ( 'NONE',  ( 215.7178087366781654, -185.3322351905149503, -0.02036510045189751650 ) ) ;
#6997 = CARTESIAN_POINT ( 'NONE',  ( 172.2026346443058458, -150.2886005675273111, 23.95650885383918194 ) ) ;
#6998 = CARTESIAN_POINT ( 'NONE',  ( 35.00000000000000711, 4.286263797015737285E-15, 127.0000000000000568 ) ) ;
#6999 = EDGE_LOOP ( 'NONE', ( #1153, #5852, #3221, #3408 ) ) ;
#7000 = CARTESIAN_POINT ( 'NONE',  ( 18.50088060550779545, 38.97758053496441732, 48.48277935257582527 ) ) ;
#7001 = CARTESIAN_POINT ( 'NONE',  ( 43.44105655567983604, 2.621658938942065920, 48.66820782029431314 ) ) ;
#7002 = CARTESIAN_POINT ( 'NONE',  ( -208.9000000000000341, 190.5000000000000000, -1.074269000342903180 ) ) ;
#7003 = CARTESIAN_POINT ( 'NONE',  ( 207.8173167822227754, 188.3265425367708303, 5.838344657677091654 ) ) ;
#7004 = CARTESIAN_POINT ( 'NONE',  ( 212.4251950349517415, -189.6164435123523333, 0.04397395343737583312 ) ) ;
#7005 = CARTESIAN_POINT ( 'NONE',  ( 100.2314935276410637, -87.44768702502280178, 38.48842170529475482 ) ) ;
#7006 = CARTESIAN_POINT ( 'NONE',  ( -215.8984804119091621, -190.4993173918254570, 0.1580049317433540323 ) ) ;
#7007 = CARTESIAN_POINT ( 'NONE',  ( 174.0389508867740176, 190.3212143446081086, 1.552118192295418808 ) ) ;
#7008 = CLOSED_SHELL ( 'NONE', ( #4626, #6820, #1343, #4483, #180, #2633, #7599, #2729, #1247, #5531, #1538, #2453 ) ) ;
#7009 = CARTESIAN_POINT ( 'NONE',  ( 211.4547461058168665, -188.6733339819398054, 4.292199588008574374 ) ) ;
#7010 = CARTESIAN_POINT ( 'NONE',  ( -208.4612336181685350, 189.4098935607035514, 4.142852395640971963 ) ) ;
#7011 = CARTESIAN_POINT ( 'NONE',  ( -22.77458833902553081, -26.69081028365341979, 50.01803765016325798 ) ) ;
#7012 = CARTESIAN_POINT ( 'NONE',  ( -32.35547150383490589, 13.35729992627533136, 50.00857109789271249 ) ) ;
#7013 = CARTESIAN_POINT ( 'NONE',  ( -208.8999964626507619, 190.4999914724917573, 0.01195144122816487603 ) ) ;
#7014 = CARTESIAN_POINT ( 'NONE',  ( 214.7819570880034803, -186.9566376787983586, 1.857387149000270465 ) ) ;
#7015 = CARTESIAN_POINT ( 'NONE',  ( 197.9083333333333030, -190.4999999999999432, 0.000000000000000000 ) ) ;
#7016 = CARTESIAN_POINT ( 'NONE',  ( 211.9698043156441543, -185.1613516195991167, 6.817143127590513885 ) ) ;
#7017 = CARTESIAN_POINT ( 'NONE',  ( -84.90920565616657711, 74.39018846882538583, 40.99368121919572872 ) ) ;
#7018 = AXIS2_PLACEMENT_3D ( 'NONE', #6824, #913, #5723 ) ;
#7019 = VERTEX_POINT ( 'NONE', #5798 ) ;
#7020 = CARTESIAN_POINT ( 'NONE',  ( -207.3922125515548203, 180.9636394467783873, 10.67773076142316846 ) ) ;
#7021 = EDGE_CURVE ( 'NONE', #4057, #6254, #2941, .T. ) ;
#7022 = CARTESIAN_POINT ( 'NONE',  ( -214.4634221974829131, 187.7924665658181596, 0.6931405761375493135 ) ) ;
#7023 = AXIS2_PLACEMENT_3D ( 'NONE', #6097, #3734, #6138 ) ;
#7024 = CARTESIAN_POINT ( 'NONE',  ( 92.20423261212712873, 81.35824838647218371, 39.81407096952163727 ) ) ;
#7025 = CARTESIAN_POINT ( 'NONE',  ( 214.8216744444428628, 186.9312707469910606, 1.573071847101236820 ) ) ;
#7026 = CARTESIAN_POINT ( 'NONE',  ( 31.74154546194195348, -28.17067182126346481, 49.15777176593338282 ) ) ;
#7027 = CARTESIAN_POINT ( 'NONE',  ( -225.8999999999999204, 200.5000000000000568, 70.00000000000000000 ) ) ;
#7028 = CARTESIAN_POINT ( 'NONE',  ( -215.8999999999999204, 190.5000000000000853, 70.00000000000000000 ) ) ;
#7029 = CARTESIAN_POINT ( 'NONE',  ( 205.3643962880912284, -179.3417230198516279, 11.89322878255768678 ) ) ;
#7030 = CARTESIAN_POINT ( 'NONE',  ( -215.8318011553283213, -185.3593352489645554, 6.505213034913028182E-15 ) ) ;
#7031 = EDGE_LOOP ( 'NONE', ( #6274, #3602, #312, #6328 ) ) ;
#7032 = EDGE_CURVE ( 'NONE', #7019, #1317, #5969, .T. ) ;
#7033 = CARTESIAN_POINT ( 'NONE',  ( -196.8352451243884502, 173.6579684118539717, 15.69605993099038699 ) ) ;
#7034 = CARTESIAN_POINT ( 'NONE',  ( 19.18698858135468654, -38.67771143311171755, 48.50322226264395908 ) ) ;
#7035 = CARTESIAN_POINT ( 'NONE',  ( -215.8999999999999773, -190.5000000000000000, -1.073949472243972858 ) ) ;
#7036 = CARTESIAN_POINT ( 'NONE',  ( -210.7794635722567307, 189.0589488626206105, 4.068898233536577536 ) ) ;
#7037 = CARTESIAN_POINT ( 'NONE',  ( -25.98792475563373827, -23.44414141945744490, 58.92519608697404720 ) ) ;
#7038 = DIRECTION ( 'NONE',  ( -0.000000000000000000, -0.000000000000000000, 1.000000000000000000 ) ) ;
#7039 = CARTESIAN_POINT ( 'NONE',  ( 217.1170837965940734, -186.6150451909549020, 0.000000000000000000 ) ) ;
#7040 = ORIENTED_EDGE ( 'NONE', *, *, #2769, .T. ) ;
#7041 = DIRECTION ( 'NONE',  ( 1.000000000000000000, 0.000000000000000000, 0.000000000000000000 ) ) ;
#7042 = CARTESIAN_POINT ( 'NONE',  ( 208.8999999999999773, -190.4999999999999716, -0.1419693965929391122 ) ) ;
#7043 = CARTESIAN_POINT ( 'NONE',  ( 189.1500882155782222, -165.2484172722109008, 18.89177786404886206 ) ) ;
#7044 = CARTESIAN_POINT ( 'NONE',  ( 35.00000000000000711, 4.286263797015737285E-15, 70.00000000000000000 ) ) ;
#7045 = VERTEX_POINT ( 'NONE', #2757 ) ;
#7046 = CARTESIAN_POINT ( 'NONE',  ( 24.57875245600366299, 35.83189159502767751, 48.68013484181787476 ) ) ;
#7047 = CARTESIAN_POINT ( 'NONE',  ( 225.8999999999999488, 190.5000000000000853, 2.000000000000001776 ) ) ;
#7048 = CARTESIAN_POINT ( 'NONE',  ( -208.9000000000000341, 190.5000000000000000, -0.7499908772995507178 ) ) ;
#7049 = CARTESIAN_POINT ( 'NONE',  ( 213.8266206583304836, 188.8524617333780498, 5.704499676035148070 ) ) ;
#7050 = CARTESIAN_POINT ( 'NONE',  ( 208.8999368031745973, -190.4998486080966700, 0.05024800547886416197 ) ) ;
#7051 = CARTESIAN_POINT ( 'NONE',  ( 92.00753166028121655, -81.55635674561266057, 39.74927169517136605 ) ) ;
#7052 = CARTESIAN_POINT ( 'NONE',  ( -208.8973148910216366, -190.4935710400503694, 0.3308583526231533845 ) ) ;
#7053 = CARTESIAN_POINT ( 'NONE',  ( -37.91288587616671890, -9.932388234532687932, 50.00000000000000000 ) ) ;
#7054 = CARTESIAN_POINT ( 'NONE',  ( 212.7670866019190612, -187.6953571927708424, 4.256666152906997347 ) ) ;
#7055 = VERTEX_POINT ( 'NONE', #2092 ) ;
#7056 = CARTESIAN_POINT ( 'NONE',  ( -213.3656608236345562, 182.8783225954893510, 6.000914154298174985 ) ) ;
#7057 = CARTESIAN_POINT ( 'NONE',  ( -40.54674641203297369, 16.00974215509770104, 48.78345806961745268 ) ) ;
#7058 = CARTESIAN_POINT ( 'NONE',  ( -215.3670312991912681, 186.1787620363987514, 0.04262752189698598704 ) ) ;
#7059 = CARTESIAN_POINT ( 'NONE',  ( 213.6713519643744235, -188.3777085472055148, 1.604290861349340735 ) ) ;
#7060 = CARTESIAN_POINT ( 'NONE',  ( -50.99996655410685520, -44.36398686891264020, 46.29138554086234336 ) ) ;
#7061 = CARTESIAN_POINT ( 'NONE',  ( 212.8726341997603413, -182.6485005140720546, 6.548157670925255580 ) ) ;
#7062 = CARTESIAN_POINT ( 'NONE',  ( -62.07252168736462750, 54.63477492337899832, 44.56201023643861703 ) ) ;
#7063 = EDGE_LOOP ( 'NONE', ( #6803, #2713, #6901, #376, #6633, #2845, #282, #100 ) ) ;
#7064 = CARTESIAN_POINT ( 'NONE',  ( -208.9650295965580540, 182.1833403661280499, 9.615177697896850617 ) ) ;
#7065 = CARTESIAN_POINT ( 'NONE',  ( -211.5488767996738488, 189.9517133305699872, 0.6380387620842435936 ) ) ;
#7066 = CARTESIAN_POINT ( 'NONE',  ( 107.9065998496083267, 93.95812545521349080, 37.20373064665321294 ) ) ;
#7067 = DIRECTION ( 'NONE',  ( -0.7425121381183712455, 0.6698326094979886181, 0.000000000000000000 ) ) ;
#7068 = CARTESIAN_POINT ( 'NONE',  ( 31.90257814019373228, -27.98635105838005899, 49.15954653027568355 ) ) ;
#7069 = CARTESIAN_POINT ( 'NONE',  ( -215.3745961983103712, 185.7173949682732257, 1.572823371891284738 ) ) ;
#7070 = CARTESIAN_POINT ( 'NONE',  ( 204.0902126059922637, -178.8741962002185630, 12.51517206850184216 ) ) ;
#7071 = CARTESIAN_POINT ( 'NONE',  ( -214.7262805542803790, -187.6903445603846592, 1.812213082442843286E-12 ) ) ;
#7072 = VERTEX_POINT ( 'NONE', #6312 ) ;
#7073 = CARTESIAN_POINT ( 'NONE',  ( -195.5862072095374913, 174.9314479257558617, 15.38728926474266956 ) ) ;
#7074 = ADVANCED_FACE ( 'NONE', ( #5173 ), #3853, .T. ) ;
#7075 = CARTESIAN_POINT ( 'NONE',  ( -44.97916666666677088, 190.4999999999999432, 0.000000000000000000 ) ) ;
#7076 = CARTESIAN_POINT ( 'NONE',  ( -215.0767758839800763, 185.1716961091315454, 3.073609587835045787 ) ) ;
#7077 = CARTESIAN_POINT ( 'NONE',  ( 26.27410676016457813, -23.12265571451129986, 50.00225945979051545 ) ) ;
#7078 = EDGE_CURVE ( 'NONE', #6475, #1683, #802, .T. ) ;
#7079 = CARTESIAN_POINT ( 'NONE',  ( 38.13928521004228145, -21.36117664047360520, 48.86358051349124310 ) ) ;
#7080 = CARTESIAN_POINT ( 'NONE',  ( 215.0211624784461719, -186.5364533182547291, 1.572932148506805961 ) ) ;
#7081 = ORIENTED_EDGE ( 'NONE', *, *, #3033, .F. ) ;
#7082 = CARTESIAN_POINT ( 'NONE',  ( -208.8460603981853865, -190.3381654414763489, 1.603115284326938283 ) ) ;
#7083 = CARTESIAN_POINT ( 'NONE',  ( 215.8999999999999488, -184.4162978572970246, -0.06089986583223843536 ) ) ;
#7084 = CARTESIAN_POINT ( 'NONE',  ( 186.8594567332140173, -164.0671840115151099, 19.57014392076047216 ) ) ;
#7085 = CARTESIAN_POINT ( 'NONE',  ( -36.91230832940672002, 32.22513249195601759, 48.41531176901771261 ) ) ;
#7086 = CARTESIAN_POINT ( 'NONE',  ( -162.9295070661326577, 145.5719195144960167, 25.70390762236693760 ) ) ;
#7087 = CARTESIAN_POINT ( 'NONE',  ( 3.037307056525529347, 42.64791916621385326, 48.19926424802802245 ) ) ;
#7088 = CARTESIAN_POINT ( 'NONE',  ( -208.8445242821260024, 192.2983899566821435, 0.000000000000000000 ) ) ;
#7089 = CARTESIAN_POINT ( 'NONE',  ( -215.9000000000000341, 183.5000000000000000, -0.4257127542561995881 ) ) ;
#7090 = CARTESIAN_POINT ( 'NONE',  ( 207.7201055739686524, 188.1833128313440113, 6.024849422959734468 ) ) ;
#7091 = CARTESIAN_POINT ( 'NONE',  ( 212.4251073761660962, -189.6164047634062513, 0.05549346602751206725 ) ) ;
#7092 = CARTESIAN_POINT ( 'NONE',  ( 148.3704796854995323, -131.7243258409111490, 29.27471704604710467 ) ) ;
#7093 = CARTESIAN_POINT ( 'NONE',  ( -215.8941209475795802, -183.4999387119607945, 0.2992683547086452678 ) ) ;
#7094 = CARTESIAN_POINT ( 'NONE',  ( 34.80742690388491667, 192.1448328862138908, 0.000000000000000000 ) ) ;
#7095 = CARTESIAN_POINT ( 'NONE',  ( 214.6544817146327375, -184.1348614300046052, 4.237065711018264125 ) ) ;
#7096 = CARTESIAN_POINT ( 'NONE',  ( -213.0432095851462577, 185.0383251441574259, 5.898605078857361406 ) ) ;
#7097 = CARTESIAN_POINT ( 'NONE',  ( 204.1878301174717478, 176.7630953822538515, 12.69025730649754458 ) ) ;
#7098 = CARTESIAN_POINT ( 'NONE',  ( -209.8162921837036095, 190.4999950153250552, 0.009256116082728436945 ) ) ;
#7099 = CARTESIAN_POINT ( 'NONE',  ( 209.7562596761567590, -190.4284768630363089, 1.093484275309612785 ) ) ;
#7100 = CARTESIAN_POINT ( 'NONE',  ( -162.9293397229018581, -145.5717690738703425, 25.70394916929051377 ) ) ;
#7101 = CARTESIAN_POINT ( 'NONE',  ( 208.1488871212480660, -187.8006205323211191, 6.512651804193887450 ) ) ;
#7102 = CARTESIAN_POINT ( 'NONE',  ( -122.0357187521013884, 108.3622477802771584, 34.48524290137289228 ) ) ;
#7103 = CIRCLE ( 'NONE', #3950, 2.000000000000000000 ) ;
#7104 = EDGE_LOOP ( 'NONE', ( #6424, #7608, #4151, #5311 ) ) ;
#7105 = CARTESIAN_POINT ( 'NONE',  ( 12.06045597585980644, -41.27543707864440137, 48.31359828333176409 ) ) ;
#7106 = CARTESIAN_POINT ( 'NONE',  ( -207.5664652751750907, 183.8362189362102868, 9.649692613926948326 ) ) ;
#7107 = CARTESIAN_POINT ( 'NONE',  ( -215.6808982067201157, 185.3276159461557597, 0.7333514025916386680 ) ) ;
#7108 = CARTESIAN_POINT ( 'NONE',  ( 214.2255203344894028, -190.5102215752800419, -0.000000000000000000 ) ) ;
#7109 = CARTESIAN_POINT ( 'NONE',  ( -33.01262735438955787, -28.90003035850321211, 48.99633025713272616 ) ) ;
#7110 = CARTESIAN_POINT ( 'NONE',  ( 46.95982461743267322, -41.34104611187395051, 46.87366247089965299 ) ) ;
#7111 = DIRECTION ( 'NONE',  ( -1.000000000000000000, 0.000000000000000000, 0.000000000000000000 ) ) ;
#7112 = CARTESIAN_POINT ( 'NONE',  ( 202.5249247112380715, -182.2040556746050299, 11.29877950644540618 ) ) ;
#7113 = CARTESIAN_POINT ( 'NONE',  ( -212.4957979234986851, -191.5228227994284964, 0.000000000000000000 ) ) ;
#7114 = ORIENTED_EDGE ( 'NONE', *, *, #6867, .F. ) ;
#7115 = CARTESIAN_POINT ( 'NONE',  ( -44.97916666666677088, 190.4999999999999716, 13.92556261196430611 ) ) ;
#7116 = CARTESIAN_POINT ( 'NONE',  ( -215.1682427982671584, 185.2039227016783514, 2.853826532525476800 ) ) ;
#7117 = CARTESIAN_POINT ( 'NONE',  ( 225.8999999999999488, -150.0000000000000000, 62.50000000000001421 ) ) ;
#7118 = CARTESIAN_POINT ( 'NONE',  ( 33.01262735031735929, -28.90003036334087128, 48.99633025722243929 ) ) ;
#7119 = CARTESIAN_POINT ( 'NONE',  ( 214.6807517590828525, -190.1392100613434764, 0.000000000000000000 ) ) ;
#7120 = ORIENTED_EDGE ( 'NONE', *, *, #7547, .F. ) ;
#7121 = CARTESIAN_POINT ( 'NONE',  ( 174.0389521748226684, -190.3212143311213822, 1.552118151308514493 ) ) ;
#7122 = CARTESIAN_POINT ( 'NONE',  ( 213.2018270398243374, -189.0976678967872147, -0.4257127542553629795 ) ) ;
#7123 = CARTESIAN_POINT ( 'NONE',  ( 185.1520898307632592, -162.1966643192389199, 20.15261100768652369 ) ) ;
#7124 = DIRECTION ( 'NONE',  ( -1.000000000000000000, 0.000000000000000000, 0.000000000000000000 ) ) ;
#7125 = CARTESIAN_POINT ( 'NONE',  ( -164.1647364059116398, 144.2290180153920289, 25.91699318283224684 ) ) ;
#7126 = CARTESIAN_POINT ( 'NONE',  ( -32.78265962694506896, 29.15505980491363758, 48.99405119645791018 ) ) ;
#7127 = FACE_BOUND ( 'NONE', #6365, .T. ) ;
#7128 = CARTESIAN_POINT ( 'NONE',  ( -212.4253328625963775, 189.6165047184798311, -0.1825041619736932907 ) ) ;
#7129 = CARTESIAN_POINT ( 'NONE',  ( 215.0230287710992343, 189.9143616538667629, 3.736383755011989383 ) ) ;
#7130 = CARTESIAN_POINT ( 'NONE',  ( 212.4247500102957247, -189.6162476010946136, 0.09017744267477648124 ) ) ;
#7131 = CARTESIAN_POINT ( 'NONE',  ( 129.9258725126175023, -114.6363965468739252, 33.14325678129340247 ) ) ;
#7132 = CARTESIAN_POINT ( 'NONE',  ( -215.8853551586856838, -183.4998487982100812, 0.4777658211697283774 ) ) ;
#7133 = CARTESIAN_POINT ( 'NONE',  ( 139.2316236782092176, 190.3012673711940579, 1.486701368612040719 ) ) ;
#7134 = ORIENTED_EDGE ( 'NONE', *, *, #6639, .F. ) ;
#7135 = ADVANCED_FACE ( 'NONE', ( #2294 ), #3513, .F. ) ;
#7136 = CARTESIAN_POINT ( 'NONE',  ( -31.09146300222564818, -16.20691038559737862, 50.00917079997014980 ) ) ;
#7137 = CARTESIAN_POINT ( 'NONE',  ( -212.4252806429497298, 189.6164814658926332, 0.02676834149794427714 ) ) ;
#7138 = CARTESIAN_POINT ( 'NONE',  ( 209.7706738333927490, -190.4493076913620939, 0.9209246956419088193 ) ) ;
#7139 = CARTESIAN_POINT ( 'NONE',  ( -35.43934598825651960, -31.58483303400315378, 48.58458185489109127 ) ) ;
#7140 = CARTESIAN_POINT ( 'NONE',  ( 212.8109928603984429, -183.3173980000555616, 6.617553660754438738 ) ) ;
#7141 = CARTESIAN_POINT ( 'NONE',  ( -91.82019303862691118, 81.76408670533503198, 39.72137317398265566 ) ) ;
#7142 = CIRCLE ( 'NONE', #2230, 2.000000000000000000 ) ;
#7143 = ORIENTED_EDGE ( 'NONE', *, *, #4290, .F. ) ;
#7144 = CARTESIAN_POINT ( 'NONE',  ( -208.0664287449763208, 184.2989314811734403, 9.259638686312296585 ) ) ;
#7145 = CARTESIAN_POINT ( 'NONE',  ( -210.7266003181527765, 190.3143347854062029, 0.2771692275594416777 ) ) ;
#7146 = CARTESIAN_POINT ( 'NONE',  ( 26.27603836016691474, 23.12177693138184154, 58.93602718438483379 ) ) ;
#7147 = CARTESIAN_POINT ( 'NONE',  ( 208.8445242774670589, 192.2983899599432220, 0.000000000000000000 ) ) ;
#7148 = CARTESIAN_POINT ( 'NONE',  ( 31.80603990489156629, -28.09702586398485735, 49.15950220667973980 ) ) ;
#7149 = VECTOR ( 'NONE', #6183, 1000.000000000000000 ) ;
#7150 = CARTESIAN_POINT ( 'NONE',  ( -225.8999999999999204, 200.5000000000000568, 70.00000000000000000 ) ) ;
#7151 = CARTESIAN_POINT ( 'NONE',  ( 206.6585440801010236, -178.6300539312044577, 11.30527663240573411 ) ) ;
#7152 = CARTESIAN_POINT ( 'NONE',  ( -26.41788384992439376, 22.95855859787161890, 58.93158553443242198 ) ) ;
#7153 = CARTESIAN_POINT ( 'NONE',  ( -80.96250000000010516, 190.5000000000000284, 14.89730691959805675 ) ) ;
#7154 = CIRCLE ( 'NONE', #5133, 7.500000000000007105 ) ;
#7155 = CARTESIAN_POINT ( 'NONE',  ( -212.4560762366201061, 188.5343875759927528, 3.578691863149007002 ) ) ;
#7156 = CARTESIAN_POINT ( 'NONE',  ( -225.8999999999999204, 150.0000000000000000, 62.50000000000001421 ) ) ;
#7157 = CARTESIAN_POINT ( 'NONE',  ( 215.8631922135269861, -188.8851313155033154, 0.000000000000000000 ) ) ;
#7158 = CARTESIAN_POINT ( 'NONE',  ( -208.8445242821260024, 192.2983899566820583, 0.000000000000000000 ) ) ;
#7159 = CARTESIAN_POINT ( 'NONE',  ( 215.8999999999999488, -184.4162978572970246, -0.3446432234946718021 ) ) ;
#7160 = CARTESIAN_POINT ( 'NONE',  ( 190.2316195732626625, -167.8354250994802612, 18.25255890341511389 ) ) ;
#7161 = CARTESIAN_POINT ( 'NONE',  ( -208.7984426455339531, 190.1908339207150220, 2.234785828566801857 ) ) ;
#7162 = VECTOR ( 'NONE', #727, 1000.000000000000000 ) ;
#7163 = CARTESIAN_POINT ( 'NONE',  ( -164.7606380580331802, 143.5318296456293581, 25.84007873959975754 ) ) ;
#7164 = CARTESIAN_POINT ( 'NONE',  ( 6.075118446230533209, 42.33971736449981194, 48.22552200999666638 ) ) ;
#7165 = LINE ( 'NONE', #4695, #4637 ) ;
#7166 = CARTESIAN_POINT ( 'NONE',  ( -215.7178087366782222, 185.3322351905149787, -1.074269000342903180 ) ) ;
#7167 = CARTESIAN_POINT ( 'NONE',  ( 208.8997263039997279, 190.4993488566236408, 0.1040631779616057045 ) ) ;
#7168 = CARTESIAN_POINT ( 'NONE',  ( 215.0162927015111336, -187.0252852147094131, 0.05712773607831110600 ) ) ;
#7169 = CARTESIAN_POINT ( 'NONE',  ( 137.0907250524566336, -121.7113278263901179, 31.63958217254236160 ) ) ;
#7170 = CARTESIAN_POINT ( 'NONE',  ( -215.7688298721389799, -183.4979364438788707, 1.389308544023521774 ) ) ;
#7171 = CARTESIAN_POINT ( 'NONE',  ( -207.7013429512453513, -188.1473905561780953, 6.085235142850769385 ) ) ;
#7172 = ORIENTED_EDGE ( 'NONE', *, *, #5872, .F. ) ;
#7173 = EDGE_CURVE ( 'NONE', #2282, #994, #3577, .T. ) ;
#7174 = CARTESIAN_POINT ( 'NONE',  ( -29.48667588021838171, -18.88506435825667040, 50.00723797928552017 ) ) ;
#7175 = CARTESIAN_POINT ( 'NONE',  ( -210.7322288389616745, 190.3178046950893645, 0.009360363925778780042 ) ) ;
#7176 = ADVANCED_FACE ( 'NONE', ( #5813 ), #4566, .F. ) ;
#7177 = CARTESIAN_POINT ( 'NONE',  ( 211.5604237071069917, -189.9578227385825073, 0.4829769204408828065 ) ) ;
#7178 = CARTESIAN_POINT ( 'NONE',  ( -170.3928020218293398, -152.2862167767057997, 23.77033348563184845 ) ) ;
#7179 = CARTESIAN_POINT ( 'NONE',  ( 213.3267788642668279, -183.5802021280554470, 6.051669285646056551 ) ) ;
#7180 = CARTESIAN_POINT ( 'NONE',  ( -107.5994661170601461, 94.31231090978553766, 37.23019983921782483 ) ) ;
#7181 = VERTEX_POINT ( 'NONE', #3448 ) ;
#7182 = CARTESIAN_POINT ( 'NONE',  ( -206.0930880161165817, 182.4826401361475234, 10.70590868264479845 ) ) ;
#7183 = CARTESIAN_POINT ( 'NONE',  ( -214.4830440583957625, 187.7979012304999173, 0.4678415789800264291 ) ) ;
#7184 = CARTESIAN_POINT ( 'NONE',  ( 210.8457447533913864, -192.0774083066091293, -0.000000000000000000 ) ) ;
#7185 = CARTESIAN_POINT ( 'NONE',  ( -34.66406188981258651, -26.84483455794802609, 48.95850016874124577 ) ) ;
#7186 = CARTESIAN_POINT ( 'NONE',  ( 54.34364545581844652, -48.18305230283455387, 45.71138338976835058 ) ) ;
#7187 = CARTESIAN_POINT ( 'NONE',  ( 206.1503989897210261, -179.3800706758933359, 11.54939208710090348 ) ) ;
#7188 = CARTESIAN_POINT ( 'NONE',  ( -215.8999999999999204, 200.5000000000000568, 70.00000000000000000 ) ) ;
#7189 = CARTESIAN_POINT ( 'NONE',  ( -215.8999999999999773, -183.5000000000000000, -1.398227080111467124 ) ) ;
#7190 = CARTESIAN_POINT ( 'NONE',  ( -209.5566209587470041, 190.0482500584179206, 2.702138340501332170 ) ) ;
#7191 = CARTESIAN_POINT ( 'NONE',  ( 33.86150374944248398, 27.89159244065424659, 48.97762547858373949 ) ) ;
#7192 = CARTESIAN_POINT ( 'NONE',  ( 216.3483772305273192, -188.1638144695639596, 0.000000000000000000 ) ) ;
#7193 = ORIENTED_EDGE ( 'NONE', *, *, #5868, .F. ) ;
#7194 = CARTESIAN_POINT ( 'NONE',  ( -211.1253317932971925, 192.0084761375338758, 0.000000000000000000 ) ) ;
#7195 = CARTESIAN_POINT ( 'NONE',  ( 214.4976678967872203, -187.8018270398243885, -0.3446432234946718021 ) ) ;
#7196 = CARTESIAN_POINT ( 'NONE',  ( 184.1883648168648335, -163.2767326272527271, 20.11351906405818113 ) ) ;
#7197 = CARTESIAN_POINT ( 'NONE',  ( -32.78265962694510449, 29.15505980491360916, 48.99405119645791729 ) ) ;
#7198 = CARTESIAN_POINT ( 'NONE',  ( -182.6945283783166758, 161.1882638659204758, 20.76333034062179550 ) ) ;
#7199 = CARTESIAN_POINT ( 'NONE',  ( -2.426066364311183055, 34.93714453321309321, 57.93768809424800281 ) ) ;
#7200 = CARTESIAN_POINT ( 'NONE',  ( -214.2255203344894312, 190.5102215752800987, -0.000000000000000000 ) ) ;
#7201 = FACE_OUTER_BOUND ( 'NONE', #4565, .T. ) ;
#7202 = CARTESIAN_POINT ( 'NONE',  ( 208.8999298652289554, 190.4998320580693019, 0.05281498813897348571 ) ) ;
#7203 = CARTESIAN_POINT ( 'NONE',  ( 212.4253215996000108, -189.6164996914053233, 0.01248061007305456029 ) ) ;
#7204 = CARTESIAN_POINT ( 'NONE',  ( 129.5643332448793217, -115.0368934871544724, 33.09739062324260317 ) ) ;
#7205 = CARTESIAN_POINT ( 'NONE',  ( -215.8999999999999773, -183.4999999999998010, -0.02004724667472236252 ) ) ;
#7206 = CARTESIAN_POINT ( 'NONE',  ( -204.7730853966630491, -184.5813365003738795, 9.577132648449568464 ) ) ;
#7207 = ORIENTED_EDGE ( 'NONE', *, *, #6489, .F. ) ;
#7208 = CARTESIAN_POINT ( 'NONE',  ( 133.4192339914860952, 116.2508131324861438, 32.58036206864900208 ) ) ;
#7209 = CARTESIAN_POINT ( 'NONE',  ( -215.0165038581800445, 187.0253326673865786, 0.005101070521111241048 ) ) ;
#7210 = CARTESIAN_POINT ( 'NONE',  ( 211.5338043140834827, -189.9429917360285174, 0.7774596602738982343 ) ) ;
#7211 = CARTESIAN_POINT ( 'NONE',  ( -129.9398942220444155, -114.6540503000123294, 33.22539246279940528 ) ) ;
#7212 = EDGE_CURVE ( 'NONE', #4688, #6983, #5586, .T. ) ;
#7213 = CARTESIAN_POINT ( 'NONE',  ( 209.6370816252018869, -188.7467747091552894, 5.099012955726870189 ) ) ;
#7214 = CARTESIAN_POINT ( 'NONE',  ( -84.99632229248088322, 74.29069444249269338, 40.99126733155607383 ) ) ;
#7215 = VERTEX_POINT ( 'NONE', #3409 ) ;
#7216 = CARTESIAN_POINT ( 'NONE',  ( -211.5587246677226858, 182.5996062268105504, 7.815382882784264851 ) ) ;
#7217 = CARTESIAN_POINT ( 'NONE',  ( -213.2001133905438337, 189.0970266278703207, 0.1512269293072275034 ) ) ;
#7218 = CARTESIAN_POINT ( 'NONE',  ( 201.1427801740840380, 174.3657933543375975, 14.19158059925334392 ) ) ;
#7219 = CARTESIAN_POINT ( 'NONE',  ( 217.3877338259840997, 185.7768579542855889, 0.000000000000000000 ) ) ;
#7220 = CARTESIAN_POINT ( 'NONE',  ( 69.99793834137065573, -60.86064565312403829, 43.37683404225560935 ) ) ;
#7221 = CARTESIAN_POINT ( 'NONE',  ( 210.1182819327727032, -181.6796353136775508, 9.003105660337784144 ) ) ;
#7222 = CARTESIAN_POINT ( 'NONE',  ( -31.77380205711572003, 28.13386004863148671, 49.15876454088398617 ) ) ;
#7223 = ORIENTED_EDGE ( 'NONE', *, *, #5436, .T. ) ;
#7224 = VECTOR ( 'NONE', #833, 1000.000000000000000 ) ;
#7225 = EDGE_CURVE ( 'NONE', #4534, #6178, #2952, .T. ) ;
#7226 = CARTESIAN_POINT ( 'NONE',  ( -200.3597031446449535, 177.2986187347466966, 13.96208120847182066 ) ) ;
#7227 = CARTESIAN_POINT ( 'NONE',  ( -209.6744896617603615, 190.2849108646541367, 1.892493414326345880 ) ) ;
#7228 = FACE_OUTER_BOUND ( 'NONE', #945, .T. ) ;
#7229 = CARTESIAN_POINT ( 'NONE',  ( 215.7293584012457472, 183.4967789686989477, 1.574680594478594875 ) ) ;
#7230 = ORIENTED_EDGE ( 'NONE', *, *, #3603, .F. ) ;
#7231 = CARTESIAN_POINT ( 'NONE',  ( -34.80742690399597450, -192.1448328876630285, -3.903127820947815962E-15 ) ) ;
#7232 = CARTESIAN_POINT ( 'NONE',  ( 212.4253328625962638, -189.6165047184798027, -0.2635736927339806246 ) ) ;
#7233 = CARTESIAN_POINT ( 'NONE',  ( 194.8866464342216602, -170.1310614331677300, 16.81726732511765121 ) ) ;
#7234 = CARTESIAN_POINT ( 'NONE',  ( -193.3701552102714345, 173.3031884012003161, 16.14771198356054072 ) ) ;
#7235 = CARTESIAN_POINT ( 'NONE',  ( -174.2920497400780562, 155.4708043406835714, 22.81200854544468370 ) ) ;
#7236 = AXIS2_PLACEMENT_3D ( 'NONE', #6123, #720, #4595 ) ;
#7237 = CARTESIAN_POINT ( 'NONE',  ( -208.1021924538090104, 188.7698814636144675, 5.216494235644848487 ) ) ;
#7238 = CARTESIAN_POINT ( 'NONE',  ( -21.24936354820163231, 37.69183638183978502, 48.56767648825788086 ) ) ;
#7239 = CARTESIAN_POINT ( 'NONE',  ( -204.1878301174714352, -176.7630953822535105, 12.69025730649773820 ) ) ;
#7240 = CARTESIAN_POINT ( 'NONE',  ( 215.3686716656129931, 185.7010161387033804, 1.572861270956812163 ) ) ;
#7241 = CARTESIAN_POINT ( 'NONE',  ( 208.8467645432494635, 190.3402626189602813, 1.596521846106945253 ) ) ;
#7242 = CARTESIAN_POINT ( 'NONE',  ( 211.5787208858970700, -189.9671243500187927, 0.02843179329177577055 ) ) ;
#7243 = CARTESIAN_POINT ( 'NONE',  ( 115.4833923198190178, -100.5819178757644039, 35.88732034657817138 ) ) ;
#7244 = CARTESIAN_POINT ( 'NONE',  ( -208.8999999631556648, -190.4999999999999432, 3.196563637387810287E-05 ) ) ;
#7245 = CARTESIAN_POINT ( 'NONE',  ( -215.8999999999999204, -190.5000000000000284, 85.00000000000000000 ) ) ;
#7246 = ORIENTED_EDGE ( 'NONE', *, *, #4246, .T. ) ;
#7247 = CARTESIAN_POINT ( 'NONE',  ( 152.6287014650440597, 132.9953101773495519, 28.62731393492978427 ) ) ;
#7248 = CARTESIAN_POINT ( 'NONE',  ( -211.5787840265556667, 189.9671567275789812, -0.02036510045201300398 ) ) ;
#7249 = B_SPLINE_SURFACE_WITH_KNOTS ( 'NONE', 3, 3, ( 
 ( #5160, #898, #4701, #546 ),
 ( #4150, #1738, #5911, #4107 ),
 ( #4617, #3461, #462, #7053 ),
 ( #3508, #976, #2356, #5239 ) ),
 .UNSPECIFIED., .F., .F., .F.,
 ( 4, 4 ),
 ( 4, 4 ),
 ( 0.000000000000000000, 1.000000000000000000 ),
 ( 0.000000000000000000, 1.000000000000000000 ),
 .UNSPECIFIED. ) ;
#7250 = CARTESIAN_POINT ( 'NONE',  ( 211.5184289743737907, -189.9327257749749833, 0.9036399527268567100 ) ) ;
#7251 = CARTESIAN_POINT ( 'NONE',  ( -200.7278202602971930, -177.1218317519195580, 14.39038927035716142 ) ) ;
#7252 = CARTESIAN_POINT ( 'NONE',  ( 210.6826816989584756, -187.7976951244717725, 5.779262557735353134 ) ) ;
#7253 = CARTESIAN_POINT ( 'NONE',  ( -99.84020818892706473, 87.89468569968660461, 38.50126244774273232 ) ) ;
#7254 = EDGE_LOOP ( 'NONE', ( #5959, #6942, #4824, #5514 ) ) ;
#7255 = CARTESIAN_POINT ( 'NONE',  ( -207.2862192536339023, 186.7093493154924886, 7.704169235918614689 ) ) ;
#7256 = CARTESIAN_POINT ( 'NONE',  ( 26.13271791919432019, -23.28363761606563287, 58.93389689812592280 ) ) ;
#7257 = CARTESIAN_POINT ( 'NONE',  ( -215.8858353609981862, 183.4998537754548806, 0.4703952217737006336 ) ) ;
#7258 = CARTESIAN_POINT ( 'NONE',  ( 153.3776137042836183, 133.6472353461259388, 28.46461214162463449 ) ) ;
#7259 = CARTESIAN_POINT ( 'NONE',  ( 212.2885171162294569, 189.4352954224504231, 1.578982067372170395 ) ) ;
#7260 = CARTESIAN_POINT ( 'NONE',  ( 50.42201665331516836, -45.02103483358641967, 46.27676415369290197 ) ) ;
#7261 = CARTESIAN_POINT ( 'NONE',  ( 207.2739887999471762, -182.1734023878137236, 10.43340337570449350 ) ) ;
#7262 = CARTESIAN_POINT ( 'NONE',  ( 32.78265962694509028, -29.15505980491361271, 48.99405119645791018 ) ) ;
#7263 = CARTESIAN_POINT ( 'NONE',  ( -208.8445242774670305, -192.2983899599431368, 0.000000000000000000 ) ) ;
#7264 = AXIS2_PLACEMENT_3D ( 'NONE', #5849, #4272, #405 ) ;
#7265 = ADVANCED_FACE ( 'NONE', ( #7668 ), #7532, .T. ) ;
#7266 = CARTESIAN_POINT ( 'NONE',  ( -201.9581931518652596, 181.0421365502841127, 12.07807931116821010 ) ) ;
#7267 = CARTESIAN_POINT ( 'NONE',  ( -213.5448116201048379, 188.3066710694999131, 2.150384208513260287 ) ) ;
#7268 = PRESENTATION_LAYER_ASSIGNMENT (  '', '', ( #1852 ) ) ;
#7269 = DIRECTION ( 'NONE',  ( 1.000000000000000000, 0.000000000000000000, 0.000000000000000000 ) ) ;
#7270 = DIRECTION ( 'NONE',  ( 1.000000000000000000, -0.000000000000000000, 0.000000000000000000 ) ) ;
#7271 = CARTESIAN_POINT ( 'NONE',  ( -215.8999999999999204, -150.0000000000000000, 57.50000000000000711 ) ) ;
#7272 = CARTESIAN_POINT ( 'NONE',  ( 211.5787840265555531, -189.9671567275789812, -0.3446432234946718021 ) ) ;
#7273 = ADVANCED_FACE ( 'NONE', ( #6009 ), #1701, .T. ) ;
#7274 = CARTESIAN_POINT ( 'NONE',  ( 194.0008871699543249, -171.1591551252693648, 16.86473728388651594 ) ) ;
#7275 = FACE_OUTER_BOUND ( 'NONE', #6999, .T. ) ;
#7276 = CARTESIAN_POINT ( 'NONE',  ( -179.8777379599943345, 160.5175059995425784, 21.14050842994284807 ) ) ;
#7277 = CIRCLE ( 'NONE', #7524, 10.00000000000000888 ) ;
#7278 = CARTESIAN_POINT ( 'NONE',  ( -211.6807647019870728, 187.7661841327037280, 5.209462735672010680 ) ) ;
#7279 = CARTESIAN_POINT ( 'NONE',  ( 210.7158722209344432, -181.4338585927818031, 8.530486250463408027 ) ) ;
#7280 = CARTESIAN_POINT ( 'NONE',  ( -209.8013032612654172, -180.8447987417079048, 9.234741294318229876 ) ) ;
#7281 = CARTESIAN_POINT ( 'NONE',  ( -213.8497474683058783, 188.4497474683058442, -1.074269000342903180 ) ) ;
#7282 = CARTESIAN_POINT ( 'NONE',  ( 208.8739332226509759, 190.4261451306388153, 1.093638198718961618 ) ) ;
#7283 = CARTESIAN_POINT ( 'NONE',  ( 209.8162921837034958, -190.4999950153250268, 0.009256116083576763562 ) ) ;
#7284 = CARTESIAN_POINT ( 'NONE',  ( 160.9655142463811899, -140.2401807792407737, 26.74217930549982825 ) ) ;
#7285 = CARTESIAN_POINT ( 'NONE',  ( -208.9000000000003752, -190.4999999999999432, -0.02004724667472236946 ) ) ;
#7286 = CARTESIAN_POINT ( 'NONE',  ( -32.93753751437689203, -28.98647548097892823, 48.99815650490233310 ) ) ;
#7287 = VERTEX_POINT ( 'NONE', #2023 ) ;
#7288 = DIRECTION ( 'NONE',  ( 0.000000000000000000, 0.000000000000000000, 1.000000000000000000 ) ) ;
#7289 = CARTESIAN_POINT ( 'NONE',  ( -215.7178087366782222, 185.3322351905149787, 6.062116545665215096E-05 ) ) ;
#7290 = CARTESIAN_POINT ( 'NONE',  ( 213.1826765607975744, -189.0905851615974598, 0.5133125875372052116 ) ) ;
#7291 = CARTESIAN_POINT ( 'NONE',  ( -202.9663533862173210, -182.6576124212272418, 10.99583375657625517 ) ) ;
#7292 = CARTESIAN_POINT ( 'NONE',  ( -215.8999999999999204, -150.0000000000000000, 42.49999999999999289 ) ) ;
#7293 = CARTESIAN_POINT ( 'NONE',  ( 209.9623029855135030, -188.0203708576864301, 5.800133544197654700 ) ) ;
#7294 = CARTESIAN_POINT ( 'NONE',  ( -148.7814299317498978, 131.2716755900775070, 29.33098900161128242 ) ) ;
#7295 = CARTESIAN_POINT ( 'NONE',  ( -211.5590558535344030, 183.3162195440333448, 7.715641171191678360 ) ) ;
#7296 = CARTESIAN_POINT ( 'NONE',  ( -24.33781930782749825, -25.27328992394732055, 58.82603906110555414 ) ) ;
#7297 = CARTESIAN_POINT ( 'NONE',  ( -211.5756999388198096, 189.9656124716287025, 0.2015182770662642675 ) ) ;
#7298 = CARTESIAN_POINT ( 'NONE',  ( 197.8561868612589194, 174.5852096940363936, 15.63981627253598461 ) ) ;
#7299 = CARTESIAN_POINT ( 'NONE',  ( 208.3395681632916592, -189.1769674796590834, 4.569503012177635881 ) ) ;
#7300 = CARTESIAN_POINT ( 'NONE',  ( 69.85017826419304754, -61.03088433191742013, 43.38832657571251161 ) ) ;
#7301 = CARTESIAN_POINT ( 'NONE',  ( 204.7101945832430943, -184.5106723915104396, 9.636190144623162368 ) ) ;
#7302 = CARTESIAN_POINT ( 'NONE',  ( 30.65917101315567805, -31.36498738019981403, 48.90911833129888464 ) ) ;
#7303 = CARTESIAN_POINT ( 'NONE',  ( -35.54310308492455306, 31.46682655052511635, 48.58921576193047542 ) ) ;
#7304 = CARTESIAN_POINT ( 'NONE',  ( -199.2354349461926120, 174.7576946605250328, 14.87320474751412114 ) ) ;
#7305 = CARTESIAN_POINT ( 'NONE',  ( 8.337437436950860814, -41.99510884113018960, 48.25443675627311535 ) ) ;
#7306 = CARTESIAN_POINT ( 'NONE',  ( -215.1037038369629784, 186.1155922059215584, 1.967346504476712221 ) ) ;
#7307 = CARTESIAN_POINT ( 'NONE',  ( 208.2494643280928983, 189.0169509468827584, 4.834079451614394785 ) ) ;
#7308 = CARTESIAN_POINT ( 'NONE',  ( 217.6836110407052445, 183.4969353413797251, 0.000000000000000000 ) ) ;
#7309 = EDGE_LOOP ( 'NONE', ( #5950, #6618, #1012, #5995 ) ) ;
#7310 = CARTESIAN_POINT ( 'NONE',  ( 215.8999999999999204, 200.5000000000000568, 70.00000000000000000 ) ) ;
#7311 = CARTESIAN_POINT ( 'NONE',  ( 208.8999999999999773, -190.4999999999999716, -1.398547123383684143 ) ) ;
#7312 = CARTESIAN_POINT ( 'NONE',  ( 194.4224735128703969, -174.3000997618395047, 15.66808587761518012 ) ) ;
#7313 = EDGE_CURVE ( 'NONE', #4051, #2249, #1703, .T. ) ;
#7314 = DIRECTION ( 'NONE',  ( -0.000000000000000000, 0.000000000000000000, 1.000000000000000000 ) ) ;
#7315 = CARTESIAN_POINT ( 'NONE',  ( -180.6258164146956631, 159.7301815925782194, 21.32226929715440278 ) ) ;
#7316 = B_SPLINE_SURFACE_WITH_KNOTS ( 'NONE', 3, 3, ( 
 ( #6306, #3274, #3910, #349 ),
 ( #3308, #390, #5055, #5750 ),
 ( #5679, #2710, #941, #5642 ),
 ( #1503, #2638, #2050, #3346 ),
 ( #5716, #2126, #6974, #7529 ),
 ( #4468, #6854, #5126, #1463 ),
 ( #3868, #273, #2751, #1578 ),
 ( #309, #4547, #2791, #3986 ),
 ( #6934, #6269, #5167, #4625 ),
 ( #2163, #6378, #869, #2675 ),
 ( #984, #3389, #5091, #5792 ),
 ( #7015, #5205, #7605, #7491 ),
 ( #1622, #2878, #5992, #5289 ) ),
 .UNSPECIFIED., .F., .F., .F.,
 ( 4, 1, 1, 1, 1, 1, 1, 1, 1, 1, 4 ),
 ( 4, 4 ),
 ( 0.000000000000000000, 0.1250000000000000000, 0.2500000000000000000, 0.3125000000000000000, 0.3750000000000000000, 0.5000000000000000000, 0.6250000000000000000, 0.6875000000000000000, 0.7500000000000000000, 0.8750000000000000000, 1.000000000000000000 ),
 ( 0.000000000000000000, 1.000000000000000000 ),
 .UNSPECIFIED. ) ;
#7317 = CARTESIAN_POINT ( 'NONE',  ( -209.8310848643213831, 189.0298971955859884, 4.626827146344711039 ) ) ;
#7318 = CARTESIAN_POINT ( 'NONE',  ( 64.04941889736973337, -55.67923204049503028, 44.29780521596148901 ) ) ;
#7319 = CARTESIAN_POINT ( 'NONE',  ( -209.3388634668553436, -180.5347039695080298, 9.568705145679860635 ) ) ;
#7320 = CARTESIAN_POINT ( 'NONE',  ( 215.6849779107256779, 184.3955139969094148, 1.573497955799880277 ) ) ;
#7321 = CARTESIAN_POINT ( 'NONE',  ( 215.8999999999998352, 183.5000000000000284, -0.004846733807342196339 ) ) ;
#7322 = CARTESIAN_POINT ( 'NONE',  ( 212.4253149115497763, -189.6164967129654144, 0.01533553975820225665 ) ) ;
#7323 = CARTESIAN_POINT ( 'NONE',  ( 159.7919396990304222, -141.5788882307436438, 26.76941879400231272 ) ) ;
#7324 = CARTESIAN_POINT ( 'NONE',  ( -215.9000000000000057, -183.4999999999999432, -0.004846733805790920738 ) ) ;
#7325 = CARTESIAN_POINT ( 'NONE',  ( -208.5659086813442116, -189.6199046978330500, 3.736596368135787216 ) ) ;
#7326 = ORIENTED_EDGE ( 'NONE', *, *, #1244, .F. ) ;
#7327 = CARTESIAN_POINT ( 'NONE',  ( 225.8999999999999488, 150.0000000000000000, 50.00000000000000000 ) ) ;
#7328 = CARTESIAN_POINT ( 'NONE',  ( -208.8999999617795993, 190.4999999075724304, 0.001760523687963422724 ) ) ;
#7329 = CARTESIAN_POINT ( 'NONE',  ( 215.7696276070408032, -183.4979560614961542, 1.385200139745411896 ) ) ;
#7330 = CARTESIAN_POINT ( 'NONE',  ( -192.6009146127481415, -172.5801629470335001, 16.47747397885651566 ) ) ;
#7331 = FACE_BOUND ( 'NONE', #3623, .T. ) ;
#7332 = CARTESIAN_POINT ( 'NONE',  ( 211.8799595909352433, -185.9773754602531426, 6.468546719897052100 ) ) ;
#7333 = CARTESIAN_POINT ( 'NONE',  ( -130.5208799403991407, 113.9582409062580979, 33.13009662528826027 ) ) ;
#7334 = CARTESIAN_POINT ( 'NONE',  ( -210.3934627352658993, 182.5338533214782331, 8.693563007549601096 ) ) ;
#7335 = CARTESIAN_POINT ( 'NONE',  ( -27.70586875086424783, 21.48955809604684575, 50.00397402154853665 ) ) ;
#7336 = CARTESIAN_POINT ( 'NONE',  ( -215.7139831384924946, 185.3317611945712997, 0.2445132375964676474 ) ) ;
#7337 = CARTESIAN_POINT ( 'NONE',  ( 174.1178702720171714, 155.6471202784249499, 22.74470622063459047 ) ) ;
#7338 = CARTESIAN_POINT ( 'NONE',  ( 208.7256665008885932, -189.9924899142598633, 2.849498300758857017 ) ) ;
#7339 = CARTESIAN_POINT ( 'NONE',  ( 50.58039222084150310, -44.84287194725393277, 46.29156650309899845 ) ) ;
#7340 = CARTESIAN_POINT ( 'NONE',  ( 206.2156785505412131, -183.2856500388706422, 10.29277142811165113 ) ) ;
#7341 = CARTESIAN_POINT ( 'NONE',  ( 24.56112791333122303, -25.05494408433267139, 50.01034834288759612 ) ) ;
#7342 = CARTESIAN_POINT ( 'NONE',  ( -39.36735655053039551, 34.73657509956765210, 48.01906758043655543 ) ) ;
#7343 = CARTESIAN_POINT ( 'NONE',  ( -200.7475375756870335, 180.4025979135696502, 12.45174508217720089 ) ) ;
#7344 = CARTESIAN_POINT ( 'NONE',  ( -215.2686977656563840, 185.2347043572855796, 2.565261581559287851 ) ) ;
#7345 = DIRECTION ( 'NONE',  ( 0.000000000000000000, 0.000000000000000000, 1.000000000000000000 ) ) ;
#7346 = DIRECTION ( 'NONE',  ( -1.000000000000000000, 0.000000000000000000, 0.000000000000000000 ) ) ;
#7347 = CARTESIAN_POINT ( 'NONE',  ( -215.2891136206951899, 185.9221287110596847, 1.572841732870239317 ) ) ;
#7348 = CARTESIAN_POINT ( 'NONE',  ( -215.8999999999999204, 150.0000000000000000, 50.00000000000000000 ) ) ;
#7349 = AXIS2_PLACEMENT_3D ( 'NONE', #5099, #5649, #3353 ) ;
#7350 = CARTESIAN_POINT ( 'NONE',  ( 192.7616208961099744, -168.7569157069233370, 17.56374235524807048 ) ) ;
#7351 = DIRECTION ( 'NONE',  ( 0.000000000000000000, 0.000000000000000000, 1.000000000000000000 ) ) ;
#7352 = CARTESIAN_POINT ( 'NONE',  ( -183.2524568777493528, 160.5525618695693026, 20.75665253110043551 ) ) ;
#7353 = CARTESIAN_POINT ( 'NONE',  ( -214.5718427820327179, 183.3163941515640545, 4.360739780451408087 ) ) ;
#7354 = CARTESIAN_POINT ( 'NONE',  ( 71.77497888172946716, -62.40867466249331130, 43.09983413618678583 ) ) ;
#7355 = CARTESIAN_POINT ( 'NONE',  ( -212.4876474373918143, -182.4606020272415208, 6.957985493678224387 ) ) ;
#7356 = CARTESIAN_POINT ( 'NONE',  ( 211.9646644071929700, 191.7413684786263843, 0.000000000000000000 ) ) ;
#7357 = CARTESIAN_POINT ( 'NONE',  ( 215.9000024766932313, 190.5000011228512733, -0.002097694381279777923 ) ) ;
#7358 = CARTESIAN_POINT ( 'NONE',  ( 215.8999999999999773, -183.4999999999999716, 6.062116553582942984E-05 ) ) ;
#7359 = CARTESIAN_POINT ( 'NONE',  ( 166.6612428276642675, -148.9291478234634667, 24.73709666259738071 ) ) ;
#7360 = CARTESIAN_POINT ( 'NONE',  ( -154.3722260073967050, -137.9017335167624765, 27.73932318850883760 ) ) ;
#7361 = ORIENTED_EDGE ( 'NONE', *, *, #6489, .T. ) ;
#7362 = VERTEX_POINT ( 'NONE', #5610 ) ;
#7363 = DIRECTION ( 'NONE',  ( -0.9999999967986707983, 8.001661463974391432E-05, 0.000000000000000000 ) ) ;
#7364 = CARTESIAN_POINT ( 'NONE',  ( -215.7178087366782222, 185.3322351905149787, -9.771776180651121099E-05 ) ) ;
#7365 = CARTESIAN_POINT ( 'NONE',  ( 215.0127579155361559, -187.0245058579672275, 0.2394476345494203628 ) ) ;
#7366 = CARTESIAN_POINT ( 'NONE',  ( -181.8788582828644564, -158.2762809278272869, 21.23051738169094804 ) ) ;
#7367 = DIRECTION ( 'NONE',  ( 1.000000000000000000, 0.000000000000000000, 0.000000000000000000 ) ) ;
#7368 = EDGE_CURVE ( 'NONE', #1558, #877, #5353, .T. ) ;
#7369 = CARTESIAN_POINT ( 'NONE',  ( 213.3018467917628413, -186.0896909041546508, 5.155922708647515229 ) ) ;
#7370 = CARTESIAN_POINT ( 'NONE',  ( -144.4767274738252922, 128.5322830023474694, 30.03661655099275762 ) ) ;
#7371 = CARTESIAN_POINT ( 'NONE',  ( -210.0499716029810315, 185.3028628454023021, 7.892216591025563943 ) ) ;
#7372 = CARTESIAN_POINT ( 'NONE',  ( 215.7294826779415473, -183.9502450436761478, 1.573942848299071384 ) ) ;
#7373 = CARTESIAN_POINT ( 'NONE',  ( -213.1971351768542888, 189.0959263046915737, 0.2551896513831042324 ) ) ;
#7374 = CARTESIAN_POINT ( 'NONE',  ( 176.1601546835781562, 153.3776491127449049, 22.89863593680205511 ) ) ;
#7375 = CARTESIAN_POINT ( 'NONE',  ( 205.8612330506111334, -185.8081857144105697, 8.544109307303939360 ) ) ;
#7376 = CARTESIAN_POINT ( 'NONE',  ( 100.0363630247498037, -87.67149990699718387, 38.49953410968255696 ) ) ;
#7377 = CARTESIAN_POINT ( 'NONE',  ( 209.8276375933087081, -182.1424848132996317, 9.141653338149115626 ) ) ;
#7378 = CARTESIAN_POINT ( 'NONE',  ( -35.46532925228871846, 31.55538501333110446, 48.58608953161461130 ) ) ;
#7379 = CARTESIAN_POINT ( 'NONE',  ( -201.9036936291603865, 175.4662143151080613, 13.83331642689421770 ) ) ;
#7380 = CARTESIAN_POINT ( 'NONE',  ( -209.7342135576294595, 190.3934966160597639, 1.335752156143548364 ) ) ;
#7381 = CARTESIAN_POINT ( 'NONE',  ( 215.7311553181737906, 142.1634460671110389, 1.580433870365707927 ) ) ;
#7382 = CARTESIAN_POINT ( 'NONE',  ( -225.8999999999999204, 150.0000000000000000, 37.50000000000000000 ) ) ;
#7383 = CARTESIAN_POINT ( 'NONE',  ( -34.06914510666355511, 8.282997321438358540, 58.60231687948895996 ) ) ;
#7384 = CARTESIAN_POINT ( 'NONE',  ( -35.00000000000000711, -2.092865675588832630, 58.54591266636800384 ) ) ;
#7385 = CARTESIAN_POINT ( 'NONE',  ( 197.1461569735149624, -176.8920594116593463, 14.39245866155565068 ) ) ;
#7386 = CARTESIAN_POINT ( 'NONE',  ( -217.6262257813714314, -184.6523226538222673, 0.000000000000000000 ) ) ;
#7387 = CARTESIAN_POINT ( 'NONE',  ( -186.0619372782033736, 164.9499942202421323, 19.50904866056297848 ) ) ;
#7388 = VECTOR ( 'NONE', #2543, 1000.000000000000000 ) ;
#7389 = CARTESIAN_POINT ( 'NONE',  ( -213.9062492839598235, 185.5434866681009112, 4.694750864294328530 ) ) ;
#7390 = CARTESIAN_POINT ( 'NONE',  ( 211.1609930587141264, -189.5578083419944448, 2.808442434821095013 ) ) ;
#7391 = CARTESIAN_POINT ( 'NONE',  ( 167.9722092239422864, -146.3124734447964101, 25.04843908702918043 ) ) ;
#7392 = CARTESIAN_POINT ( 'NONE',  ( 29.01723204948848078, -19.68019841075663834, 58.84329635398940894 ) ) ;
#7393 = CARTESIAN_POINT ( 'NONE',  ( 215.2973043997450588, 189.5260935657150867, 0.000000000000000000 ) ) ;
#7394 = CARTESIAN_POINT ( 'NONE',  ( 215.8999999999998636, 183.5000000171231420, -0.001682280009338224611 ) ) ;
#7395 = CARTESIAN_POINT ( 'NONE',  ( 215.3671467096639844, -186.1787822617398831, 0.01261463986070511870 ) ) ;
#7396 = CARTESIAN_POINT ( 'NONE',  ( 166.9838637396799470, -148.5937797861791694, 24.84392505964448716 ) ) ;
#7397 = CARTESIAN_POINT ( 'NONE',  ( -214.8139545394089680, 183.3856584489107036, 3.991990879690429761 ) ) ;
#7398 = VECTOR ( 'NONE', #3704, 1000.000000000000000 ) ;
#7399 = ORIENTED_EDGE ( 'NONE', *, *, #519, .F. ) ;
#7400 = VERTEX_POINT ( 'NONE', #7271 ) ;
#7401 = AXIS2_PLACEMENT_3D ( 'NONE', #5008, #6845, #3226 ) ;
#7402 = CARTESIAN_POINT ( 'NONE',  ( 215.8999999999998920, -63.49999999999994316, 0.000000000000000000 ) ) ;
#7403 = CARTESIAN_POINT ( 'NONE',  ( -213.8497474683058783, 188.4497474683058442, -0.02036510045201300398 ) ) ;
#7404 = CARTESIAN_POINT ( 'NONE',  ( 209.8131496954848672, -190.4973205953875777, 0.2220363003773592192 ) ) ;
#7405 = CARTESIAN_POINT ( 'NONE',  ( -213.5351391315930414, -182.9519005255567095, 5.801314990555667350 ) ) ;
#7406 = CARTESIAN_POINT ( 'NONE',  ( 210.0338476085891841, -189.3356459887455969, 4.063801483408262527 ) ) ;
#7407 = CARTESIAN_POINT ( 'NONE',  ( -129.6851251237265785, 114.9045524827892564, 33.11954610874951754 ) ) ;
#7408 = CIRCLE ( 'NONE', #2872, 12.50000000000001066 ) ;
#7409 = CARTESIAN_POINT ( 'NONE',  ( -209.1835868789368078, 187.1073879039943222, 6.953764674797636935 ) ) ;
#7410 = EDGE_CURVE ( 'NONE', #2249, #4051, #1944, .T. ) ;
#7411 = CARTESIAN_POINT ( 'NONE',  ( 210.6215448389392577, -190.1164356070550809, 1.587058679105108228 ) ) ;
#7412 = CARTESIAN_POINT ( 'NONE',  ( -215.7174549265222652, 185.3321905576156325, 0.07356012708413775525 ) ) ;
#7413 = CARTESIAN_POINT ( 'NONE',  ( 213.8881729994751026, 183.0934928402901107, 5.357749122021763455 ) ) ;
#7414 = CARTESIAN_POINT ( 'NONE',  ( 210.6178955886910558, -190.2160800428044070, 1.380096804183306602 ) ) ;
#7415 = CARTESIAN_POINT ( 'NONE',  ( 208.8460604039522366, -190.3381654394181339, 1.603115278390417897 ) ) ;
#7416 = CARTESIAN_POINT ( 'NONE',  ( 99.74156172206289739, -88.00558253509568374, 38.49509156698250933 ) ) ;
#7417 = CARTESIAN_POINT ( 'NONE',  ( 211.8008553167861692, -182.0784936783758496, 7.596495219982188907 ) ) ;
#7418 = CARTESIAN_POINT ( 'NONE',  ( -39.43462431094597775, 34.65977425902587328, 48.01997366817819568 ) ) ;
#7419 = CARTESIAN_POINT ( 'NONE',  ( -205.9076876167651164, 178.6155633316978992, 11.73819955699917550 ) ) ;
#7420 =( BOUNDED_SURFACE ( )  B_SPLINE_SURFACE ( 3, 2, ( 
 ( #6111, #669, #706 ),
 ( #5524, #7335, #1934 ),
 ( #4351, #6336, #270 ),
 ( #426, #4026, #2160 ),
 ( #4621, #2748, #6971 ),
 ( #2788, #981, #2083 ),
 ( #346, #5164, #3944 ),
 ( #1575, #7012, #7563 ),
 ( #938, #4505, #7057 ),
 ( #1500, #4666, #3343 ),
 ( #7642, #5789, #6418 ),
 ( #5747, #2671, #5829 ),
 ( #2829, #2123, #1619 ),
 ( #2243, #6265, #5202 ),
 ( #7601, #2201, #3305 ),
 ( #3983, #6894, #5243 ),
 ( #4581, #7488, #1024 ),
 ( #6375, #3907, #3386 ),
 ( #1536, #5713, #1661 ),
 ( #5088, #6302, #865 ),
 ( #387, #3270, #3424 ),
 ( #5676, #903, #306 ),
 ( #2707, #5123, #7526 ),
 ( #4544, #6931, #3029 ),
 ( #1063, #7136, #6501 ),
 ( #3588, #7174, #1775 ),
 ( #3625, #6612, #6539 ),
 ( #2875, #5989, #510 ),
 ( #548, #4191, #6461 ),
 ( #7724, #2990, #7685 ) ),
 .UNSPECIFIED., .F., .F., .F. ) 
 B_SPLINE_SURFACE_WITH_KNOTS ( ( 4, 2, 2, 2, 2, 2, 2, 2, 2, 2, 2, 2, 2, 2, 4 ),
 ( 3, 3 ),
 ( 0.000000000000000000, 0.008007289245463051694, 0.01201093386819457667, 0.01401275617956034003, 0.01601457849092610339, 0.02402186773638915335, 0.02802551235912068006, 0.03202915698185220678, 0.04003644622731525327, 0.04404009085004677998, 0.04604191316141253987, 0.04804373547277830669, 0.05605102471824136012, 0.06005466934097288684, 0.06405831396370441355 ),
 ( 0.000000000000000000, 1.000000000000000000 ),
 .UNSPECIFIED. ) 
 GEOMETRIC_REPRESENTATION_ITEM ( )  RATIONAL_B_SPLINE_SURFACE ( (
 ( 1.000000000000000000, 0.7458199749283133118, 1.000000000000000000),
 ( 1.000000000000000000, 0.7475297633803975605, 1.000000000000000000),
 ( 1.000000000000000000, 0.7492983410195340754, 1.000000000000000000),
 ( 1.000000000000000000, 0.7518481766730092941, 1.000000000000000000),
 ( 1.000000000000000000, 0.7526805865634423887, 1.000000000000000000),
 ( 1.000000000000000000, 0.7538751206354025181, 1.000000000000000000),
 ( 1.000000000000000000, 0.7542642622148253428, 1.000000000000000000),
 ( 1.000000000000000000, 0.7550196300969219676, 1.000000000000000000),
 ( 1.000000000000000000, 0.7553865947013672644, 1.000000000000000000),
 ( 1.000000000000000000, 0.7571361511062308924, 1.000000000000000000),
 ( 1.000000000000000000, 0.7582700265975819143, 1.000000000000000000),
 ( 1.000000000000000000, 0.7594331328121020075, 1.000000000000000000),
 ( 1.000000000000000000, 0.7597318230327090305, 1.000000000000000000),
 ( 1.000000000000000000, 0.7601343198249972399, 1.000000000000000000),
 ( 1.000000000000000000, 0.7602375013836983886, 1.000000000000000000),
 ( 1.000000000000000000, 0.7602382698448829634, 1.000000000000000000),
 ( 1.000000000000000000, 0.7598313773067866261, 1.000000000000000000),
 ( 1.000000000000000000, 0.7586739357190054323, 1.000000000000000000),
 ( 1.000000000000000000, 0.7581973905519455714, 1.000000000000000000),
 ( 1.000000000000000000, 0.7573594429774853642, 1.000000000000000000),
 ( 1.000000000000000000, 0.7570588001321053584, 1.000000000000000000),
 ( 1.000000000000000000, 0.7564244960696663300, 1.000000000000000000),
 ( 1.000000000000000000, 0.7560908508447645726, 1.000000000000000000),
 ( 1.000000000000000000, 0.7543513456160232389, 1.000000000000000000),
 ( 1.000000000000000000, 0.7527318273704497464, 1.000000000000000000),
 ( 1.000000000000000000, 0.7501769610253012921, 1.000000000000000000),
 ( 1.000000000000000000, 0.7493043950907458672, 1.000000000000000000),
 ( 1.000000000000000000, 0.7475508277043960703, 1.000000000000000000),
 ( 1.000000000000000000, 0.7466744816938083451, 1.000000000000000000),
 ( 1.000000000000000000, 0.7458199749324205818, 1.000000000000000000) ) ) 
 REPRESENTATION_ITEM ( '' )  SURFACE ( )  );
#7421 = CARTESIAN_POINT ( 'NONE',  ( -212.9251006736258489, 188.9453496109318564, 2.059164834561044710 ) ) ;
#7422 = PLANE ( 'NONE',  #550 ) ;
#7423 = CARTESIAN_POINT ( 'NONE',  ( -215.7315157580498806, 130.4773938980727337, 1.581576736253665461 ) ) ;
#7424 = ORIENTED_EDGE ( 'NONE', *, *, #3312, .T. ) ;
#7425 = CARTESIAN_POINT ( 'NONE',  ( -215.6108196260216232, 186.0440770171416034, -2.980272602931114166E-12 ) ) ;
#7426 = CARTESIAN_POINT ( 'NONE',  ( -34.26093419604258372, -7.229673341771713169, 58.59086326027141212 ) ) ;
#7427 = CARTESIAN_POINT ( 'NONE',  ( 198.9858255387904933, -175.0468342614594519, 14.88230862851793823 ) ) ;
#7428 = CARTESIAN_POINT ( 'NONE',  ( -225.8999999999999204, 150.0000000000000000, 37.50000000000000000 ) ) ;
#7429 = CARTESIAN_POINT ( 'NONE',  ( -190.7696155687691828, 170.8739110410573687, 17.21451496487090438 ) ) ;
#7430 = CARTESIAN_POINT ( 'NONE',  ( -212.9556459787835649, 186.8189848062891940, 4.985382239424611228 ) ) ;
#7431 = CARTESIAN_POINT ( 'NONE',  ( 215.0767758839798205, -185.1716961091313749, 3.073609587835468560 ) ) ;
#7432 = CARTESIAN_POINT ( 'NONE',  ( 33.61501813227835100, 9.762434718216210783, 58.62785129566496067 ) ) ;
#7433 = CARTESIAN_POINT ( 'NONE',  ( 210.7107934979748620, -190.4394608714351875, 9.412519630917913594E-13 ) ) ;
#7434 = CARTESIAN_POINT ( 'NONE',  ( 209.7929030215079536, 190.6258561070771407, -5.190283955558280750E-12 ) ) ;
#7435 = CARTESIAN_POINT ( 'NONE',  ( 215.8999653974984199, 183.4999996109721678, 0.02279943395394112490 ) ) ;
#7436 = CARTESIAN_POINT ( 'NONE',  ( 210.7322315508311874, -190.3178064195778632, 0.007222429133950735748 ) ) ;
#7437 = CARTESIAN_POINT ( 'NONE',  ( 155.4478439045453229, -138.8668611600326415, 27.47647258187746999 ) ) ;
#7438 = CARTESIAN_POINT ( 'NONE',  ( -215.7293584012460599, 183.4967789680677015, 1.574680594478692131 ) ) ;
#7439 = ORIENTED_EDGE ( 'NONE', *, *, #5439, .T. ) ;
#7440 = CARTESIAN_POINT ( 'NONE',  ( 34.03149187687995436, 8.243552513078837407, 58.60434059944436314 ) ) ;
#7441 = CARTESIAN_POINT ( 'NONE',  ( -214.4976678967873625, 187.8018270398243885, -0.1419693965932708468 ) ) ;
#7442 = CARTESIAN_POINT ( 'NONE',  ( 215.3515404838822747, -186.1761259392514489, 0.4906667476280376916 ) ) ;
#7443 = CARTESIAN_POINT ( 'NONE',  ( -208.6695171221915643, -189.8540820133633531, 3.204117051059184096 ) ) ;
#7444 = CARTESIAN_POINT ( 'NONE',  ( -215.7293584012458325, -183.4967789686986919, 1.574680594478672369 ) ) ;
#7445 = CARTESIAN_POINT ( 'NONE',  ( 208.5881704143773447, -189.6715474720551526, 3.614575355292823033 ) ) ;
#7446 = CARTESIAN_POINT ( 'NONE',  ( -137.2174170812260456, 121.5729149504923043, 31.66361650338967593 ) ) ;
#7447 = CARTESIAN_POINT ( 'NONE',  ( -209.8948084650957924, 186.0199831155971424, 7.574746797140174515 ) ) ;
#7448 = B_SPLINE_CURVE_WITH_KNOTS ( 'NONE', 3,
 ( #7088, #2980, #1768, #4183, #7753, #1173, #7792, #617, #2314, #7200, #5233, #6491, #6450, #1692, #4809, #5905, #1210, #1801, #7631, #1094, #3501, #501, #2233 ),
 .UNSPECIFIED., .F., .F.,
 ( 4, 2, 2, 2, 2, 2, 2, 2, 1, 2, 2, 4 ),
 ( 0.000000000000000000, 0.001722944703901780955, 0.002584417055852630558, 0.003445889407803479944, 0.005168834111705178716, 0.006891778815606877488, 0.008614723519508576260, 0.009476195871459439091, 0.01033766822341030019, 0.01119914057536116128, 0.01206061292731202238, 0.01378355763121372722 ),
 .UNSPECIFIED. ) ;
#7449 = CARTESIAN_POINT ( 'NONE',  ( 211.0532505304810229, -189.9880060780056112, 1.584508446293052097 ) ) ;
#7450 = CARTESIAN_POINT ( 'NONE',  ( -213.2015591455347021, 189.0975664238122249, 0.06127336403910263463 ) ) ;
#7451 = EDGE_CURVE ( 'NONE', #7400, #2771, #3586, .T. ) ;
#7452 = CARTESIAN_POINT ( 'NONE',  ( 212.7778710831203739, 187.8835062245114500, 6.889102407494111624 ) ) ;
#7453 = CARTESIAN_POINT ( 'NONE',  ( 215.5189034444677247, -183.4858168349128107, 2.348414559650759070 ) ) ;
#7454 = FACE_OUTER_BOUND ( 'NONE', #6763, .T. ) ;
#7455 = CARTESIAN_POINT ( 'NONE',  ( 84.82208901985224259, -74.48968249515800721, 40.99609510683538360 ) ) ;
#7456 = CARTESIAN_POINT ( 'NONE',  ( 208.4066708525694196, -185.4188232781751537, 8.496485619135123457 ) ) ;
#7457 = CARTESIAN_POINT ( 'NONE',  ( -50.63309719593544145, 44.78327415779805420, 46.29471978012654887 ) ) ;
#7458 = CARTESIAN_POINT ( 'NONE',  ( -206.2707539222126343, 181.3213213372099801, 11.07678442514401951 ) ) ;
#7459 = CARTESIAN_POINT ( 'NONE',  ( -214.8404767552902683, 186.9776856009799531, 1.603777643656506768 ) ) ;
#7460 = CARTESIAN_POINT ( 'NONE',  ( 225.8999999999999488, -190.5000000000000284, 70.00000000000000000 ) ) ;
#7461 = CARTESIAN_POINT ( 'NONE',  ( 33.01262735438949392, 28.90003035850330448, 48.99633025713273327 ) ) ;
#7462 = DIRECTION ( 'NONE',  ( -0.9999999967986707983, 8.001661459811055090E-05, 0.000000000000000000 ) ) ;
#7463 = CARTESIAN_POINT ( 'NONE',  ( -225.8999999999999204, 190.5000000000000853, 70.00000000000000000 ) ) ;
#7464 = CARTESIAN_POINT ( 'NONE',  ( 200.4388331590528480, -179.0067374559371842, 13.24108502747118976 ) ) ;
#7465 = CARTESIAN_POINT ( 'NONE',  ( -215.7293584012458325, -183.4967789686987487, 1.574680594478589546 ) ) ;
#7466 = EDGE_CURVE ( 'NONE', #413, #4852, #3943, .T. ) ;
#7467 = CARTESIAN_POINT ( 'NONE',  ( -192.6011161860251661, 172.5803516287040225, 16.47739016464368333 ) ) ;
#7468 = CARTESIAN_POINT ( 'NONE',  ( -212.3256614826892132, 188.4079021216394665, 3.906185631963930316 ) ) ;
#7469 = CARTESIAN_POINT ( 'NONE',  ( 214.3878078490649273, -185.8007537301749039, 3.839741483280169732 ) ) ;
#7470 = DIRECTION ( 'NONE',  ( 0.000000000000000000, 0.000000000000000000, 1.000000000000000000 ) ) ;
#7471 = CARTESIAN_POINT ( 'NONE',  ( 211.8967301731844373, -189.6551988556532535, 1.580394705298375779 ) ) ;
#7472 = CARTESIAN_POINT ( 'NONE',  ( 208.8999999999998067, 190.5000000000000284, -0.002313314995922302435 ) ) ;
#7473 = CARTESIAN_POINT ( 'NONE',  ( 213.8497389345303077, -188.4497447032813682, 0.01134281116751439077 ) ) ;
#7474 = CARTESIAN_POINT ( 'NONE',  ( 174.4664845410367207, -155.2896836261891451, 22.86603894119639335 ) ) ;
#7475 = CARTESIAN_POINT ( 'NONE',  ( -215.2338923200849479, 183.4574704807258172, 3.112794559024143481 ) ) ;
#7476 = EDGE_LOOP ( 'NONE', ( #3295, #5754, #4630, #465 ) ) ;
#7477 = VECTOR ( 'NONE', #5607, 1000.000000000000000 ) ;
#7478 = ORIENTED_EDGE ( 'NONE', *, *, #3174, .T. ) ;
#7479 = CARTESIAN_POINT ( 'NONE',  ( 32.00094551064251647, 14.33131270616243391, 50.00914480863033873 ) ) ;
#7480 = CARTESIAN_POINT ( 'NONE',  ( -215.0165047184799221, 187.0253328625963150, -0.1419693965932708468 ) ) ;
#7481 = CARTESIAN_POINT ( 'NONE',  ( 213.1971351768541467, -189.0959263046914600, 0.2551896513842433212 ) ) ;
#7482 = CARTESIAN_POINT ( 'NONE',  ( -208.8315775943387962, -190.2930275873845574, 1.815567168864859360 ) ) ;
#7483 = CARTESIAN_POINT ( 'NONE',  ( -225.8999999999999204, 150.0000000000000000, 62.50000000000001421 ) ) ;
#7484 = CARTESIAN_POINT ( 'NONE',  ( 214.1974640469307190, -183.9655778086565761, 4.937833349930128790 ) ) ;
#7485 = CARTESIAN_POINT ( 'NONE',  ( -170.8945376735317438, 151.7624286379805199, 23.92165808262044280 ) ) ;
#7486 = PRODUCT_DEFINITION_FORMATION_WITH_SPECIFIED_SOURCE ( 'ANY', '', #143, .NOT_KNOWN. ) ;
#7487 = CARTESIAN_POINT ( 'NONE',  ( -210.6139076013061526, 186.7140016448725817, 6.747272933022400387 ) ) ;
#7488 = CARTESIAN_POINT ( 'NONE',  ( -34.80921041064893728, -4.209662478208345604, 50.00180277335793733 ) ) ;
#7489 = CARTESIAN_POINT ( 'NONE',  ( -215.0162927015111904, 187.0252852147094700, 0.05712773607659586694 ) ) ;
#7490 = CARTESIAN_POINT ( 'NONE',  ( 214.7248243735804465, -186.9336206689222308, 2.074530635359387531 ) ) ;
#7491 = CARTESIAN_POINT ( 'NONE',  ( 24.58341767143447498, -25.03911886656257124, 50.00000000000000000 ) ) ;
#7492 = CARTESIAN_POINT ( 'NONE',  ( 210.1930349914568978, -184.6111631939071458, 8.186331935570278162 ) ) ;
#7493 = CARTESIAN_POINT ( 'NONE',  ( -76.77370830305156346, 68.39349331925289732, 42.15520010791143335 ) ) ;
#7494 = ORIENTED_EDGE ( 'NONE', *, *, #3462, .T. ) ;
#7495 = CARTESIAN_POINT ( 'NONE',  ( -207.4487665045490701, 179.7774683256540698, 10.81953867105197808 ) ) ;
#7496 = CARTESIAN_POINT ( 'NONE',  ( -213.7231842042015728, 188.4029326890639311, 1.345520822320255716 ) ) ;
#7497 = CARTESIAN_POINT ( 'NONE',  ( 215.8999999999999204, 190.5000000000000568, 70.00000000000000000 ) ) ;
#7498 = CARTESIAN_POINT ( 'NONE',  ( 18.55443378854833369, 29.70249228659013596, 58.49298023585688355 ) ) ;
#7499 = CYLINDRICAL_SURFACE ( 'NONE', #6630, 10.00000000000000888 ) ;
#7500 = CARTESIAN_POINT ( 'NONE',  ( 199.9410268423349919, -175.8759929252643701, 14.45479945311323533 ) ) ;
#7501 = FACE_OUTER_BOUND ( 'NONE', #7476, .T. ) ;
#7502 = CARTESIAN_POINT ( 'NONE',  ( -186.8594567332142162, 164.0671840115151667, 19.57014392076047216 ) ) ;
#7503 = CARTESIAN_POINT ( 'NONE',  ( 20.56467949207088353, -38.03346880738963876, 48.54576608582559771 ) ) ;
#7504 = CARTESIAN_POINT ( 'NONE',  ( -211.6118811856155162, 188.8532662256597234, 3.895536339523020253 ) ) ;
#7505 = CARTESIAN_POINT ( 'NONE',  ( 215.0260768072250244, -183.4218743852544264, 3.547532176488609412 ) ) ;
#7506 = EDGE_CURVE ( 'NONE', #7287, #7055, #740, .T. ) ;
#7507 = CYLINDRICAL_SURFACE ( 'NONE', #1118, 7.500000000000007105 ) ;
#7508 = CARTESIAN_POINT ( 'NONE',  ( -225.8999999999999204, 150.0000000000000000, 37.50000000000000000 ) ) ;
#7509 = CARTESIAN_POINT ( 'NONE',  ( -174.4077664182792375, -190.6787150056059090, 1.157456780748580029E-09 ) ) ;
#7510 = CARTESIAN_POINT ( 'NONE',  ( 211.5787840265556099, -189.9671567275789812, 6.062116553582942984E-05 ) ) ;
#7511 = CARTESIAN_POINT ( 'NONE',  ( 180.2525959534894469, -160.1282277109257564, 21.24701510569363450 ) ) ;
#7512 = CYLINDRICAL_SURFACE ( 'NONE', #5891, 7.500000000000007105 ) ;
#7513 = CIRCLE ( 'NONE', #5122, 2.000000000000003553 ) ;
#7514 = VERTEX_POINT ( 'NONE', #7310 ) ;
#7515 = LINE ( 'NONE', #6449, #1997 ) ;
#7516 = CARTESIAN_POINT ( 'NONE',  ( 39.81246702615409561, -17.84026007904131106, 48.80919780664505225 ) ) ;
#7517 = CARTESIAN_POINT ( 'NONE',  ( -212.4253328625963491, 189.6165047184798027, -0.1014346312128484584 ) ) ;
#7518 = CIRCLE ( 'NONE', #3499, 7.500000000000007105 ) ;
#7519 = CARTESIAN_POINT ( 'NONE',  ( 215.0104190520821419, -187.0239965888924019, 0.3012433962952640876 ) ) ;
#7520 = CARTESIAN_POINT ( 'NONE',  ( -215.0255929715834498, -183.4217842831849623, 3.548500675307769914 ) ) ;
#7521 = CARTESIAN_POINT ( 'NONE',  ( 210.8999999999999773, -150.0000000000000000, 42.49999999999999289 ) ) ;
#7522 = CARTESIAN_POINT ( 'NONE',  ( 213.8858374065922021, -183.8381426395271205, 5.369472920717727860 ) ) ;
#7523 = CARTESIAN_POINT ( 'NONE',  ( -171.0615107485062936, 151.5842691777726827, 23.95953354863929619 ) ) ;
#7524 = AXIS2_PLACEMENT_3D ( 'NONE', #3841, #6241, #6749 ) ;
#7525 = CARTESIAN_POINT ( 'NONE',  ( -209.4228578045057247, 186.4494108477088048, 7.461092649880018080 ) ) ;
#7526 = CARTESIAN_POINT ( 'NONE',  ( -40.99364410180498908, -14.76515140224474187, 48.76715143287013632 ) ) ;
#7527 = CARTESIAN_POINT ( 'NONE',  ( -211.5786077405191747, 189.9670666040967149, 0.04852769830005420476 ) ) ;
#7528 = CARTESIAN_POINT ( 'NONE',  ( 211.3311029532677026, -189.7611392000551973, 2.052121946205421654 ) ) ;
#7529 = CARTESIAN_POINT ( 'NONE',  ( -10.98560927803794840, -33.29831985775555125, 50.00000000000005684 ) ) ;
#7530 = CARTESIAN_POINT ( 'NONE',  ( 210.0629415206541637, -183.0031976301198142, 8.779264013614934470 ) ) ;
#7531 = CARTESIAN_POINT ( 'NONE',  ( -77.42325027833696538, 67.66078938720508518, 42.18979695363429272 ) ) ;
#7532 =( BOUNDED_SURFACE ( )  B_SPLINE_SURFACE ( 3, 2, ( 
 ( #7082, #2732, #291 ),
 ( #2693, #7509, #6915 ),
 ( #1521, #3928, #5735 ),
 ( #6324, #5148, #2146 ),
 ( #6954, #962, #7231 ),
 ( #1167, #6597, #2308 ),
 ( #645, #62, #571 ),
 ( #4877, #2934, #3646 ),
 ( #7121, #5936, #3572 ),
 ( #2972, #4765, #1241 ) ),
 .UNSPECIFIED., .F., .F., .F. ) 
 B_SPLINE_SURFACE_WITH_KNOTS ( ( 4, 2, 2, 2, 4 ),
 ( 3, 3 ),
 ( -2.775557561562891351E-17, 0.1044222962608142985, 0.2088445925216286247, 0.3132668887824429094, 0.4176891850432572495 ),
 ( 0.000000000000000000, 1.000000000000000000 ),
 .UNSPECIFIED. ) 
 GEOMETRIC_REPRESENTATION_ITEM ( )  RATIONAL_B_SPLINE_SURFACE ( (
 ( 1.000000000000000000, 0.7740937791496965703, 1.000000000000000000),
 ( 1.000000000000000000, 0.7823914497524419032, 1.000000000000000000),
 ( 1.000000000000000000, 0.7927172936153210614, 1.000000000000000000),
 ( 1.000000000000000000, 0.8101586004556464715, 1.000000000000000000),
 ( 1.000000000000000000, 0.8168417782414059136, 1.000000000000000000),
 ( 1.000000000000000000, 0.8168417782414059136, 1.000000000000000000),
 ( 1.000000000000000000, 0.8101586023273589232, 1.000000000000000000),
 ( 1.000000000000000000, 0.7927172639169378643, 1.000000000000000000),
 ( 1.000000000000000000, 0.7823914822067171704, 1.000000000000000000),
 ( 1.000000000000000000, 0.7740937801083248582, 1.000000000000000000) ) ) 
 REPRESENTATION_ITEM ( '' )  SURFACE ( )  );
#7533 = EDGE_LOOP ( 'NONE', ( #7143, #5226, #6538, #814, #909, #773, #4609, #6577 ) ) ;
#7534 = CARTESIAN_POINT ( 'NONE',  ( -204.6460009091289010, 183.7774529339956757, 10.21046958881451516 ) ) ;
#7535 = CARTESIAN_POINT ( 'NONE',  ( -215.7296784047117910, 184.4011818182793263, 1.578875094281600111 ) ) ;
#7536 = CARTESIAN_POINT ( 'NONE',  ( -25.98792475563373117, -23.44414141945744134, 58.92519608697405431 ) ) ;
#7537 = CARTESIAN_POINT ( 'NONE',  ( -215.7296869588576556, 176.4275275621844798, 1.575734852279206066 ) ) ;
#7538 = ORIENTED_EDGE ( 'NONE', *, *, #5769, .T. ) ;
#7539 = CARTESIAN_POINT ( 'NONE',  ( -32.78265958749825160, -29.15505984796082473, 48.99405119437487599 ) ) ;
#7540 = CARTESIAN_POINT ( 'NONE',  ( 139.2307456277790152, -190.3012669590297605, 1.486699970953093475 ) ) ;
#7541 = CARTESIAN_POINT ( 'NONE',  ( 201.0205872260817728, -178.4460297381412488, 13.42196970962155689 ) ) ;
#7542 = CARTESIAN_POINT ( 'NONE',  ( -211.1412140765807806, -192.0042375211195065, 0.000000000000000000 ) ) ;
#7543 = CARTESIAN_POINT ( 'NONE',  ( -197.7812593442684204, 174.4919214458483623, 15.29009246337494510 ) ) ;
#7544 = CARTESIAN_POINT ( 'NONE',  ( -211.4547461058169517, 188.6733339819398623, 4.292199588008535294 ) ) ;
#7545 = CARTESIAN_POINT ( 'NONE',  ( 209.6152390400375225, -190.1662849411738421, 2.323718228573318889 ) ) ;
#7546 = DIRECTION ( 'NONE',  ( 0.000000000000000000, 0.000000000000000000, 1.000000000000000000 ) ) ;
#7547 = EDGE_CURVE ( 'NONE', #4375, #3873, #6602, .T. ) ;
#7548 = FACE_OUTER_BOUND ( 'NONE', #2800, .T. ) ;
#7549 = VERTEX_POINT ( 'NONE', #1512 ) ;
#7550 = CARTESIAN_POINT ( 'NONE',  ( 208.8999999999953729, 190.5000000000000284, -0.7496718643774107349 ) ) ;
#7551 = CARTESIAN_POINT ( 'NONE',  ( 215.0165047184797800, -187.0253328625962581, -9.771776172708920058E-05 ) ) ;
#7552 = CARTESIAN_POINT ( 'NONE',  ( 171.7214852056778227, -150.8502059676292220, 24.00906570700852782 ) ) ;
#7553 = CARTESIAN_POINT ( 'NONE',  ( -217.6933995764283054, 61.16564526330640916, 0.000000000000000000 ) ) ;
#7554 = ORIENTED_EDGE ( 'NONE', *, *, #624, .T. ) ;
#7555 = CARTESIAN_POINT ( 'NONE',  ( 18.55349779674941502, 29.70308394468045776, 58.49292946352983336 ) ) ;
#7556 = CARTESIAN_POINT ( 'NONE',  ( 32.55411879326165092, -12.86562025061149228, 50.00836628439095222 ) ) ;
#7557 = CARTESIAN_POINT ( 'NONE',  ( -210.7322351905150697, 190.3178087366782165, -0.1825041619736932907 ) ) ;
#7558 = CARTESIAN_POINT ( 'NONE',  ( 215.0150461699722939, -187.0250084585609613, 0.1477306250592714532 ) ) ;
#7559 = CARTESIAN_POINT ( 'NONE',  ( -215.0230287710894004, -189.9143616538557069, 3.736383755033988230 ) ) ;
#7560 = SURFACE_STYLE_FILL_AREA ( #3339 ) ;
#7561 = CARTESIAN_POINT ( 'NONE',  ( 212.8302548479466623, -187.7496191914781036, 4.126821184284416688 ) ) ;
#7562 = CARTESIAN_POINT ( 'NONE',  ( -211.1668372008801100, 184.5720813989633200, 7.632552675181965895 ) ) ;
#7563 = CARTESIAN_POINT ( 'NONE',  ( -40.31000742521936075, 16.62589300385640456, 48.79190744907234034 ) ) ;
#7564 = CARTESIAN_POINT ( 'NONE',  ( -215.7168933942297997, 185.3321203750604411, 0.1197019082779461202 ) ) ;
#7565 = CARTESIAN_POINT ( 'NONE',  ( 214.4583457113903364, -186.8078342679364994, 2.922691800636188386 ) ) ;
#7566 = CARTESIAN_POINT ( 'NONE',  ( 215.7294826703251829, 183.9502173488629637, 1.573942893476719007 ) ) ;
#7567 = CARTESIAN_POINT ( 'NONE',  ( 211.2607388107546456, -182.4178881642805550, 8.077977654311558453 ) ) ;
#7568 = CARTESIAN_POINT ( 'NONE',  ( -54.34364545581836126, 48.18305230283476703, 45.71138338976833637 ) ) ;
#7569 = ORIENTED_EDGE ( 'NONE', *, *, #4958, .T. ) ;
#7570 = CARTESIAN_POINT ( 'NONE',  ( -202.9665604825420360, 182.6578272735648341, 10.99568614030518354 ) ) ;
#7571 = CARTESIAN_POINT ( 'NONE',  ( -212.3484265562400708, 189.5785810068791477, 1.023298831423967936 ) ) ;
#7572 = CARTESIAN_POINT ( 'NONE',  ( 204.7730853966811253, 184.5813365003939168, 9.577132648433732243 ) ) ;
#7573 = CARTESIAN_POINT ( 'NONE',  ( -39.55734560756798146, 18.42608684821311726, 48.81785006320666298 ) ) ;
#7574 = CARTESIAN_POINT ( 'NONE',  ( 35.64660616922267167, -31.34851911719432138, 48.59075171662676240 ) ) ;
#7575 =( LENGTH_UNIT ( ) NAMED_UNIT ( * ) SI_UNIT ( .MILLI., .METRE. ) );
#7576 = CARTESIAN_POINT ( 'NONE',  ( -215.1164085286391412, 186.3362281482926903, 1.572878268000222901 ) ) ;
#7577 = CARTESIAN_POINT ( 'NONE',  ( 199.7153573704002270, -174.1713022674577189, 14.79632927440895251 ) ) ;
#7578 = CARTESIAN_POINT ( 'NONE',  ( -210.4923274269617366, -190.4923827100038238, -6.075008215552068015E-13 ) ) ;
#7579 = CARTESIAN_POINT ( 'NONE',  ( -198.7298791107114653, 175.3280817073963078, 14.86195788713143706 ) ) ;
#7580 = CARTESIAN_POINT ( 'NONE',  ( -212.7670866019191465, 187.6953571927709277, 4.256666152906943168 ) ) ;
#7581 = CARTESIAN_POINT ( 'NONE',  ( -23.26238686448385096, 36.62198199753842687, 48.63404902273703811 ) ) ;
#7582 = CARTESIAN_POINT ( 'NONE',  ( 0.000000000000000000, -198.5000000000000284, 0.000000000000000000 ) ) ;
#7583 = PLANE ( 'NONE',  #4379 ) ;
#7584 = ORIENTED_EDGE ( 'NONE', *, *, #7451, .T. ) ;
#7585 = CARTESIAN_POINT ( 'NONE',  ( 215.8999999999998636, 183.5000000000000284, -1.398227080112046439 ) ) ;
#7586 = CARTESIAN_POINT ( 'NONE',  ( 213.2018270398243658, -189.0976678967872431, -9.771776172705226994E-05 ) ) ;
#7587 = CARTESIAN_POINT ( 'NONE',  ( 178.9262409033671304, -157.8644734696224532, 21.88632521744612802 ) ) ;
#7588 = CARTESIAN_POINT ( 'NONE',  ( -40.80008217378587432, 35.56373862292517884, 47.83211745792520020 ) ) ;
#7589 = EDGE_LOOP ( 'NONE', ( #892, #3772 ) ) ;
#7590 = CARTESIAN_POINT ( 'NONE',  ( 26.13270092407793399, -23.28365645522040239, 58.93389587689772213 ) ) ;
#7591 = CARTESIAN_POINT ( 'NONE',  ( 42.55185236246519764, 9.070676042958993435, 48.70617971555151371 ) ) ;
#7592 = CARTESIAN_POINT ( 'NONE',  ( -215.9000000000000341, 184.4162978572970246, -0.7499908772995507178 ) ) ;
#7593 = CARTESIAN_POINT ( 'NONE',  ( 210.5041728528884164, 185.8078519677435168, 8.822073771845035495 ) ) ;
#7594 = CARTESIAN_POINT ( 'NONE',  ( 211.5786762666532468, -189.9671015362461617, 0.03846062371016219228 ) ) ;
#7595 = CARTESIAN_POINT ( 'NONE',  ( 99.54395586323499856, -88.22683687187890200, 38.47806077607167197 ) ) ;
#7596 = CARTESIAN_POINT ( 'NONE',  ( -215.8963303372231337, -183.4999612110511293, 0.2392280201476527091 ) ) ;
#7597 = CARTESIAN_POINT ( 'NONE',  ( -34.80743159236003237, 192.1448330195357528, 0.000000000000000000 ) ) ;
#7598 = CARTESIAN_POINT ( 'NONE',  ( 214.6025513130954323, -184.9851414446118554, 4.046416062758877885 ) ) ;
#7599 = ADVANCED_FACE ( 'NONE', ( #2214 ), #5064, .F. ) ;
#7600 = CARTESIAN_POINT ( 'NONE',  ( -213.6941371940871761, 183.7527058669160738, 5.611125304975726813 ) ) ;
#7601 = CARTESIAN_POINT ( 'NONE',  ( -34.99988099358122895, 1.050526071875011347, 58.54592011390949580 ) ) ;
#7602 = CARTESIAN_POINT ( 'NONE',  ( -215.8999842237412849, 183.4999998220926614, 0.01561872853215691588 ) ) ;
#7603 = ADVANCED_FACE ( 'NONE', ( #6984 ), #1472, .T. ) ;
#7604 = CARTESIAN_POINT ( 'NONE',  ( 215.6718509790219116, -183.4947222127817668, 1.821702539858845782 ) ) ;
#7605 = CARTESIAN_POINT ( 'NONE',  ( 111.2458755023838677, -107.7695594332812590, 35.21051317466920239 ) ) ;
#7606 = CARTESIAN_POINT ( 'NONE',  ( 212.7146660267287359, -182.5691428907909994, 6.711736903117344610 ) ) ;
#7607 = CARTESIAN_POINT ( 'NONE',  ( -84.11863229580502832, 75.27483172932852540, 40.91560869179458848 ) ) ;
#7608 = ORIENTED_EDGE ( 'NONE', *, *, #5827, .T. ) ;
#7609 = CARTESIAN_POINT ( 'NONE',  ( -207.2957617848746850, 185.8840248884363859, 8.408378122861865478 ) ) ;
#7610 = CARTESIAN_POINT ( 'NONE',  ( -208.8875171423495942, 190.4670129872522750, 0.7250582656522990277 ) ) ;
#7611 = CARTESIAN_POINT ( 'NONE',  ( 131.6431059910407271, 117.6053455770343277, 32.53870676212400070 ) ) ;
#7612 = CARTESIAN_POINT ( 'NONE',  ( 214.4472702230292498, 187.4898280231943204, 1.573570932197414729 ) ) ;
#7613 = CARTESIAN_POINT ( 'NONE',  ( 46.81865046691275012, -41.50134305184625561, 46.86830567947613702 ) ) ;
#7614 = EDGE_LOOP ( 'NONE', ( #2882, #5399, #5136, #2094 ) ) ;
#7615 = DIRECTION ( 'NONE',  ( 0.000000000000000000, 1.000000000000000000, 0.000000000000000000 ) ) ;
#7616 = CARTESIAN_POINT ( 'NONE',  ( 203.8445254646125591, -181.0543304533892695, 11.84682906126788104 ) ) ;
#7617 = CARTESIAN_POINT ( 'NONE',  ( -210.7237836337704948, -190.4360625611964508, -2.168404344971008868E-14 ) ) ;
#7618 = ORIENTED_EDGE ( 'NONE', *, *, #1205, .T. ) ;
#7619 = CARTESIAN_POINT ( 'NONE',  ( -197.5318944532907608, 174.7661672940421340, 15.27036712282727571 ) ) ;
#7620 = CARTESIAN_POINT ( 'NONE',  ( -213.8757956910179132, 186.4623678904386850, 4.202960756108097939 ) ) ;
#7621 = DIRECTION ( 'NONE',  ( 0.000000000000000000, 0.000000000000000000, 1.000000000000000000 ) ) ;
#7622 = DIRECTION ( 'NONE',  ( 1.000000000000000000, 0.000000000000000000, 0.000000000000000000 ) ) ;
#7623 = CARTESIAN_POINT ( 'NONE',  ( 216.0726526074899994, -183.9726118168618711, 6.315430862294745282E-12 ) ) ;
#7624 = ORIENTED_EDGE ( 'NONE', *, *, #1061, .T. ) ;
#7625 = CARTESIAN_POINT ( 'NONE',  ( -215.8999999999999204, 150.0000000000000000, 50.00000000000000000 ) ) ;
#7626 = CARTESIAN_POINT ( 'NONE',  ( 215.3671567275789869, -186.1787840265556326, -0.1014346312125887634 ) ) ;
#7627 = CARTESIAN_POINT ( 'NONE',  ( 181.1759744376673495, -159.1145875383734563, 21.34837876416525404 ) ) ;
#7628 = CARTESIAN_POINT ( 'NONE',  ( -118.0312133768780285, 102.8088134642200515, 35.43533975736456654 ) ) ;
#7629 = VERTEX_POINT ( 'NONE', #7539 ) ;
#7630 = FACE_OUTER_BOUND ( 'NONE', #5687, .T. ) ;
#7631 = CARTESIAN_POINT ( 'NONE',  ( -217.3833151468643052, 185.7931259140455893, -0.000000000000000000 ) ) ;
#7632 = CARTESIAN_POINT ( 'NONE',  ( -211.5787840265556667, 189.9671567275789812, -0.3446432234953641371 ) ) ;
#7633 = CARTESIAN_POINT ( 'NONE',  ( 205.5669904688316194, 185.4679509478627324, 8.845631225950880250 ) ) ;
#7634 = CARTESIAN_POINT ( 'NONE',  ( 211.5783284167160048, -189.9669249619272478, 0.07882685685891616112 ) ) ;
#7635 = CARTESIAN_POINT ( 'NONE',  ( 114.3974412734889228, -101.8083808928677882, 35.85441194725770941 ) ) ;
#7636 = CARTESIAN_POINT ( 'NONE',  ( -208.8999813394682690, -190.4999551333232546, 0.02726460013588167391 ) ) ;
#7637 = CARTESIAN_POINT ( 'NONE',  ( 139.2296889064861887, 192.2351553059116327, 1.301042606982605321E-15 ) ) ;
#7638 = AXIS2_PLACEMENT_3D ( 'NONE', #5276, #7675, #4218 ) ;
#7639 = CARTESIAN_POINT ( 'NONE',  ( 209.4709809124754258, -189.8780834768561192, 3.160247269452813867 ) ) ;
#7640 = CARTESIAN_POINT ( 'NONE',  ( -211.7371314289265172, 186.7926449065445240, 5.971528369237663725 ) ) ;
#7641 = AXIS2_PLACEMENT_3D ( 'NONE', #3758, #7346, #3607 ) ;
#7642 = CARTESIAN_POINT ( 'NONE',  ( -34.06858490038440834, 8.285204082653859103, 58.60234948168612590 ) ) ;
#7643 = CARTESIAN_POINT ( 'NONE',  ( -208.8999987817337285, 190.4999970609306956, 0.006854937497331128719 ) ) ;
#7644 = CARTESIAN_POINT ( 'NONE',  ( 211.4552517301330568, -189.8847144204095230, 1.357630102726942400 ) ) ;
#7645 = CARTESIAN_POINT ( 'NONE',  ( -35.74982258076722275, -31.22996434598417537, 48.58918796317937705 ) ) ;
#7646 = EDGE_CURVE ( 'NONE', #6349, #6762, #936, .T. ) ;
#7647 = CARTESIAN_POINT ( 'NONE',  ( 211.2271083956006805, -185.4539282793884354, 7.192152435596204541 ) ) ;
#7648 = CARTESIAN_POINT ( 'NONE',  ( -84.55911474786616111, 74.78663274696675956, 40.98483034815261306 ) ) ;
#7649 = AXIS2_PLACEMENT_3D ( 'NONE', #1646, #4139, #5940 ) ;
#7650 = EDGE_CURVE ( 'NONE', #4852, #1217, #6752, .T. ) ;
#7651 = EDGE_LOOP ( 'NONE', ( #493, #2183, #2421, #1710, #5231 ) ) ;
#7652 = CARTESIAN_POINT ( 'NONE',  ( -209.2805081824750744, 180.4921075202205145, 9.604479202867851839 ) ) ;
#7653 = CARTESIAN_POINT ( 'NONE',  ( -214.9577184757787620, 187.0120261435754685, 0.9438567845157692648 ) ) ;
#7654 = CIRCLE ( 'NONE', #106, 2.000000000000000000 ) ;
#7655 = CARTESIAN_POINT ( 'NONE',  ( 92.74941342238435027, 80.71279788183917958, 39.74798539373296791 ) ) ;
#7656 = CARTESIAN_POINT ( 'NONE',  ( 210.8582336650629259, 192.0746376574903707, 0.000000000000000000 ) ) ;
#7657 = CARTESIAN_POINT ( 'NONE',  ( 31.77380205711576622, -28.13386004863145473, 49.15876454088398617 ) ) ;
#7658 = CARTESIAN_POINT ( 'NONE',  ( -34.80769689695264901, -190.2600137275005636, 1.331077920007269100 ) ) ;
#7659 = CARTESIAN_POINT ( 'NONE',  ( 206.6598595608504922, -179.7767006130484333, 11.24911223367121060 ) ) ;
#7660 = CARTESIAN_POINT ( 'NONE',  ( -216.0349071975753930, -188.6307342725160652, 0.000000000000000000 ) ) ;
#7661 = ORIENTED_EDGE ( 'NONE', *, *, #3662, .T. ) ;
#7662 = CARTESIAN_POINT ( 'NONE',  ( -195.8904591395770751, 172.8250306496591122, 16.08561904862242997 ) ) ;
#7663 = CARTESIAN_POINT ( 'NONE',  ( -215.8999999999976751, -190.4999999999954525, -0.2632554525752366370 ) ) ;
#7664 = CARTESIAN_POINT ( 'NONE',  ( -208.8155671812754690, 190.2445429080717645, 2.012593327442278035 ) ) ;
#7665 = DIRECTION ( 'NONE',  ( 0.000000000000000000, 1.000000000000000000, 0.000000000000000000 ) ) ;
#7666 = CARTESIAN_POINT ( 'NONE',  ( -225.8999999999999204, 150.0000000000000000, 50.00000000000000000 ) ) ;
#7667 = ORIENTED_EDGE ( 'NONE', *, *, #1817, .T. ) ;
#7668 = FACE_OUTER_BOUND ( 'NONE', #1589, .T. ) ;
#7669 = CARTESIAN_POINT ( 'NONE',  ( 213.8497474683057931, -188.4497474683058158, -0.06089986583223843536 ) ) ;
#7670 = CARTESIAN_POINT ( 'NONE',  ( 184.9645676755901320, -162.4169119371837837, 20.17280643160335529 ) ) ;
#7671 = CARTESIAN_POINT ( 'NONE',  ( 35.00000000000000711, 4.366641308594737436E-15, 58.54591266636803226 ) ) ;
#7672 = PRODUCT_DEFINITION_CONTEXT ( 'detailed design', #3840, 'design' ) ;
#7673 = CARTESIAN_POINT ( 'NONE',  ( -168.5594119428921545, 146.8161925768106357, 24.87892837940569635 ) ) ;
#7674 = CARTESIAN_POINT ( 'NONE',  ( 28.33711438493610402, 33.30220471081305789, 48.81714803038309469 ) ) ;
#7675 = DIRECTION ( 'NONE',  ( -1.000000000000000000, 0.000000000000000000, 0.000000000000000000 ) ) ;
#7676 = CARTESIAN_POINT ( 'NONE',  ( -209.8162978572970587, 190.5000000000000000, -0.3446432234953641371 ) ) ;
#7677 = CARTESIAN_POINT ( 'NONE',  ( 211.5052427424439543, 181.9105474839294914, 7.865165065744427864 ) ) ;
#7678 = CARTESIAN_POINT ( 'NONE',  ( 208.8999848088115527, -190.4999634595944542, 0.02470313069081256363 ) ) ;
#7679 = CARTESIAN_POINT ( 'NONE',  ( 147.9580552539417226, -132.1658993127034307, 29.16580368650441812 ) ) ;
#7680 = CARTESIAN_POINT ( 'NONE',  ( -215.6314770966589549, -190.3610608139109104, 2.050453402419056825 ) ) ;
#7681 = CARTESIAN_POINT ( 'NONE',  ( -208.8460604039522934, 190.3381654394181624, 1.603115278390395249 ) ) ;
#7682 = CARTESIAN_POINT ( 'NONE',  ( 210.2150881362078110, -189.6186970135019862, 3.450624348258521934 ) ) ;
#7683 = ORIENTED_EDGE ( 'NONE', *, *, #3698, .T. ) ;
#7684 = CARTESIAN_POINT ( 'NONE',  ( -211.0772691096870801, 187.1674654938660183, 6.140291819988786592 ) ) ;
#7685 = CARTESIAN_POINT ( 'NONE',  ( -33.01262735438957918, -28.90003035850325119, 48.99633025713274037 ) ) ;
#7686 = CARTESIAN_POINT ( 'NONE',  ( -215.8999727795155934, 184.4162959283002294, 0.01998174178730966269 ) ) ;
#7687 = CARTESIAN_POINT ( 'NONE',  ( 215.6484107771956928, -184.3904474995801195, 1.914563726538508703 ) ) ;
#7688 = CARTESIAN_POINT ( 'NONE',  ( -160.1067641629272487, -141.2717353392758923, 26.92883426509437328 ) ) ;
#7689 = CARTESIAN_POINT ( 'NONE',  ( 209.8948084650956503, -186.0199831155971140, 7.574746797140210042 ) ) ;
#7690 = CARTESIAN_POINT ( 'NONE',  ( -115.1614056773273518, 100.9534233569973622, 35.91682750351787945 ) ) ;
#7691 = EDGE_LOOP ( 'NONE', ( #2267, #6003, #7207, #631 ) ) ;
#7692 = CARTESIAN_POINT ( 'NONE',  ( -7.582822479719831144, -42.14093903473017377, 48.24244683876170825 ) ) ;
#7693 = CARTESIAN_POINT ( 'NONE',  ( -205.8432363872856854, 183.6149553770599994, 10.16388300308662984 ) ) ;
#7694 = CARTESIAN_POINT ( 'NONE',  ( -215.6283515326064162, 185.3203329532302064, 1.152847197592466344 ) ) ;
#7695 = CARTESIAN_POINT ( 'NONE',  ( 213.2650761403516242, -191.1465853415007246, 0.000000000000000000 ) ) ;
#7696 = CARTESIAN_POINT ( 'NONE',  ( -36.17001788102691506, -24.68539229890237863, 48.92000294406117433 ) ) ;
#7697 = CARTESIAN_POINT ( 'NONE',  ( 39.33370224786163050, -34.77495292776423241, 48.01834795095223996 ) ) ;
#7698 = DIRECTION ( 'NONE',  ( 1.000000000000000000, 0.000000000000000000, 0.000000000000000000 ) ) ;
#7699 = CARTESIAN_POINT ( 'NONE',  ( 202.9005691466320513, -180.1749365676998877, 12.41728648451064387 ) ) ;
#7700 = CARTESIAN_POINT ( 'NONE',  ( -211.8954228237213613, -189.6435102471173764, 1.580505480720051814 ) ) ;
#7701 = CARTESIAN_POINT ( 'NONE',  ( -198.9694078801768171, 173.0765606687142792, 15.16463547414617885 ) ) ;
#7702 = EDGE_CURVE ( 'NONE', #2853, #6475, #6103, .T. ) ;
#7703 = CARTESIAN_POINT ( 'NONE',  ( 20.89850207406311355, 28.40047618240208749, 49.99999999999998579 ) ) ;
#7704 = CARTESIAN_POINT ( 'NONE',  ( -215.0598502809705224, 184.2603403047874906, 3.484841772821548389 ) ) ;
#7705 = CARTESIAN_POINT ( 'NONE',  ( 16.95061517594587741, -30.62767259139926779, 58.40945421835095175 ) ) ;
#7706 = CARTESIAN_POINT ( 'NONE',  ( -216.0662222378198578, 60.69229502164686352, 3.661470572408897211E-09 ) ) ;
#7707 = CARTESIAN_POINT ( 'NONE',  ( 216.0720685486026582, -183.4968063905735107, 0.000000000000000000 ) ) ;
#7708 = VERTEX_POINT ( 'NONE', #5802 ) ;
#7709 = CARTESIAN_POINT ( 'NONE',  ( -214.6911480970476873, 187.1266948221671385, 1.573244882142429191 ) ) ;
#7710 = CARTESIAN_POINT ( 'NONE',  ( 212.4253328625962638, -189.6165047184798027, -0.02036510045189748180 ) ) ;
#7711 = ADVANCED_FACE ( 'NONE', ( #2719, #319 ), #2136, .F. ) ;
#7712 = CARTESIAN_POINT ( 'NONE',  ( 183.2524568777491538, -160.5525618695692742, 20.75665253110043551 ) ) ;
#7713 = CARTESIAN_POINT ( 'NONE',  ( -164.1395590153508692, 142.9929253352369756, 25.98790761059288101 ) ) ;
#7714 = CARTESIAN_POINT ( 'NONE',  ( -156.0310387145102879, 138.2440448970694717, 27.62730428852336217 ) ) ;
#7715 = CARTESIAN_POINT ( 'NONE',  ( -11.98297505653513007, 32.97485160880714261, 58.17525656837356252 ) ) ;
#7716 = CARTESIAN_POINT ( 'NONE',  ( 28.99363715871185931, 19.63350026356131650, 58.84291427125410223 ) ) ;
#7717 = CARTESIAN_POINT ( 'NONE',  ( -214.4976678967873056, 187.8018270398243885, -0.7499908772995507178 ) ) ;
#7718 = CARTESIAN_POINT ( 'NONE',  ( 215.2698892416525780, 190.1109795469894834, 3.162337128176846424 ) ) ;
#7719 = CARTESIAN_POINT ( 'NONE',  ( 215.0142834184935907, -187.0248409250297073, 0.1783029615559114656 ) ) ;
#7720 = CARTESIAN_POINT ( 'NONE',  ( 121.9204913197605578, -108.4888076921937596, 34.46482354249670266 ) ) ;
#7721 = CARTESIAN_POINT ( 'NONE',  ( -215.8940724826397570, -190.4973574804585041, 0.3123172410100159002 ) ) ;
#7722 = CARTESIAN_POINT ( 'NONE',  ( 33.01262735031735929, -28.90003036334087128, 48.99633025722243929 ) ) ;
#7723 = ORIENTED_EDGE ( 'NONE', *, *, #6304, .T. ) ;
#7724 = CARTESIAN_POINT ( 'NONE',  ( -26.41788385323968313, -22.95855859405681443, 58.93158553432861169 ) ) ;
#7725 = CARTESIAN_POINT ( 'NONE',  ( -215.8998774582293834, 184.4162892086481520, 0.04239356755797472898 ) ) ;
#7726 = CARTESIAN_POINT ( 'NONE',  ( 212.2488842829995690, -189.5115710823287429, 1.621404665214466245 ) ) ;
#7727 = FACE_OUTER_BOUND ( 'NONE', #2231, .T. ) ;
#7728 = CARTESIAN_POINT ( 'NONE',  ( 209.6909107245158168, -186.7303341554667782, 7.140162028530769867 ) ) ;
#7729 = CARTESIAN_POINT ( 'NONE',  ( -107.9066963864072193, 93.95820962733289150, 37.20371409733566992 ) ) ;
#7730 = ORIENTED_EDGE ( 'NONE', *, *, #6783, .F. ) ;
#7731 = CARTESIAN_POINT ( 'NONE',  ( 14.96320340443877051, -40.41804060868310700, 48.38186921937779772 ) ) ;
#7732 = CARTESIAN_POINT ( 'NONE',  ( -206.7699543648576253, 181.7461023174411991, 10.76402967467730853 ) ) ;
#7733 = CARTESIAN_POINT ( 'NONE',  ( -212.3679048548048058, 189.5897866468440043, 0.8842638849630520825 ) ) ;
#7734 = CARTESIAN_POINT ( 'NONE',  ( 32.86089631614397177, 29.07146715823835947, 48.99739629561813103 ) ) ;
#7735 = CARTESIAN_POINT ( 'NONE',  ( -42.27804904607166492, -10.33306884307537210, 48.71746403770505651 ) ) ;
#7736 = CARTESIAN_POINT ( 'NONE',  ( 35.74984334625298743, -31.22998202485929653, 48.58918487443730072 ) ) ;
#7737 = CARTESIAN_POINT ( 'NONE',  ( 0.000000000000000000, 0.000000000000000000, 127.0000000000000568 ) ) ;
#7738 = CARTESIAN_POINT ( 'NONE',  ( 206.5868046111474712, -180.9441386878405353, 11.05850989165403853 ) ) ;
#7739 = CARTESIAN_POINT ( 'NONE',  ( -215.8999999999999204, 190.5000000000000853, 70.00000000000000000 ) ) ;
#7740 = CARTESIAN_POINT ( 'NONE',  ( -0.0001534302667112810714, 35.26982332185706071, 49.99999999999999289 ) ) ;
#7741 = CARTESIAN_POINT ( 'NONE',  ( -215.2957318808187495, 184.3219631127525702, 2.962678786652094498 ) ) ;
#7742 = CARTESIAN_POINT ( 'NONE',  ( 39.81859075332964437, -17.82592132889530134, 48.80898851805409322 ) ) ;
#7743 = DIRECTION ( 'NONE',  ( 1.000000000000000000, -0.000000000000000000, -0.000000000000000000 ) ) ;
#7744 = CARTESIAN_POINT ( 'NONE',  ( -215.1058952054813176, 187.1047108874569176, 1.533727735483514890E-12 ) ) ;
#7745 = CARTESIAN_POINT ( 'NONE',  ( 209.8162978572969450, -190.4999999999999716, -0.3446432234946718021 ) ) ;
#7746 = CARTESIAN_POINT ( 'NONE',  ( 32.78265958801134161, 29.15505984842926779, 48.99405119429582101 ) ) ;
#7747 = CARTESIAN_POINT ( 'NONE',  ( 186.6628363309354199, -164.2916542551563168, 19.57330695984419577 ) ) ;
#7748 = ADVANCED_FACE ( 'NONE', ( #3436 ), #3957, .F. ) ;
#7749 = CARTESIAN_POINT ( 'NONE',  ( -203.6313134007250198, 183.3452276010172568, 10.52725785983590789 ) ) ;
#7750 = CARTESIAN_POINT ( 'NONE',  ( -167.4665406244477310, 148.0735226549233801, 24.93930832820547749 ) ) ;
#7751 = ADVANCED_FACE ( 'NONE', ( #6391 ), #6848, .T. ) ;
#7752 = CARTESIAN_POINT ( 'NONE',  ( -6.067460356254012588, 34.47554612147127528, 57.99566317541358984 ) ) ;
#7753 = CARTESIAN_POINT ( 'NONE',  ( -211.1253317932561799, 192.0084761373015567, 0.000000000000000000 ) ) ;
#7754 = CARTESIAN_POINT ( 'NONE',  ( -215.9000000000000909, 184.4162978572970246, -0.1825041619736932907 ) ) ;
#7755 = CARTESIAN_POINT ( 'NONE',  ( 208.8999554131498826, 190.4998930745755672, 0.04258666502896511080 ) ) ;
#7756 = CARTESIAN_POINT ( 'NONE',  ( 210.7322250680740012, -190.3178023011973039, 0.01150011813866698603 ) ) ;
#7757 = CARTESIAN_POINT ( 'NONE',  ( 144.4767274738252070, -128.5322830023474410, 30.03661655099275052 ) ) ;
#7758 = CARTESIAN_POINT ( 'NONE',  ( -215.8766297845561155, -183.4997590673347077, 0.5941306183042714961 ) ) ;
#7759 = DIRECTION ( 'NONE',  ( 1.000000000000000000, 0.000000000000000000, 0.000000000000000000 ) ) ;
#7760 = CARTESIAN_POINT ( 'NONE',  ( 211.1671471587160909, 181.7123256833069433, 8.161044738172915203 ) ) ;
#7761 = CARTESIAN_POINT ( 'NONE',  ( -214.4975918129947274, 187.8018060186021785, 0.03354170251838967109 ) ) ;
#7762 = CARTESIAN_POINT ( 'NONE',  ( 214.8404767552898988, -186.9776856009798394, 1.603777643657164909 ) ) ;
#7763 = CARTESIAN_POINT ( 'NONE',  ( -172.3580055703527023, -150.1004001435356656, 23.91782544047968528 ) ) ;
#7764 = CARTESIAN_POINT ( 'NONE',  ( 210.1780753100602510, -186.2924852066772985, 7.258201834843978517 ) ) ;
#7765 = CARTESIAN_POINT ( 'NONE',  ( -92.65796513853226202, 80.81895619778731543, 39.75911846705255215 ) ) ;
#7766 = VECTOR ( 'NONE', #1908, 1000.000000000000000 ) ;
#7767 = ORIENTED_EDGE ( 'NONE', *, *, #954, .T. ) ;
#7768 = CARTESIAN_POINT ( 'NONE',  ( -210.1182819327728737, 181.6796353136776645, 9.003105660337702432 ) ) ;
#7769 = CARTESIAN_POINT ( 'NONE',  ( -215.2784519575039042, 186.1624701138499631, 1.143817232980181897 ) ) ;
#7770 = CARTESIAN_POINT ( 'NONE',  ( 32.78265958801155477, 29.15505984842956622, 48.99405119429574995 ) ) ;
#7771 = CARTESIAN_POINT ( 'NONE',  ( 108.8227463879211427, -97.27934254211103848, 36.74566100170136451 ) ) ;
#7772 = CARTESIAN_POINT ( 'NONE',  ( 62.20683622340629171, -54.48164198412165860, 44.56141676537049534 ) ) ;
#7773 = VECTOR ( 'NONE', #1967, 1000.000000000000000 ) ;
#7774 = CARTESIAN_POINT ( 'NONE',  ( 215.8999999999999204, 200.5000000000000568, 85.00000000000000000 ) ) ;
#7775 = CARTESIAN_POINT ( 'NONE',  ( 204.6337206424574049, -178.1865693844692942, 12.41017853605293375 ) ) ;
#7776 = CARTESIAN_POINT ( 'NONE',  ( -26.27410676016233637, 23.12265571450821611, 50.00225945979741482 ) ) ;
#7777 = ORIENTED_EDGE ( 'NONE', *, *, #4002, .T. ) ;
#7778 = CARTESIAN_POINT ( 'NONE',  ( -6.829367822917361330, -34.33320738250809256, 50.00864261629835994 ) ) ;
#7779 = CARTESIAN_POINT ( 'NONE',  ( -116.9458333333334537, 190.5000000000001137, 0.000000000000000000 ) ) ;
#7780 = VECTOR ( 'NONE', #1988, 1000.000000000000000 ) ;
#7781 = B_SPLINE_CURVE_WITH_KNOTS ( 'NONE', 3,
 ( #1325, #4995, #2577, #3728, #4885, #5579, #1994, #1878, #3766, #3690, #4959, #2429, #3807, #6679, #4923, #6644, #3060, #2506, #5506, #4411, #5466, #6209, #6171, #4253, #767, #2467, #109, #7239, #3021, #3176, #31, #7319, #7280, #1917, #4295, #4332, #7355, #3140, #1954, #4369, #5544, #147, #4564, #368, #290, #256 ),
 .UNSPECIFIED., .F., .F.,
 ( 4, 2, 2, 2, 2, 2, 2, 2, 2, 2, 2, 2, 2, 2, 2, 2, 2, 2, 2, 2, 2, 2, 4 ),
 ( 0.008851136640282131901, 0.02432403607346972016, 0.03979693550665730495, 0.07074273437303248147, 0.1016885332394076857, 0.1326343321057829039, 0.1635801309721581220, 0.1790530304053457034, 0.1945259298385333402, 0.2099988292717209493, 0.2177352789883147122, 0.2254717287049085028, 0.2332081784215022657, 0.2370764032797991749, 0.2409446281380960286, 0.2448128529963929378, 0.2467469654255414202, 0.2486810778546899026, 0.2506151902838383294, 0.2525493027129868118, 0.2544834151421352941, 0.2554504713567095631, 0.2564175275712837765 ),
 .UNSPECIFIED. ) ;
#7782 = CARTESIAN_POINT ( 'NONE',  ( -214.9051300840477268, 185.1081149362545659, 3.459946876782802772 ) ) ;
#7783 = CARTESIAN_POINT ( 'NONE',  ( 38.80961837231946276, 20.18651732465413673, 48.84392265859365523 ) ) ;
#7784 = CARTESIAN_POINT ( 'NONE',  ( 215.3293428947415578, -186.6892712781939281, 1.483067313403618810E-12 ) ) ;
#7785 = CARTESIAN_POINT ( 'NONE',  ( 215.7178087366781654, -185.3322351905149503, -0.2635736927339806246 ) ) ;
#7786 = CARTESIAN_POINT ( 'NONE',  ( 185.7012313667972307, -161.5322236458421514, 20.03982083028510530 ) ) ;
#7787 = DIRECTION ( 'NONE',  ( 0.000000000000000000, 0.000000000000000000, 1.000000000000000000 ) ) ;
#7788 = VECTOR ( 'NONE', #7793, 1000.000000000000000 ) ;
#7789 = CARTESIAN_POINT ( 'NONE',  ( -174.9873471174758777, 154.7321102422957324, 22.97354445399444955 ) ) ;
#7790 = EDGE_CURVE ( 'NONE', #2771, #7400, #5475, .T. ) ;
#7791 = CARTESIAN_POINT ( 'NONE',  ( -3.028246287223426148, 42.64842073066893136, 48.19922414992645088 ) ) ;
#7792 = CARTESIAN_POINT ( 'NONE',  ( -211.9554597973890395, 191.7448700568970708, 0.000000000000000000 ) ) ;
#7793 = DIRECTION ( 'NONE',  ( -1.000000000000000000, 0.000000000000000000, 0.000000000000000000 ) ) ;
#7794 = CARTESIAN_POINT ( 'NONE',  ( 215.8905220793467663, 190.4957899007512196, 0.3902611400978500678 ) ) ;
ENDSEC;
END-ISO-10303-21;
